#
# A fatal error has been detected by the Java Runtime Environment:
#
#  SIGSEGV (0xb) at pc=0x0000560f50f6d990, pid=333337, tid=333337
#
# JRE version: OpenJDK Runtime Environment (11.0.31+11) (build 11.0.31+11-post-1ubuntu1-22.04.2-Ubuntu)
# Java VM: OpenJDK 64-Bit Server VM (11.0.31+11-post-1ubuntu1-22.04.2-Ubuntu, mixed mode, sharing, tiered, compressed oops, g1 gc, linux-amd64)
# Problematic frame:
# C  0x0000560f50f6d990
#
# Core dump will be written. Default location: Core dumps may be processed with "/usr/share/apport/apport -p%p -s%s -c%c -d%d -P%P -u%u -g%g -F%F -- %E" (or dumping to /home/ubuntu/dev/workspace/koarf/ch04/core.333337)
#
# If you would like to submit a bug report, please visit:
#   https://bugs.launchpad.net/ubuntu/+source/openjdk-lts
# The crash happened outside the Java Virtual Machine in native code.
# See problematic frame for where to report the bug.
#

---------------  S U M M A R Y ------------

Command Line: -Dfile.encoding=UTF8 -ea -Xmx2048m 

Host: Intel(R) Core(TM) i7-6500U CPU @ 2.50GHz, 4 cores, 7G, Ubuntu 22.04.5 LTS
Time: Thu Aug  6 11:42:58 2026 KST elapsed time: 21.317295 seconds (0d 0h 0m 21s)

---------------  T H R E A D  ---------------

Current thread (0x0000560f57692800):  JavaThread "main" [_thread_in_native, id=333337, stack(0x00007fffc370d000,0x00007fffc380d000)]

Stack: [0x00007fffc370d000,0x00007fffc380d000],  sp=0x00007fffc38092b8,  free space=1008k
Native frames: (J=compiled Java code, A=aot compiled Java code, j=interpreted, Vv=VM code, C=native code)
C  0x0000560f50f6d990


siginfo: si_signo: 11 (SIGSEGV), si_code: 2 (SEGV_ACCERR), si_addr: 0x0000560f50f6d990

Register to memory mapping:

RAX=0x0000560f50f6d990 points into unknown readable memory: 0x0000000000000040 | 40 00 00 00 00 00 00 00
RBX=0x00007fbf0e2e7da0 points into unknown readable memory: 0x00007fbf2dd5bb90 | 90 bb d5 2d bf 7f 00 00
RCX=0x000000000000000f is an unknown value
RDX=0x0000560f4b8533c0 points into unknown readable memory: 0x0000000000000000 | 00 00 00 00 00 00 00 00
RSP=0x00007fffc38092b8 is pointing into the stack for thread: 0x0000560f57692800
RBP=0x0000560f4b86f4e0 points into unknown readable memory: 0x0000560f5acdcdb0 | b0 cd cd 5a 0f 56 00 00
RSI=0x00007fbf2dd5bb90 points into unknown readable memory: 0x0000000000000003 | 03 00 00 00 00 00 00 00
RDI=0x00007fbfdeb6b470 points into unknown readable memory: 0x0000000000000144 | 44 01 00 00 00 00 00 00
R8 =0x0000560f21e61ae0: _PyRuntime+0x0000000000000000 in python3 at 0x0000560f218bd000
R9 =0x0000560f21a029e6: _PyEval_EvalFrameDefault+0x0000000000000836 in python3 at 0x0000560f218bd000
R10=0x0000000000000030 is an unknown value
R11=0x00007fbf0e2e7d98 points into unknown readable memory: 0x00007fbfdeb6b5b0 | b0 b5 b6 de bf 7f 00 00
R12=0x00007fbfdeb6b5b0 points into unknown readable memory: 0x0000000000000003 | 03 00 00 00 00 00 00 00
R13=0x00007fbf9b74971a points into unknown readable memory: 01 00 7c 00 6a 03
R14=0x00007fbf9b749710 points into unknown readable memory: 0x016402a0016a0074 | 74 00 6a 01 a0 02 64 01
R15=0x00007fbf0e2e7da8 points into unknown readable memory: 0x00007fbe249589c0 | c0 89 95 24 be 7f 00 00


Registers:
RAX=0x0000560f50f6d990, RBX=0x00007fbf0e2e7da0, RCX=0x000000000000000f, RDX=0x0000560f4b8533c0
RSP=0x00007fffc38092b8, RBP=0x0000560f4b86f4e0, RSI=0x00007fbf2dd5bb90, RDI=0x00007fbfdeb6b470
R8 =0x0000560f21e61ae0, R9 =0x0000560f21a029e6, R10=0x0000000000000030, R11=0x00007fbf0e2e7d98
R12=0x00007fbfdeb6b5b0, R13=0x00007fbf9b74971a, R14=0x00007fbf9b749710, R15=0x00007fbf0e2e7da8
RIP=0x0000560f50f6d990, EFLAGS=0x0000000000010246, CSGSFS=0x002b000000000033, ERR=0x0000000000000015
  TRAPNO=0x000000000000000e

Top of Stack: (sp=0x00007fffc38092b8)
0x00007fffc38092b8:   0000560f21a19664 0000560f4b86f4e0
0x00007fffc38092c8:   00007fbfdeb6b470 00007fbf0e2e7c10
0x00007fffc38092d8:   0000560f4b86f4e0 00007fbfdeb6b5b0
0x00007fffc38092e8:   0000560f21a08602 00007fbebe7bb450 

Instructions: (pc=0x0000560f50f6d990)
0x0000560f50f6d890:   2a 20 78 20 2a 20 28 54 28 31 2e 30 29 20 2f 20
0x0000560f50f6d8a0:   54 28 31 32 30 2e 30 29 20 2b 20 78 20 2a 20 78
0x0000560f50f6d8b0:   20 2a 20 28 54 28 2d 31 2e 30 29 20 2f 20 54 28
0x0000560f50f6d8c0:   35 30 34 30 2e 30 29 20 2b 20 78 20 2a 20 78 20
0x0000560f50f6d8d0:   2a 20 28 54 28 31 2e 30 29 20 2f 20 54 28 33 36
0x0000560f50f6d8e0:   32 38 38 30 2e 30 29 20 2b 20 78 20 2a 20 78 20
0x0000560f50f6d8f0:   2a 20 28 54 28 2d 31 2e 30 29 20 2f 20 54 28 33
0x0000560f50f6d900:   39 39 31 36 38 30 30 2e 30 29 20 2b 20 78 20 2a
0x0000560f50f6d910:   20 78 20 2a 20 28 54 28 31 2e 30 29 20 2f 20 54
0x0000560f50f6d920:   28 36 32 32 37 30 32 30 38 30 30 2e 30 29 29 29
0x0000560f50f6d930:   29 29 29 29 3b 20 7d 20 72 65 74 75 72 6e 20 73
0x0000560f50f6d940:   69 6e 28 78 29 20 2f 20 78 3b 20 7d 00 29 29 20
0x0000560f50f6d950:   00 1d 00 00 00 00 00 00 40 00 00 00 00 00 00 00
0x0000560f50f6d960:   00 00 00 00 00 00 00 00 00 1f fa 31 bf 7f 00 00
0x0000560f50f6d970:   80 53 f7 50 0f 56 00 00 03 61 2c 9e 2f 20 73 71
0x0000560f50f6d980:   72 74 28 78 29 3b 20 7d 00 00 00 00 00 00 00 00
0x0000560f50f6d990:   40 00 00 00 00 00 00 00 d1 40 00 00 00 00 00 00
0x0000560f50f6d9a0:   10 1e 6a 51 0f 56 00 00 b0 3f dc 4f 0f 56 00 00
0x0000560f50f6d9b0:   10 1e 6a 51 0f 56 00 00 b0 3f dc 4f 0f 56 00 00
0x0000560f50f6d9c0:   5f 66 6f 72 77 61 72 64 28 54 20 78 29 20 7b 20
0x0000560f50f6d9d0:   73 74 61 74 69 63 20 63 6f 6e 73 74 20 54 20 50
0x0000560f50f6d9e0:   50 5b 5d 20 3d 20 7b 20 2b 37 2e 36 32 31 32 35
0x0000560f50f6d9f0:   36 31 36 32 30 38 31 37 33 31 31 32 30 30 33 65
0x0000560f50f6da00:   2d 30 34 2c 20 2b 37 2e 33 31 33 39 37 30 35 36
0x0000560f50f6da10:   39 34 30 39 31 37 35 37 30 34 33 36 65 2d 30 32
0x0000560f50f6da20:   2c 20 2b 31 2e 31 32 37 31 39 36 30 38 31 32 39
0x0000560f50f6da30:   36 38 34 39 32 35 31 39 32 65 2b 30 30 2c 20 2b
0x0000560f50f6da40:   35 2e 31 31 32 30 37 39 35 31 31 34 36 38 30 37
0x0000560f50f6da50:   36 34 34 38 31 38 65 2b 30 30 2c 20 2b 38 2e 34
0x0000560f50f6da60:   32 34 30 34 35 39 30 31 34 31 37 37 32 34 32 30
0x0000560f50f6da70:   39 32 37 65 2b 30 30 2c 20 2b 35 2e 32 31 34 35
0x0000560f50f6da80:   31 35 39 38 36 38 32 33 36 31 35 30 34 30 36 33 


Stack slot to memory mapping:
stack at sp + 0 slots: 0x0000560f21a19664: <offset 0x000000000015c664> in python3 at 0x0000560f218bd000
stack at sp + 1 slots: 0x0000560f4b86f4e0 points into unknown readable memory: 0x0000560f5acdcdb0 | b0 cd cd 5a 0f 56 00 00
stack at sp + 2 slots: 0x00007fbfdeb6b470 points into unknown readable memory: 0x0000000000000144 | 44 01 00 00 00 00 00 00
stack at sp + 3 slots: 0x00007fbf0e2e7c10 points into unknown readable memory: 0x0000000000000001 | 01 00 00 00 00 00 00 00
stack at sp + 4 slots: 0x0000560f4b86f4e0 points into unknown readable memory: 0x0000560f5acdcdb0 | b0 cd cd 5a 0f 56 00 00
stack at sp + 5 slots: 0x00007fbfdeb6b5b0 points into unknown readable memory: 0x0000000000000003 | 03 00 00 00 00 00 00 00
stack at sp + 6 slots: 0x0000560f21a08602: _PyEval_EvalFrameDefault+0x0000000000006452 in python3 at 0x0000560f218bd000
stack at sp + 7 slots: 0x00007fbebe7bb450 points into unknown readable memory: 0x0000000000000001 | 01 00 00 00 00 00 00 00


---------------  P R O C E S S  ---------------

Threads class SMR info:
_java_thread_list=0x0000560f575d2920, length=11, elements={
0x0000560f57692800, 0x0000560f580c6000, 0x0000560f580c8800, 0x0000560f580cc800,
0x0000560f580ce800, 0x0000560f580d1000, 0x0000560f580d3800, 0x0000560f580d5800,
0x0000560f58127000, 0x00007fbe70001800, 0x00007fbe14017800
}

Java Threads: ( => current thread )
=>0x0000560f57692800 JavaThread "main" [_thread_in_native, id=333337, stack(0x00007fffc370d000,0x00007fffc380d000)]
  0x0000560f580c6000 JavaThread "Reference Handler" daemon [_thread_blocked, id=334685, stack(0x00007fbeb89b3000,0x00007fbeb8ab3000)]
  0x0000560f580c8800 JavaThread "Finalizer" daemon [_thread_blocked, id=334686, stack(0x00007fbeb88b3000,0x00007fbeb89b3000)]
  0x0000560f580cc800 JavaThread "Signal Dispatcher" daemon [_thread_blocked, id=334687, stack(0x00007fbeb87b3000,0x00007fbeb88b3000)]
  0x0000560f580ce800 JavaThread "Service Thread" daemon [_thread_blocked, id=334688, stack(0x00007fbeb86b3000,0x00007fbeb87b3000)]
  0x0000560f580d1000 JavaThread "C2 CompilerThread0" daemon [_thread_blocked, id=334689, stack(0x00007fbeb85b3000,0x00007fbeb86b3000)]
  0x0000560f580d3800 JavaThread "C1 CompilerThread0" daemon [_thread_blocked, id=334690, stack(0x00007fbeb84b3000,0x00007fbeb85b3000)]
  0x0000560f580d5800 JavaThread "Sweeper thread" daemon [_thread_blocked, id=334691, stack(0x00007fbeb83b3000,0x00007fbeb84b3000)]
  0x0000560f58127000 JavaThread "Common-Cleaner" daemon [_thread_blocked, id=334693, stack(0x00007fbeb81b2000,0x00007fbeb82b2000)]
  0x00007fbe70001800 JavaThread "SIGTERM handler" daemon [_thread_blocked, id=334838, stack(0x00007fbe985a2000,0x00007fbe986a2000)]
  0x00007fbe14017800 JavaThread "Thread-0" [_thread_blocked, id=334839, stack(0x00007fbe20ef7000,0x00007fbe20ff7000)]

Other Threads:
  0x0000560f580c3000 VMThread "VM Thread" [stack: 0x00007fbeb8ab4000,0x00007fbeb8bb4000] [id=334684]
  0x0000560f576a7800 GCTaskThread "GC Thread#0" [stack: 0x00007fbeba3fe000,0x00007fbeba4fe000] [id=334679]
  0x00007fbe84001800 GCTaskThread "GC Thread#1" [stack: 0x00007fbe986a3000,0x00007fbe987a3000] [id=334701]
  0x0000560f57ad9000 ConcurrentGCThread "G1 Main Marker" [stack: 0x00007fbeb96b8000,0x00007fbeb97b8000] [id=334680]
  0x0000560f57ada800 ConcurrentGCThread "G1 Conc#0" [stack: 0x00007fbeb95b7000,0x00007fbeb96b7000] [id=334681]
  0x0000560f57f50800 ConcurrentGCThread "G1 Refine#0" [stack: 0x00007fbeb94b6000,0x00007fbeb95b6000] [id=334682]
  0x0000560f57f52800 ConcurrentGCThread "G1 Young RemSet Sampling" [stack: 0x00007fbeb93b5000,0x00007fbeb94b5000] [id=334683]

Threads with active compile tasks:

VM state:at safepoint (shutting down)

VM Mutex/Monitor currently owned by a thread:  ([mutex/lock_event])
[0x0000560f57690570] Threads_lock - owner thread: 0x0000560f580c3000

Heap address: 0x0000000080000000, size: 2048 MB, Compressed Oops mode: 32-bit
Narrow klass base: 0x0000000800000000, Narrow klass shift: 3
Compressed class space size: 1073741824 Address: 0x0000000840000000

Heap:
 garbage-first heap   total 27648K, used 6081K [0x0000000080000000, 0x0000000100000000)
  region size 1024K, 1 young (1024K), 0 survivors (0K)
 Metaspace       used 2831K, capacity 5077K, committed 5248K, reserved 1056768K
  class space    used 264K, capacity 519K, committed 640K, reserved 1048576K
Heap Regions: E=young(eden), S=young(survivor), O=old, HS=humongous(starts), HC=humongous(continues), CS=collection set, F=free, A=archive, TAMS=top-at-mark-start (previous, next)
|   0|0x0000000080000000, 0x0000000080100000, 0x0000000080100000|100%| O|  |TAMS 0x0000000080000000, 0x0000000080000000| Untracked 
|   1|0x0000000080100000, 0x00000000801ffff0, 0x0000000080200000| 99%| O|  |TAMS 0x0000000080100000, 0x0000000080100000| Untracked 
|   2|0x0000000080200000, 0x0000000080300000, 0x0000000080300000|100%| O|  |TAMS 0x0000000080200000, 0x0000000080200000| Untracked 
|   3|0x0000000080300000, 0x0000000080400000, 0x0000000080400000|100%| O|  |TAMS 0x0000000080300000, 0x0000000080300000| Untracked 
|   4|0x0000000080400000, 0x00000000804fffd8, 0x0000000080500000| 99%| O|  |TAMS 0x0000000080400000, 0x0000000080400000| Untracked 
|   5|0x0000000080500000, 0x000000008053c5c8, 0x0000000080600000| 23%| O|  |TAMS 0x0000000080500000, 0x0000000080500000| Untracked 
|   6|0x0000000080600000, 0x0000000080600000, 0x0000000080700000|  0%| F|  |TAMS 0x0000000080600000, 0x0000000080600000| Untracked 
|   7|0x0000000080700000, 0x0000000080700000, 0x0000000080800000|  0%| F|  |TAMS 0x0000000080700000, 0x0000000080700000| Untracked 
|   8|0x0000000080800000, 0x0000000080800000, 0x0000000080900000|  0%| F|  |TAMS 0x0000000080800000, 0x0000000080800000| Untracked 
|   9|0x0000000080900000, 0x0000000080900000, 0x0000000080a00000|  0%| F|  |TAMS 0x0000000080900000, 0x0000000080900000| Untracked 
|  10|0x0000000080a00000, 0x0000000080a00000, 0x0000000080b00000|  0%| F|  |TAMS 0x0000000080a00000, 0x0000000080a00000| Untracked 
|  11|0x0000000080b00000, 0x0000000080b00000, 0x0000000080c00000|  0%| F|  |TAMS 0x0000000080b00000, 0x0000000080b00000| Untracked 
|  12|0x0000000080c00000, 0x0000000080c00000, 0x0000000080d00000|  0%| F|  |TAMS 0x0000000080c00000, 0x0000000080c00000| Untracked 
|  13|0x0000000080d00000, 0x0000000080d00000, 0x0000000080e00000|  0%| F|  |TAMS 0x0000000080d00000, 0x0000000080d00000| Untracked 
|  14|0x0000000080e00000, 0x0000000080e00000, 0x0000000080f00000|  0%| F|  |TAMS 0x0000000080e00000, 0x0000000080e00000| Untracked 
|  15|0x0000000080f00000, 0x0000000080f00000, 0x0000000081000000|  0%| F|  |TAMS 0x0000000080f00000, 0x0000000080f00000| Untracked 
|  16|0x0000000081000000, 0x0000000081000000, 0x0000000081100000|  0%| F|  |TAMS 0x0000000081000000, 0x0000000081000000| Untracked 
|  17|0x0000000081100000, 0x0000000081100000, 0x0000000081200000|  0%| F|  |TAMS 0x0000000081100000, 0x0000000081100000| Untracked 
|  18|0x0000000081200000, 0x0000000081200000, 0x0000000081300000|  0%| F|  |TAMS 0x0000000081200000, 0x0000000081200000| Untracked 
|  19|0x0000000081300000, 0x0000000081300000, 0x0000000081400000|  0%| F|  |TAMS 0x0000000081300000, 0x0000000081300000| Untracked 
|  20|0x0000000081400000, 0x0000000081400000, 0x0000000081500000|  0%| F|  |TAMS 0x0000000081400000, 0x0000000081400000| Untracked 
|  21|0x0000000081500000, 0x0000000081500000, 0x0000000081600000|  0%| F|  |TAMS 0x0000000081500000, 0x0000000081500000| Untracked 
|  22|0x0000000081600000, 0x0000000081600000, 0x0000000081700000|  0%| F|  |TAMS 0x0000000081600000, 0x0000000081600000| Untracked 
|  23|0x0000000081700000, 0x0000000081700000, 0x0000000081800000|  0%| F|  |TAMS 0x0000000081700000, 0x0000000081700000| Untracked 
|  24|0x0000000081800000, 0x0000000081873258, 0x0000000081900000| 44%| E|  |TAMS 0x0000000081800000, 0x0000000081800000| Complete 
|2046|0x00000000ffe00000, 0x00000000ffe48000, 0x00000000fff00000| 28%|OA|  |TAMS 0x00000000ffe00000, 0x00000000ffe00000| Untracked 
|2047|0x00000000fff00000, 0x00000000fff6c000, 0x0000000100000000| 42%|CA|  |TAMS 0x00000000fff00000, 0x00000000fff00000| Untracked 

Card table byte_map: [0x00007fbeb9bfd000,0x00007fbeb9ffd000] _byte_map_base: 0x00007fbeb97fd000

Marking Bits (Prev, Next): (CMBitMap*) 0x0000560f57acff28, (CMBitMap*) 0x0000560f57acff60
 Prev Bits: [0x00007fbe9a7a3000, 0x00007fbe9c7a3000)
 Next Bits: [0x00007fbe987a3000, 0x00007fbe9a7a3000)

Polling page: 0x00007fbfefe46000

Metaspace:

Usage:
  Non-class:      4.45 MB capacity,     2.51 MB ( 56%) used,     1.93 MB ( 43%) free+waste,    11.31 KB ( <1%) overhead. 
      Class:    519.00 KB capacity,   264.27 KB ( 51%) used,   248.60 KB ( 48%) free+waste,     6.12 KB (  1%) overhead. 
       Both:      4.96 MB capacity,     2.77 MB ( 56%) used,     2.18 MB ( 44%) free+waste,    17.44 KB ( <1%) overhead. 

Virtual space:
  Non-class space:        8.00 MB reserved,       4.50 MB ( 56%) committed 
      Class space:        1.00 GB reserved,     640.00 KB ( <1%) committed 
             Both:        1.01 GB reserved,       5.12 MB ( <1%) committed 

Chunk freelists:
   Non-Class:  0 bytes
       Class:  0 bytes
        Both:  0 bytes

MaxMetaspaceSize: unlimited
CompressedClassSpaceSize: 1.00 GB
Initial GC threshold: 20.80 MB
Current GC threshold: 20.80 MB
CDS: on

CodeHeap 'non-profiled nmethods': size=120032Kb used=355Kb max_used=355Kb free=119676Kb
 bounds [0x00007fbea426b000, 0x00007fbea44db000, 0x00007fbeab7a3000]
CodeHeap 'profiled nmethods': size=120032Kb used=1719Kb max_used=1719Kb free=118312Kb
 bounds [0x00007fbe9cd33000, 0x00007fbe9cfa3000, 0x00007fbea426b000]
CodeHeap 'non-nmethods': size=5696Kb used=1114Kb max_used=1135Kb free=4581Kb
 bounds [0x00007fbe9c7a3000, 0x00007fbe9ca13000, 0x00007fbe9cd33000]
 total_blobs=1358 nmethods=993 adapters=279
 compilation: enabled
              stopped_count=0, restarted_count=0
 full_count=0

Compilation events (20 events):
Event: 1.390 Thread 0x0000560f580d3800  987       3       jdk.internal.jimage.ImageStringsReader::hashCode (8 bytes)
Event: 1.390 Thread 0x0000560f580d3800 nmethod 987 0x00007fbe9cedac10 code [0x00007fbe9cedae00, 0x00007fbe9cedb010]
Event: 1.390 Thread 0x0000560f580d3800  988       3       jdk.internal.loader.BuiltinClassLoader::moduleReaderFor (45 bytes)
Event: 1.391 Thread 0x0000560f580d3800 nmethod 988 0x00007fbe9cedb190 code [0x00007fbe9cedb3a0, 0x00007fbe9cedbad0]
Event: 1.391 Thread 0x0000560f580d3800  989       3       jdk.internal.module.SystemModuleFinders$SystemModuleReader::findImageLocation (42 bytes)
Event: 1.391 Thread 0x0000560f580d3800 nmethod 989 0x00007fbe9cedbc90 code [0x00007fbe9cedbec0, 0x00007fbe9cedc550]
Event: 1.391 Thread 0x0000560f580d3800  990       3       jdk.internal.module.SystemModuleFinders$SystemModuleReader::find (54 bytes)
Event: 1.393 Thread 0x0000560f580d3800 nmethod 990 0x00007fbe9cedc810 code [0x00007fbe9cedcb40, 0x00007fbe9ceddbd0]
Event: 1.393 Thread 0x0000560f580d3800  991   !   3       java.util.jar.JarFile::checkForSpecialAttributes (163 bytes)
Event: 1.394 Thread 0x00007fbe680c0000 nmethod 888 0x00007fbea42c0510 code [0x00007fbea42c06a0, 0x00007fbea42c09b8]
Event: 1.394 Thread 0x00007fbe680c0000  864       4       java.util.Spliterators$1Adapter::accept (11 bytes)
Event: 1.395 Thread 0x0000560f580d3800 nmethod 991 0x00007fbe9cede210 code [0x00007fbe9cede540, 0x00007fbe9cedf930]
Event: 1.396 Thread 0x0000560f580d3800  992       3       jdk.internal.misc.VM::initLevel (4 bytes)
Event: 1.396 Thread 0x0000560f580d3800 nmethod 992 0x00007fbe9cee0110 code [0x00007fbe9cee02c0, 0x00007fbe9cee03b0]
Event: 1.397 Thread 0x00007fbe680c0000 nmethod 864 0x00007fbea42c0a90 code [0x00007fbea42c0c20, 0x00007fbea42c0d58]
Event: 1.397 Thread 0x00007fbe680c0000  859       4       jdk.internal.jimage.ImageStringsReader::stringFromByteBuffer (28 bytes)
Event: 1.426 Thread 0x00007fbe680c0000 nmethod 859 0x00007fbea42c0e10 code [0x00007fbea42c0fe0, 0x00007fbea42c1798]
Event: 1.428 Thread 0x0000560f580d1000 nmethod 933 0x00007fbea42c1b90 code [0x00007fbea42c1da0, 0x00007fbea42c30d8]
Event: 18.018 Thread 0x0000560f580d3800  993       3       java.util.HashMap$HashIterator::nextNode (100 bytes)
Event: 18.019 Thread 0x0000560f580d3800 nmethod 993 0x00007fbe9cee0410 code [0x00007fbe9cee0600, 0x00007fbe9cee0b50]

GC Heap History (20 events):
Event: 1.189 GC heap before
{Heap before GC invocations=5 (full 1):
 garbage-first heap   total 14336K, used 6872K [0x0000000080000000, 0x0000000100000000)
  region size 1024K, 4 young (4096K), 1 survivors (1024K)
 Metaspace       used 2566K, capacity 5028K, committed 5120K, reserved 1056768K
  class space    used 238K, capacity 503K, committed 512K, reserved 1048576K
}
Event: 1.192 GC heap after
{Heap after GC invocations=6 (full 1):
 garbage-first heap   total 69632K, used 4099K [0x0000000080000000, 0x0000000100000000)
  region size 1024K, 1 young (1024K), 1 survivors (1024K)
 Metaspace       used 2566K, capacity 5028K, committed 5120K, reserved 1056768K
  class space    used 238K, capacity 503K, committed 512K, reserved 1048576K
}
Event: 2.242 GC heap before
{Heap before GC invocations=6 (full 1):
 garbage-first heap   total 69632K, used 23555K [0x0000000080000000, 0x0000000100000000)
  region size 1024K, 21 young (21504K), 1 survivors (1024K)
 Metaspace       used 2816K, capacity 5077K, committed 5248K, reserved 1056768K
  class space    used 261K, capacity 519K, committed 640K, reserved 1048576K
}
Event: 2.322 GC heap after
{Heap after GC invocations=7 (full 2):
 garbage-first heap   total 27648K, used 6081K [0x0000000080000000, 0x0000000100000000)
  region size 1024K, 0 young (0K), 0 survivors (0K)
 Metaspace       used 2816K, capacity 5077K, committed 5248K, reserved 1056768K
  class space    used 261K, capacity 519K, committed 640K, reserved 1048576K
}
Event: 2.924 GC heap before
{Heap before GC invocations=7 (full 2):
 garbage-first heap   total 27648K, used 6081K [0x0000000080000000, 0x0000000100000000)
  region size 1024K, 1 young (1024K), 0 survivors (0K)
 Metaspace       used 2816K, capacity 5077K, committed 5248K, reserved 1056768K
  class space    used 261K, capacity 519K, committed 640K, reserved 1048576K
}
Event: 2.944 GC heap after
{Heap after GC invocations=8 (full 3):
 garbage-first heap   total 27648K, used 6081K [0x0000000080000000, 0x0000000100000000)
  region size 1024K, 0 young (0K), 0 survivors (0K)
 Metaspace       used 2816K, capacity 5077K, committed 5248K, reserved 1056768K
  class space    used 261K, capacity 519K, committed 640K, reserved 1048576K
}
Event: 3.617 GC heap before
{Heap before GC invocations=8 (full 3):
 garbage-first heap   total 27648K, used 6081K [0x0000000080000000, 0x0000000100000000)
  region size 1024K, 1 young (1024K), 0 survivors (0K)
 Metaspace       used 2816K, capacity 5077K, committed 5248K, reserved 1056768K
  class space    used 261K, capacity 519K, committed 640K, reserved 1048576K
}
Event: 3.643 GC heap after
{Heap after GC invocations=9 (full 4):
 garbage-first heap   total 27648K, used 6081K [0x0000000080000000, 0x0000000100000000)
  region size 1024K, 0 young (0K), 0 survivors (0K)
 Metaspace       used 2816K, capacity 5077K, committed 5248K, reserved 1056768K
  class space    used 261K, capacity 519K, committed 640K, reserved 1048576K
}
Event: 4.391 GC heap before
{Heap before GC invocations=9 (full 4):
 garbage-first heap   total 27648K, used 6081K [0x0000000080000000, 0x0000000100000000)
  region size 1024K, 1 young (1024K), 0 survivors (0K)
 Metaspace       used 2816K, capacity 5077K, committed 5248K, reserved 1056768K
  class space    used 261K, capacity 519K, committed 640K, reserved 1048576K
}
Event: 4.423 GC heap after
{Heap after GC invocations=10 (full 5):
 garbage-first heap   total 27648K, used 6081K [0x0000000080000000, 0x0000000100000000)
  region size 1024K, 0 young (0K), 0 survivors (0K)
 Metaspace       used 2816K, capacity 5077K, committed 5248K, reserved 1056768K
  class space    used 261K, capacity 519K, committed 640K, reserved 1048576K
}
Event: 5.791 GC heap before
{Heap before GC invocations=10 (full 5):
 garbage-first heap   total 27648K, used 6081K [0x0000000080000000, 0x0000000100000000)
  region size 1024K, 1 young (1024K), 0 survivors (0K)
 Metaspace       used 2816K, capacity 5077K, committed 5248K, reserved 1056768K
  class space    used 261K, capacity 519K, committed 640K, reserved 1048576K
}
Event: 5.806 GC heap after
{Heap after GC invocations=11 (full 6):
 garbage-first heap   total 27648K, used 6081K [0x0000000080000000, 0x0000000100000000)
  region size 1024K, 0 young (0K), 0 survivors (0K)
 Metaspace       used 2816K, capacity 5077K, committed 5248K, reserved 1056768K
  class space    used 261K, capacity 519K, committed 640K, reserved 1048576K
}
Event: 6.464 GC heap before
{Heap before GC invocations=11 (full 6):
 garbage-first heap   total 27648K, used 6081K [0x0000000080000000, 0x0000000100000000)
  region size 1024K, 1 young (1024K), 0 survivors (0K)
 Metaspace       used 2816K, capacity 5077K, committed 5248K, reserved 1056768K
  class space    used 261K, capacity 519K, committed 640K, reserved 1048576K
}
Event: 6.475 GC heap after
{Heap after GC invocations=12 (full 7):
 garbage-first heap   total 27648K, used 6081K [0x0000000080000000, 0x0000000100000000)
  region size 1024K, 0 young (0K), 0 survivors (0K)
 Metaspace       used 2816K, capacity 5077K, committed 5248K, reserved 1056768K
  class space    used 261K, capacity 519K, committed 640K, reserved 1048576K
}
Event: 7.427 GC heap before
{Heap before GC invocations=12 (full 7):
 garbage-first heap   total 27648K, used 6081K [0x0000000080000000, 0x0000000100000000)
  region size 1024K, 1 young (1024K), 0 survivors (0K)
 Metaspace       used 2816K, capacity 5077K, committed 5248K, reserved 1056768K
  class space    used 261K, capacity 519K, committed 640K, reserved 1048576K
}
Event: 7.449 GC heap after
{Heap after GC invocations=13 (full 8):
 garbage-first heap   total 27648K, used 6081K [0x0000000080000000, 0x0000000100000000)
  region size 1024K, 0 young (0K), 0 survivors (0K)
 Metaspace       used 2816K, capacity 5077K, committed 5248K, reserved 1056768K
  class space    used 261K, capacity 519K, committed 640K, reserved 1048576K
}
Event: 8.634 GC heap before
{Heap before GC invocations=13 (full 8):
 garbage-first heap   total 27648K, used 6081K [0x0000000080000000, 0x0000000100000000)
  region size 1024K, 1 young (1024K), 0 survivors (0K)
 Metaspace       used 2816K, capacity 5077K, committed 5248K, reserved 1056768K
  class space    used 261K, capacity 519K, committed 640K, reserved 1048576K
}
Event: 8.644 GC heap after
{Heap after GC invocations=14 (full 9):
 garbage-first heap   total 27648K, used 6081K [0x0000000080000000, 0x0000000100000000)
  region size 1024K, 0 young (0K), 0 survivors (0K)
 Metaspace       used 2816K, capacity 5077K, committed 5248K, reserved 1056768K
  class space    used 261K, capacity 519K, committed 640K, reserved 1048576K
}
Event: 9.782 GC heap before
{Heap before GC invocations=14 (full 9):
 garbage-first heap   total 27648K, used 6081K [0x0000000080000000, 0x0000000100000000)
  region size 1024K, 1 young (1024K), 0 survivors (0K)
 Metaspace       used 2816K, capacity 5077K, committed 5248K, reserved 1056768K
  class space    used 261K, capacity 519K, committed 640K, reserved 1048576K
}
Event: 9.798 GC heap after
{Heap after GC invocations=15 (full 10):
 garbage-first heap   total 27648K, used 6081K [0x0000000080000000, 0x0000000100000000)
  region size 1024K, 0 young (0K), 0 survivors (0K)
 Metaspace       used 2816K, capacity 5077K, committed 5248K, reserved 1056768K
  class space    used 261K, capacity 519K, committed 640K, reserved 1048576K
}

Deoptimization events (20 events):
Event: 0.912 Thread 0x0000560f57692800 Uncommon trap: trap_request=0xffffffc6 fr.pc=0x00007fbea4297824 relative=0x0000000000000804
Event: 0.912 Thread 0x0000560f57692800 Uncommon trap: reason=bimorphic_or_optimized_type_check action=maybe_recompile pc=0x00007fbea4297824 method=java.util.HashMap.putVal(ILjava/lang/Object;Ljava/lang/Object;ZZ)Ljava/lang/Object; @ 91 c2
Event: 0.912 Thread 0x0000560f57692800 DEOPT PACKING pc=0x00007fbea4297824 sp=0x00007fffc3808b10
Event: 0.912 Thread 0x0000560f57692800 DEOPT UNPACKING pc=0x00007fbe9c7ecea5 sp=0x00007fffc3808a48 mode 2
Event: 1.148 Thread 0x0000560f57692800 Uncommon trap: trap_request=0xffffffbe fr.pc=0x00007fbea42a95b4 relative=0x0000000000000934
Event: 1.148 Thread 0x0000560f57692800 Uncommon trap: reason=profile_predicate action=maybe_recompile pc=0x00007fbea42a95b4 method=jdk.internal.jimage.ImageStringsReader.charsFromByteBuffer([CLjava/nio/ByteBuffer;)V @ 6 c2
Event: 1.148 Thread 0x0000560f57692800 DEOPT PACKING pc=0x00007fbea42a95b4 sp=0x00007fffc38085a0
Event: 1.148 Thread 0x0000560f57692800 DEOPT UNPACKING pc=0x00007fbe9c7ecea5 sp=0x00007fffc3808478 mode 2
Event: 1.148 Thread 0x0000560f57692800 Uncommon trap: trap_request=0xffffffbe fr.pc=0x00007fbea42a95b4 relative=0x0000000000000934
Event: 1.148 Thread 0x0000560f57692800 Uncommon trap: reason=profile_predicate action=maybe_recompile pc=0x00007fbea42a95b4 method=jdk.internal.jimage.ImageStringsReader.charsFromByteBuffer([CLjava/nio/ByteBuffer;)V @ 6 c2
Event: 1.148 Thread 0x0000560f57692800 DEOPT PACKING pc=0x00007fbea42a95b4 sp=0x00007fffc38084f0
Event: 1.148 Thread 0x0000560f57692800 DEOPT UNPACKING pc=0x00007fbe9c7ecea5 sp=0x00007fffc38083c8 mode 2
Event: 1.149 Thread 0x0000560f57692800 Uncommon trap: trap_request=0xffffffbe fr.pc=0x00007fbea42a95b4 relative=0x0000000000000934
Event: 1.149 Thread 0x0000560f57692800 Uncommon trap: reason=profile_predicate action=maybe_recompile pc=0x00007fbea42a95b4 method=jdk.internal.jimage.ImageStringsReader.charsFromByteBuffer([CLjava/nio/ByteBuffer;)V @ 6 c2
Event: 1.149 Thread 0x0000560f57692800 DEOPT PACKING pc=0x00007fbea42a95b4 sp=0x00007fffc38082f0
Event: 1.149 Thread 0x0000560f57692800 DEOPT UNPACKING pc=0x00007fbe9c7ecea5 sp=0x00007fffc38081c8 mode 2
Event: 1.149 Thread 0x0000560f57692800 Uncommon trap: trap_request=0xffffffbe fr.pc=0x00007fbea42a95b4 relative=0x0000000000000934
Event: 1.149 Thread 0x0000560f57692800 Uncommon trap: reason=profile_predicate action=maybe_recompile pc=0x00007fbea42a95b4 method=jdk.internal.jimage.ImageStringsReader.charsFromByteBuffer([CLjava/nio/ByteBuffer;)V @ 6 c2
Event: 1.149 Thread 0x0000560f57692800 DEOPT PACKING pc=0x00007fbea42a95b4 sp=0x00007fffc38082f0
Event: 1.149 Thread 0x0000560f57692800 DEOPT UNPACKING pc=0x00007fbe9c7ecea5 sp=0x00007fffc38081c8 mode 2

Classes redefined (0 events):
No events

Internal exceptions (3 events):
Event: 0.274 Thread 0x0000560f57692800 Exception <a 'java/lang/NoSuchMethodError'{0x0000000087720ff8}: 'int java.lang.invoke.DirectMethodHandle$Holder.invokeStaticInit(java.lang.Object, java.lang.Object)'> (0x0000000087720ff8) thrown at [./src/hotspot/share/interpreter/linkResolver.cpp, line 772]
Event: 0.276 Thread 0x0000560f57692800 Exception <a 'java/lang/NoSuchMethodError'{0x0000000087726ff0}: 'java.lang.Object java.lang.invoke.DirectMethodHandle$Holder.invokeStaticInit(java.lang.Object, int)'> (0x0000000087726ff0) thrown at [./src/hotspot/share/interpreter/linkResolver.cpp, line 772]
Event: 18.032 Thread 0x0000560f581f8000 Exception <a 'java/lang/InterruptedException'{0x0000000081800048}> (0x0000000081800048) thrown at [./src/hotspot/share/runtime/objectMonitor.cpp, line 1645]

Events (20 events):
Event: 8.634 Executing VM operation: G1CollectFull
Event: 8.644 Executing VM operation: G1CollectFull done
Event: 9.782 Executing VM operation: G1CollectFull
Event: 9.798 Executing VM operation: G1CollectFull done
Event: 17.990 loading class jdk/internal/misc/Signal$1
Event: 17.995 loading class jdk/internal/misc/Signal$1 done
Event: 17.999 Thread 0x00007fbe70001800 Thread added: 0x00007fbe70001800
Event: 17.999 Protecting memory [0x00007fbe985a2000,0x00007fbe985a6000] with protection modes 0
Event: 18.008 Thread 0x00007fbe14017800 Thread added: 0x00007fbe14017800
Event: 18.008 Protecting memory [0x00007fbe20ef7000,0x00007fbe20efb000] with protection modes 0
Event: 18.014 Executing VM operation: ThreadDump
Event: 18.015 Executing VM operation: ThreadDump done
Event: 18.017 Executing VM operation: RevokeBias
Event: 18.017 Executing VM operation: RevokeBias done
Event: 18.032 Thread 0x0000560f581f8000 Thread exited: 0x0000560f581f8000
Event: 18.033 loading class java/util/WeakHashMap$KeyIterator
Event: 18.033 loading class java/util/WeakHashMap$HashIterator
Event: 18.034 loading class java/util/WeakHashMap$HashIterator done
Event: 18.034 loading class java/util/WeakHashMap$KeyIterator done
Event: 18.035 Executing VM operation: Exit


Dynamic libraries:
80000000-81900000 rw-p 00000000 00:00 0 
81900000-ffe00000 ---p 00000000 00:00 0 
ffe00000-ffe48000 rw-p 00b14000 08:02 10366447                           /usr/lib/jvm/java-11-openjdk-amd64/lib/server/classes.jsa
ffe48000-fff00000 rw-p 00000000 00:00 0 
fff00000-fff6c000 rw-p 00aa8000 08:02 10366447                           /usr/lib/jvm/java-11-openjdk-amd64/lib/server/classes.jsa
fff6c000-100000000 rw-p 00000000 00:00 0 
800000000-800002000 rwxp 00001000 08:02 10366447                         /usr/lib/jvm/java-11-openjdk-amd64/lib/server/classes.jsa
800002000-8003ce000 rw-p 00003000 08:02 10366447                         /usr/lib/jvm/java-11-openjdk-amd64/lib/server/classes.jsa
8003ce000-800aa6000 r--p 003cf000 08:02 10366447                         /usr/lib/jvm/java-11-openjdk-amd64/lib/server/classes.jsa
800aa6000-800aa7000 rw-p 00aa7000 08:02 10366447                         /usr/lib/jvm/java-11-openjdk-amd64/lib/server/classes.jsa
840000000-8400a0000 rw-p 00000000 00:00 0 
8400a0000-880000000 ---p 00000000 00:00 0 
560f218bd000-560f2192a000 r--p 00000000 08:02 8914181                    /usr/bin/python3.10
560f2192a000-560f21bdc000 r-xp 0006d000 08:02 8914181                    /usr/bin/python3.10
560f21bdc000-560f21e1b000 r--p 0031f000 08:02 8914181                    /usr/bin/python3.10
560f21e1c000-560f21e23000 r--p 0055e000 08:02 8914181                    /usr/bin/python3.10
560f21e23000-560f21e62000 rw-p 00565000 08:02 8914181                    /usr/bin/python3.10
560f21e62000-560f21ea8000 rw-p 00000000 00:00 0 
560f4b851000-560f815ef000 rw-p 00000000 00:00 0                          [heap]
7fbd15340000-7fbd9c91d000 rw-p 00000000 08:02 22298241                   /home/ubuntu/.cache/huggingface/hub/models--BAAI--bge-reranker-v2-m3/blobs/d9e3e081faff1eefb84019509b2f5558fd74c1a05a2c7db22f74174fcedb5286
7fbe0c000000-7fbe0c021000 rw-p 00000000 00:00 0 
7fbe0c021000-7fbe10000000 ---p 00000000 00:00 0 
7fbe1167f000-7fbe1257f000 rw-p 00000000 00:00 0 
7fbe13600000-7fbe14000000 rw-p 00000000 00:00 0 
7fbe14000000-7fbe14021000 rw-p 00000000 00:00 0 
7fbe14021000-7fbe18000000 ---p 00000000 00:00 0 
7fbe18000000-7fbe18021000 rw-p 00000000 00:00 0 
7fbe18021000-7fbe1c000000 ---p 00000000 00:00 0 
7fbe1c000000-7fbe1c021000 rw-p 00000000 00:00 0 
7fbe1c021000-7fbe20000000 ---p 00000000 00:00 0 
7fbe200f7000-7fbe20ef7000 rw-p 00000000 00:00 0 
7fbe20ef7000-7fbe20efb000 ---p 00000000 00:00 0 
7fbe20efb000-7fbe226f7000 rw-p 00000000 00:00 0 
7fbe226f7000-7fbe226f8000 ---p 00000000 00:00 0 
7fbe226f8000-7fbe22ef8000 rw-p 00000000 00:00 0 
7fbe22ef8000-7fbe22ef9000 ---p 00000000 00:00 0 
7fbe22ef9000-7fbe236f9000 rw-p 00000000 00:00 0 
7fbe236f9000-7fbe236fa000 ---p 00000000 00:00 0 
7fbe236fa000-7fbe285fa000 rw-p 00000000 00:00 0 
7fbe285fa000-7fbe28afa000 rw-p 00000000 00:00 0 
7fbe28afa000-7fbe28afb000 ---p 00000000 00:00 0 
7fbe28afb000-7fbe304fc000 rw-p 00000000 00:00 0 
7fbe304fd000-7fbe3edfd000 rw-p 00000000 00:00 0 
7fbe3edfe000-7fbe469fe000 rw-p 00000000 00:00 0 
7fbe469ff000-7fbe4f3ff000 rw-p 00000000 00:00 0 
7fbe4f400000-7fbe50000000 rw-p 00000000 00:00 0 
7fbe50000000-7fbe50021000 rw-p 00000000 00:00 0 
7fbe50021000-7fbe54000000 ---p 00000000 00:00 0 
7fbe54000000-7fbe54483000 rw-p 00000000 00:00 0 
7fbe54483000-7fbe58000000 ---p 00000000 00:00 0 
7fbe58000000-7fbe58021000 rw-p 00000000 00:00 0 
7fbe58021000-7fbe5c000000 ---p 00000000 00:00 0 
7fbe5c000000-7fbe5c021000 rw-p 00000000 00:00 0 
7fbe5c021000-7fbe60000000 ---p 00000000 00:00 0 
7fbe60000000-7fbe60021000 rw-p 00000000 00:00 0 
7fbe60021000-7fbe64000000 ---p 00000000 00:00 0 
7fbe64000000-7fbe64021000 rw-p 00000000 00:00 0 
7fbe64021000-7fbe68000000 ---p 00000000 00:00 0 
7fbe68000000-7fbe68408000 rw-p 00000000 00:00 0 
7fbe68408000-7fbe6c000000 ---p 00000000 00:00 0 
7fbe6c000000-7fbe6c3a2000 rw-p 00000000 00:00 0 
7fbe6c3a2000-7fbe70000000 ---p 00000000 00:00 0 
7fbe70000000-7fbe70021000 rw-p 00000000 00:00 0 
7fbe70021000-7fbe74000000 ---p 00000000 00:00 0 
7fbe74000000-7fbe74021000 rw-p 00000000 00:00 0 
7fbe74021000-7fbe78000000 ---p 00000000 00:00 0 
7fbe78000000-7fbe78021000 rw-p 00000000 00:00 0 
7fbe78021000-7fbe7c000000 ---p 00000000 00:00 0 
7fbe7c000000-7fbe7c021000 rw-p 00000000 00:00 0 
7fbe7c021000-7fbe80000000 ---p 00000000 00:00 0 
7fbe80000000-7fbe80021000 rw-p 00000000 00:00 0 
7fbe80021000-7fbe84000000 ---p 00000000 00:00 0 
7fbe84000000-7fbe8460f000 rw-p 00000000 00:00 0 
7fbe8460f000-7fbe88000000 ---p 00000000 00:00 0 
7fbe88000000-7fbe88021000 rw-p 00000000 00:00 0 
7fbe88021000-7fbe8c000000 ---p 00000000 00:00 0 
7fbe8c000000-7fbe8c021000 rw-p 00000000 00:00 0 
7fbe8c021000-7fbe90000000 ---p 00000000 00:00 0 
7fbe90000000-7fbe94000000 rw-p 00000000 00:00 0 
7fbe94000000-7fbe94021000 rw-p 00000000 00:00 0 
7fbe94021000-7fbe98000000 ---p 00000000 00:00 0 
7fbe980a2000-7fbe985a2000 rw-p 00000000 00:00 0 
7fbe985a2000-7fbe985a6000 ---p 00000000 00:00 0 
7fbe985a6000-7fbe986a2000 rw-p 00000000 00:00 0 
7fbe986a2000-7fbe986a3000 ---p 00000000 00:00 0 
7fbe986a3000-7fbe98807000 rw-p 00000000 00:00 0 
7fbe98807000-7fbe9a79b000 ---p 00000000 00:00 0 
7fbe9a79b000-7fbe9a807000 rw-p 00000000 00:00 0 
7fbe9a807000-7fbe9c79b000 ---p 00000000 00:00 0 
7fbe9c79b000-7fbe9c7a3000 rw-p 00000000 00:00 0 
7fbe9c7a3000-7fbe9ca13000 rwxp 00000000 00:00 0 
7fbe9ca13000-7fbe9cd33000 ---p 00000000 00:00 0 
7fbe9cd33000-7fbe9cfa3000 rwxp 00000000 00:00 0 
7fbe9cfa3000-7fbea426b000 ---p 00000000 00:00 0 
7fbea426b000-7fbea44db000 rwxp 00000000 00:00 0 
7fbea44db000-7fbeab7a3000 ---p 00000000 00:00 0 
7fbeab7a3000-7fbeb4000000 r--s 00000000 08:02 10366628                   /usr/lib/jvm/java-11-openjdk-amd64/lib/modules
7fbeb4000000-7fbeb46f7000 rw-p 00000000 00:00 0 
7fbeb46f7000-7fbeb8000000 ---p 00000000 00:00 0 
7fbeb8086000-7fbeb808a000 ---p 00000000 00:00 0 
7fbeb808a000-7fbeb8186000 rw-p 00000000 00:00 0 
7fbeb8186000-7fbeb818a000 r--p 00000000 08:02 10366618                   /usr/lib/jvm/java-11-openjdk-amd64/lib/libnet.so
7fbeb818a000-7fbeb8198000 r-xp 00004000 08:02 10366618                   /usr/lib/jvm/java-11-openjdk-amd64/lib/libnet.so
7fbeb8198000-7fbeb819c000 r--p 00012000 08:02 10366618                   /usr/lib/jvm/java-11-openjdk-amd64/lib/libnet.so
7fbeb819c000-7fbeb819d000 r--p 00015000 08:02 10366618                   /usr/lib/jvm/java-11-openjdk-amd64/lib/libnet.so
7fbeb819d000-7fbeb819e000 rw-p 00016000 08:02 10366618                   /usr/lib/jvm/java-11-openjdk-amd64/lib/libnet.so
7fbeb819e000-7fbeb81a5000 r--p 00000000 08:02 10366619                   /usr/lib/jvm/java-11-openjdk-amd64/lib/libnio.so
7fbeb81a5000-7fbeb81ad000 r-xp 00007000 08:02 10366619                   /usr/lib/jvm/java-11-openjdk-amd64/lib/libnio.so
7fbeb81ad000-7fbeb81b0000 r--p 0000f000 08:02 10366619                   /usr/lib/jvm/java-11-openjdk-amd64/lib/libnio.so
7fbeb81b0000-7fbeb81b1000 r--p 00011000 08:02 10366619                   /usr/lib/jvm/java-11-openjdk-amd64/lib/libnio.so
7fbeb81b1000-7fbeb81b2000 rw-p 00012000 08:02 10366619                   /usr/lib/jvm/java-11-openjdk-amd64/lib/libnio.so
7fbeb81b2000-7fbeb81b6000 ---p 00000000 00:00 0 
7fbeb81b6000-7fbeb82b2000 rw-p 00000000 00:00 0 
7fbeb82b2000-7fbeb82b3000 ---p 00000000 00:00 0 
7fbeb82b3000-7fbeb83b3000 rw-p 00000000 00:00 0 
7fbeb83b3000-7fbeb83b7000 ---p 00000000 00:00 0 
7fbeb83b7000-7fbeb84b3000 rw-p 00000000 00:00 0 
7fbeb84b3000-7fbeb84b7000 ---p 00000000 00:00 0 
7fbeb84b7000-7fbeb85b3000 rw-p 00000000 00:00 0 
7fbeb85b3000-7fbeb85b7000 ---p 00000000 00:00 0 
7fbeb85b7000-7fbeb86b3000 rw-p 00000000 00:00 0 
7fbeb86b3000-7fbeb86b7000 ---p 00000000 00:00 0 
7fbeb86b7000-7fbeb87b3000 rw-p 00000000 00:00 0 
7fbeb87b3000-7fbeb87b7000 ---p 00000000 00:00 0 
7fbeb87b7000-7fbeb88b3000 rw-p 00000000 00:00 0 
7fbeb88b3000-7fbeb88b7000 ---p 00000000 00:00 0 
7fbeb88b7000-7fbeb89b3000 rw-p 00000000 00:00 0 
7fbeb89b3000-7fbeb89b7000 ---p 00000000 00:00 0 
7fbeb89b7000-7fbeb8ab3000 rw-p 00000000 00:00 0 
7fbeb8ab3000-7fbeb8ab4000 ---p 00000000 00:00 0 
7fbeb8ab4000-7fbeb9034000 rw-p 00000000 00:00 0 
7fbeb9034000-7fbeb93b4000 ---p 00000000 00:00 0 
7fbeb93b4000-7fbeb93b5000 ---p 00000000 00:00 0 
7fbeb93b5000-7fbeb94b5000 rw-p 00000000 00:00 0 
7fbeb94b5000-7fbeb94b6000 ---p 00000000 00:00 0 
7fbeb94b6000-7fbeb95b6000 rw-p 00000000 00:00 0 
7fbeb95b6000-7fbeb95b7000 ---p 00000000 00:00 0 
7fbeb95b7000-7fbeb96b7000 rw-p 00000000 00:00 0 
7fbeb96b7000-7fbeb96b8000 ---p 00000000 00:00 0 
7fbeb96b8000-7fbeb980a000 rw-p 00000000 00:00 0 
7fbeb980a000-7fbeb9bfc000 ---p 00000000 00:00 0 
7fbeb9bfc000-7fbeb9c0a000 rw-p 00000000 00:00 0 
7fbeb9c0a000-7fbeb9ffc000 ---p 00000000 00:00 0 
7fbeb9ffc000-7fbeba00a000 rw-p 00000000 00:00 0 
7fbeba00a000-7fbeba3fc000 ---p 00000000 00:00 0 
7fbeba3fc000-7fbeba3fd000 rw-p 00000000 00:00 0 
7fbeba3fd000-7fbeba3fe000 ---p 00000000 00:00 0 
7fbeba3fe000-7fbeba503000 rw-p 00000000 00:00 0 
7fbeba503000-7fbeba5e9000 ---p 00000000 00:00 0 
7fbeba5e9000-7fbeba5ee000 rw-p 00000000 00:00 0 
7fbeba5ee000-7fbeba6d4000 ---p 00000000 00:00 0 
7fbeba6d4000-7fbeba6d9000 rw-p 00000000 00:00 0 
7fbeba6d9000-7fbeba6e0000 ---p 00000000 00:00 0 
7fbeba6e0000-7fbeba6ee000 r--p 00000000 08:02 10366607                   /usr/lib/jvm/java-11-openjdk-amd64/lib/libjava.so
7fbeba6ee000-7fbeba704000 r-xp 0000e000 08:02 10366607                   /usr/lib/jvm/java-11-openjdk-amd64/lib/libjava.so
7fbeba704000-7fbeba70b000 r--p 00024000 08:02 10366607                   /usr/lib/jvm/java-11-openjdk-amd64/lib/libjava.so
7fbeba70b000-7fbeba70c000 r--p 0002a000 08:02 10366607                   /usr/lib/jvm/java-11-openjdk-amd64/lib/libjava.so
7fbeba70c000-7fbeba70d000 rw-p 0002b000 08:02 10366607                   /usr/lib/jvm/java-11-openjdk-amd64/lib/libjava.so
7fbeba70d000-7fbeba70e000 rw-p 00000000 00:00 0 
7fbeba70e000-7fbeba713000 r--p 00000000 08:02 10366626                   /usr/lib/jvm/java-11-openjdk-amd64/lib/libverify.so
7fbeba713000-7fbeba71a000 r-xp 00005000 08:02 10366626                   /usr/lib/jvm/java-11-openjdk-amd64/lib/libverify.so
7fbeba71a000-7fbeba71c000 r--p 0000c000 08:02 10366626                   /usr/lib/jvm/java-11-openjdk-amd64/lib/libverify.so
7fbeba71c000-7fbeba71e000 r--p 0000d000 08:02 10366626                   /usr/lib/jvm/java-11-openjdk-amd64/lib/libverify.so
7fbeba71e000-7fbeba71f000 rw-p 0000f000 08:02 10366626                   /usr/lib/jvm/java-11-openjdk-amd64/lib/libverify.so
7fbeba71f000-7fbeba9a2000 r--p 00000000 08:02 10366633                   /usr/lib/jvm/java-11-openjdk-amd64/lib/server/libjvm.so
7fbeba9a2000-7fbebb64d000 r-xp 00283000 08:02 10366633                   /usr/lib/jvm/java-11-openjdk-amd64/lib/server/libjvm.so
7fbebb64d000-7fbebb8a9000 r--p 00f2e000 08:02 10366633                   /usr/lib/jvm/java-11-openjdk-amd64/lib/server/libjvm.so
7fbebb8a9000-7fbebb96d000 r--p 01189000 08:02 10366633                   /usr/lib/jvm/java-11-openjdk-amd64/lib/server/libjvm.so
7fbebb96d000-7fbebb9a8000 rw-p 0124d000 08:02 10366633                   /usr/lib/jvm/java-11-openjdk-amd64/lib/server/libjvm.so
7fbebb9a8000-7fbebbcff000 rw-p 00000000 00:00 0 
7fbebbcff000-7fbebbd00000 ---p 00000000 00:00 0 
7fbebbd00000-7fbebc600000 rw-p 00000000 00:00 0 
7fbebc600000-7fbebc620000 r--p 00000000 08:02 8924066                    /usr/lib/x86_64-linux-gnu/libdb-5.3.so
7fbebc620000-7fbebc761000 r-xp 00020000 08:02 8924066                    /usr/lib/x86_64-linux-gnu/libdb-5.3.so
7fbebc761000-7fbebc7a7000 r--p 00161000 08:02 8924066                    /usr/lib/x86_64-linux-gnu/libdb-5.3.so
7fbebc7a7000-7fbebc7ae000 r--p 001a6000 08:02 8924066                    /usr/lib/x86_64-linux-gnu/libdb-5.3.so
7fbebc7ae000-7fbebc7af000 rw-p 001ad000 08:02 8924066                    /usr/lib/x86_64-linux-gnu/libdb-5.3.so
7fbebc7b4000-7fbebc7b6000 r--p 00000000 08:02 10366627                   /usr/lib/jvm/java-11-openjdk-amd64/lib/libzip.so
7fbebc7b6000-7fbebc7bb000 r-xp 00002000 08:02 10366627                   /usr/lib/jvm/java-11-openjdk-amd64/lib/libzip.so
7fbebc7bb000-7fbebc7bd000 r--p 00007000 08:02 10366627                   /usr/lib/jvm/java-11-openjdk-amd64/lib/libzip.so
7fbebc7bd000-7fbebc7be000 r--p 00008000 08:02 10366627                   /usr/lib/jvm/java-11-openjdk-amd64/lib/libzip.so
7fbebc7be000-7fbebc7bf000 rw-p 00009000 08:02 10366627                   /usr/lib/jvm/java-11-openjdk-amd64/lib/libzip.so
7fbebc7bf000-7fbebd3bf000 rw-p 00000000 00:00 0 
7fbebd3bf000-7fbebd497000 r--p 00000000 08:02 22185013                   /home/ubuntu/dev/workspace/koarf/.venv/lib/python3.10/site-packages/grpc/_cython/cygrpc.cpython-310-x86_64-linux-gnu.so
7fbebd497000-7fbebdfa0000 r-xp 000d8000 08:02 22185013                   /home/ubuntu/dev/workspace/koarf/.venv/lib/python3.10/site-packages/grpc/_cython/cygrpc.cpython-310-x86_64-linux-gnu.so
7fbebdfa0000-7fbebe2cc000 r--p 00be1000 08:02 22185013                   /home/ubuntu/dev/workspace/koarf/.venv/lib/python3.10/site-packages/grpc/_cython/cygrpc.cpython-310-x86_64-linux-gnu.so
7fbebe2cc000-7fbebe31f000 r--p 00f0c000 08:02 22185013                   /home/ubuntu/dev/workspace/koarf/.venv/lib/python3.10/site-packages/grpc/_cython/cygrpc.cpython-310-x86_64-linux-gnu.so
7fbebe31f000-7fbebe342000 rw-p 00f5f000 08:02 22185013                   /home/ubuntu/dev/workspace/koarf/.venv/lib/python3.10/site-packages/grpc/_cython/cygrpc.cpython-310-x86_64-linux-gnu.so
7fbebe342000-7fbebe45b000 rw-p 00000000 00:00 0 
7fbebe45b000-7fbebe465000 r--p 00000000 08:02 22175757                   /home/ubuntu/dev/workspace/koarf/.venv/lib/python3.10/site-packages/google/_upb/_message.abi3.so
7fbebe465000-7fbebe492000 r-xp 0000a000 08:02 22175757                   /home/ubuntu/dev/workspace/koarf/.venv/lib/python3.10/site-packages/google/_upb/_message.abi3.so
7fbebe492000-7fbebe4a7000 r--p 00037000 08:02 22175757                   /home/ubuntu/dev/workspace/koarf/.venv/lib/python3.10/site-packages/google/_upb/_message.abi3.so
7fbebe4a7000-7fbebe4a9000 r--p 0004b000 08:02 22175757                   /home/ubuntu/dev/workspace/koarf/.venv/lib/python3.10/site-packages/google/_upb/_message.abi3.so
7fbebe4a9000-7fbebe4ad000 rw-p 0004d000 08:02 22175757                   /home/ubuntu/dev/workspace/koarf/.venv/lib/python3.10/site-packages/google/_upb/_message.abi3.so
7fbebe4ad000-7fbebeead000 rw-p 00000000 00:00 0 
7fbebeead000-7fbebeeb2000 r--p 00000000 08:02 22286109                   /home/ubuntu/dev/workspace/koarf/.venv/lib/python3.10/site-packages/aiohttp/_websocket/reader_c.cpython-310-x86_64-linux-gnu.so
7fbebeeb2000-7fbebeed5000 r-xp 00005000 08:02 22286109                   /home/ubuntu/dev/workspace/koarf/.venv/lib/python3.10/site-packages/aiohttp/_websocket/reader_c.cpython-310-x86_64-linux-gnu.so
7fbebeed5000-7fbebeedb000 r--p 00028000 08:02 22286109                   /home/ubuntu/dev/workspace/koarf/.venv/lib/python3.10/site-packages/aiohttp/_websocket/reader_c.cpython-310-x86_64-linux-gnu.so
7fbebeedb000-7fbebeedc000 r--p 0002d000 08:02 22286109                   /home/ubuntu/dev/workspace/koarf/.venv/lib/python3.10/site-packages/aiohttp/_websocket/reader_c.cpython-310-x86_64-linux-gnu.so
7fbebeedc000-7fbebeede000 rw-p 0002e000 08:02 22286109                   /home/ubuntu/dev/workspace/koarf/.venv/lib/python3.10/site-packages/aiohttp/_websocket/reader_c.cpython-310-x86_64-linux-gnu.so
7fbebeede000-7fbebeedf000 rw-p 00000000 00:00 0 
7fbebeedf000-7fbebeee8000 r--p 00000000 08:02 22286044                   /home/ubuntu/dev/workspace/koarf/.venv/lib/python3.10/site-packages/aiohttp/_http_parser.cpython-310-x86_64-linux-gnu.so
7fbebeee8000-7fbebef39000 r-xp 00009000 08:02 22286044                   /home/ubuntu/dev/workspace/koarf/.venv/lib/python3.10/site-packages/aiohttp/_http_parser.cpython-310-x86_64-linux-gnu.so
7fbebef39000-7fbebef45000 r--p 0005a000 08:02 22286044                   /home/ubuntu/dev/workspace/koarf/.venv/lib/python3.10/site-packages/aiohttp/_http_parser.cpython-310-x86_64-linux-gnu.so
7fbebef45000-7fbebef46000 r--p 00065000 08:02 22286044                   /home/ubuntu/dev/workspace/koarf/.venv/lib/python3.10/site-packages/aiohttp/_http_parser.cpython-310-x86_64-linux-gnu.so
7fbebef46000-7fbebef49000 rw-p 00066000 08:02 22286044                   /home/ubuntu/dev/workspace/koarf/.venv/lib/python3.10/site-packages/aiohttp/_http_parser.cpython-310-x86_64-linux-gnu.so
7fbebef49000-7fbebf04b000 rw-p 00000000 00:00 0 
7fbebf04b000-7fbebf04f000 r--p 00000000 08:02 22175887                   /home/ubuntu/dev/workspace/koarf/.venv/lib/python3.10/site-packages/propcache/_helpers_c.cpython-310-x86_64-linux-gnu.so
7fbebf04f000-7fbebf061000 r-xp 00004000 08:02 22175887                   /home/ubuntu/dev/workspace/koarf/.venv/lib/python3.10/site-packages/propcache/_helpers_c.cpython-310-x86_64-linux-gnu.so
7fbebf061000-7fbebf066000 r--p 00016000 08:02 22175887                   /home/ubuntu/dev/workspace/koarf/.venv/lib/python3.10/site-packages/propcache/_helpers_c.cpython-310-x86_64-linux-gnu.so
7fbebf066000-7fbebf067000 r--p 0001b000 08:02 22175887                   /home/ubuntu/dev/workspace/koarf/.venv/lib/python3.10/site-packages/propcache/_helpers_c.cpython-310-x86_64-linux-gnu.so
7fbebf067000-7fbebf069000 rw-p 0001c000 08:02 22175887                   /home/ubuntu/dev/workspace/koarf/.venv/lib/python3.10/site-packages/propcache/_helpers_c.cpython-310-x86_64-linux-gnu.so
7fbebf069000-7fbebf06d000 r--p 00000000 08:02 22185754                   /home/ubuntu/dev/workspace/koarf/.venv/lib/python3.10/site-packages/yarl/_quoting_c.cpython-310-x86_64-linux-gnu.so
7fbebf06d000-7fbebf082000 r-xp 00004000 08:02 22185754                   /home/ubuntu/dev/workspace/koarf/.venv/lib/python3.10/site-packages/yarl/_quoting_c.cpython-310-x86_64-linux-gnu.so
7fbebf082000-7fbebf086000 r--p 00019000 08:02 22185754                   /home/ubuntu/dev/workspace/koarf/.venv/lib/python3.10/site-packages/yarl/_quoting_c.cpython-310-x86_64-linux-gnu.so
7fbebf086000-7fbebf087000 r--p 0001c000 08:02 22185754                   /home/ubuntu/dev/workspace/koarf/.venv/lib/python3.10/site-packages/yarl/_quoting_c.cpython-310-x86_64-linux-gnu.so
7fbebf087000-7fbebf088000 rw-p 0001d000 08:02 22185754                   /home/ubuntu/dev/workspace/koarf/.venv/lib/python3.10/site-packages/yarl/_quoting_c.cpython-310-x86_64-linux-gnu.so
7fbebf088000-7fbebf189000 rw-p 00000000 00:00 0 
7fbebf189000-7fbebf18d000 r--p 00000000 08:02 22184633                   /home/ubuntu/dev/workspace/koarf/.venv/lib/python3.10/site-packages/multidict/_multidict.cpython-310-x86_64-linux-gnu.so
7fbebf18d000-7fbebf19e000 r-xp 00004000 08:02 22184633                   /home/ubuntu/dev/workspace/koarf/.venv/lib/python3.10/site-packages/multidict/_multidict.cpython-310-x86_64-linux-gnu.so
7fbebf19e000-7fbebf1a2000 r--p 00015000 08:02 22184633                   /home/ubuntu/dev/workspace/koarf/.venv/lib/python3.10/site-packages/multidict/_multidict.cpython-310-x86_64-linux-gnu.so
7fbebf1a2000-7fbebf1a3000 r--p 00018000 08:02 22184633                   /home/ubuntu/dev/workspace/koarf/.venv/lib/python3.10/site-packages/multidict/_multidict.cpython-310-x86_64-linux-gnu.so
7fbebf1a3000-7fbebf1a5000 rw-p 00019000 08:02 22184633                   /home/ubuntu/dev/workspace/koarf/.venv/lib/python3.10/site-packages/multidict/_multidict.cpython-310-x86_64-linux-gnu.so
7fbebf1a5000-7fbebf2a5000 rw-p 00000000 00:00 0 
7fbebf2a5000-7fbebf2ab000 r--p 00000000 08:02 22810338                   /home/ubuntu/dev/workspace/koarf/.venv/lib/python3.10/site-packages/pyarrow/_s3fs.cpython-310-x86_64-linux-gnu.so
7fbebf2ab000-7fbebf2ca000 r-xp 00006000 08:02 22810338                   /home/ubuntu/dev/workspace/koarf/.venv/lib/python3.10/site-packages/pyarrow/_s3fs.cpython-310-x86_64-linux-gnu.so
7fbebf2ca000-7fbebf2d1000 r--p 00025000 08:02 22810338                   /home/ubuntu/dev/workspace/koarf/.venv/lib/python3.10/site-packages/pyarrow/_s3fs.cpython-310-x86_64-linux-gnu.so
7fbebf2d1000-7fbebf2d2000 r--p 0002b000 08:02 22810338                   /home/ubuntu/dev/workspace/koarf/.venv/lib/python3.10/site-packages/pyarrow/_s3fs.cpython-310-x86_64-linux-gnu.so
7fbebf2d2000-7fbebf2d4000 rw-p 0002c000 08:02 22810338                   /home/ubuntu/dev/workspace/koarf/.venv/lib/python3.10/site-packages/pyarrow/_s3fs.cpython-310-x86_64-linux-gnu.so
7fbebf2d4000-7fbebf2d9000 r--p 00000000 08:02 22810318                   /home/ubuntu/dev/workspace/koarf/.venv/lib/python3.10/site-packages/pyarrow/_gcsfs.cpython-310-x86_64-linux-gnu.so
7fbebf2d9000-7fbebf2e9000 r-xp 00005000 08:02 22810318                   /home/ubuntu/dev/workspace/koarf/.venv/lib/python3.10/site-packages/pyarrow/_gcsfs.cpython-310-x86_64-linux-gnu.so
7fbebf2e9000-7fbebf2ed000 r--p 00015000 08:02 22810318                   /home/ubuntu/dev/workspace/koarf/.venv/lib/python3.10/site-packages/pyarrow/_gcsfs.cpython-310-x86_64-linux-gnu.so
7fbebf2ed000-7fbebf2ee000 r--p 00018000 08:02 22810318                   /home/ubuntu/dev/workspace/koarf/.venv/lib/python3.10/site-packages/pyarrow/_gcsfs.cpython-310-x86_64-linux-gnu.so
7fbebf2ee000-7fbebf2ef000 rw-p 00019000 08:02 22810318                   /home/ubuntu/dev/workspace/koarf/.venv/lib/python3.10/site-packages/pyarrow/_gcsfs.cpython-310-x86_64-linux-gnu.so
7fbebf2ef000-7fbebf2f0000 rw-p 00000000 00:00 0 
7fbebf2f0000-7fbeff2f0000 rw-p 00000000 00:00 0 
7fbeff2f7000-7fbeff2ff000 rw-s 00000000 08:02 14811321                   /tmp/hsperfdata_ubuntu/333337 (deleted)
7fbeff2ff000-7fbf00000000 rw-p 00000000 00:00 0 
7fbf00000000-7fbf000a6000 r-xp 00000000 08:02 22832896                   /home/ubuntu/dev/workspace/koarf/.venv/lib/python3.10/site-packages/torchvision.libs/libcudart.faf08d9a.so.13
7fbf000a6000-7fbf002a6000 ---p 000a6000 08:02 22832896                   /home/ubuntu/dev/workspace/koarf/.venv/lib/python3.10/site-packages/torchvision.libs/libcudart.faf08d9a.so.13
7fbf002a6000-7fbf002ab000 r--p 000a6000 08:02 22832896                   /home/ubuntu/dev/workspace/koarf/.venv/lib/python3.10/site-packages/torchvision.libs/libcudart.faf08d9a.so.13
7fbf002ab000-7fbf002ac000 rw-p 000ab000 08:02 22832896                   /home/ubuntu/dev/workspace/koarf/.venv/lib/python3.10/site-packages/torchvision.libs/libcudart.faf08d9a.so.13
7fbf002ac000-7fbf002ae000 rw-p 00000000 00:00 0 
7fbf002af000-7fbf002b4000 r--p 00000000 08:02 22180349                   /home/ubuntu/dev/workspace/koarf/.venv/lib/python3.10/site-packages/frozenlist/_frozenlist.cpython-310-x86_64-linux-gnu.so
7fbf002b4000-7fbf002c0000 r-xp 00005000 08:02 22180349                   /home/ubuntu/dev/workspace/koarf/.venv/lib/python3.10/site-packages/frozenlist/_frozenlist.cpython-310-x86_64-linux-gnu.so
7fbf002c0000-7fbf002c4000 r--p 00011000 08:02 22180349                   /home/ubuntu/dev/workspace/koarf/.venv/lib/python3.10/site-packages/frozenlist/_frozenlist.cpython-310-x86_64-linux-gnu.so
7fbf002c4000-7fbf002c5000 r--p 00014000 08:02 22180349                   /home/ubuntu/dev/workspace/koarf/.venv/lib/python3.10/site-packages/frozenlist/_frozenlist.cpython-310-x86_64-linux-gnu.so
7fbf002c5000-7fbf002c7000 rw-p 00015000 08:02 22180349                   /home/ubuntu/dev/workspace/koarf/.venv/lib/python3.10/site-packages/frozenlist/_frozenlist.cpython-310-x86_64-linux-gnu.so
7fbf002c7000-7fbf002cc000 r--p 00000000 08:02 22810321                   /home/ubuntu/dev/workspace/koarf/.venv/lib/python3.10/site-packages/pyarrow/_hdfs.cpython-310-x86_64-linux-gnu.so
7fbf002cc000-7fbf002dd000 r-xp 00005000 08:02 22810321                   /home/ubuntu/dev/workspace/koarf/.venv/lib/python3.10/site-packages/pyarrow/_hdfs.cpython-310-x86_64-linux-gnu.so
7fbf002dd000-7fbf002e1000 r--p 00016000 08:02 22810321                   /home/ubuntu/dev/workspace/koarf/.venv/lib/python3.10/site-packages/pyarrow/_hdfs.cpython-310-x86_64-linux-gnu.so
7fbf002e1000-7fbf002e2000 r--p 00019000 08:02 22810321                   /home/ubuntu/dev/workspace/koarf/.venv/lib/python3.10/site-packages/pyarrow/_hdfs.cpython-310-x86_64-linux-gnu.so
7fbf002e2000-7fbf002e3000 rw-p 0001a000 08:02 22810321                   /home/ubuntu/dev/workspace/koarf/.venv/lib/python3.10/site-packages/pyarrow/_hdfs.cpython-310-x86_64-linux-gnu.so
7fbf002e3000-7fbf002e4000 rw-p 00000000 00:00 0 
7fbf002e4000-7fbf002e9000 r--p 00000000 08:02 22810289                   /home/ubuntu/dev/workspace/koarf/.venv/lib/python3.10/site-packages/pyarrow/_azurefs.cpython-310-x86_64-linux-gnu.so
7fbf002e9000-7fbf002f9000 r-xp 00005000 08:02 22810289                   /home/ubuntu/dev/workspace/koarf/.venv/lib/python3.10/site-packages/pyarrow/_azurefs.cpython-310-x86_64-linux-gnu.so
7fbf002f9000-7fbf002fd000 r--p 00015000 08:02 22810289                   /home/ubuntu/dev/workspace/koarf/.venv/lib/python3.10/site-packages/pyarrow/_azurefs.cpython-310-x86_64-linux-gnu.so
7fbf002fd000-7fbf002fe000 r--p 00018000 08:02 22810289                   /home/ubuntu/dev/workspace/koarf/.venv/lib/python3.10/site-packages/pyarrow/_azurefs.cpython-310-x86_64-linux-gnu.so
7fbf002fe000-7fbf002ff000 rw-p 00019000 08:02 22810289                   /home/ubuntu/dev/workspace/koarf/.venv/lib/python3.10/site-packages/pyarrow/_azurefs.cpython-310-x86_64-linux-gnu.so
7fbf002ff000-7fbf00400000 rw-p 00000000 00:00 0 
7fbf00400000-7fbf0098c000 r-xp 00000000 08:02 22832898                   /home/ubuntu/dev/workspace/koarf/.venv/lib/python3.10/site-packages/torchvision.libs/libnvjpeg.36e11081.so.13
7fbf0098c000-7fbf00b8c000 ---p 0058c000 08:02 22832898                   /home/ubuntu/dev/workspace/koarf/.venv/lib/python3.10/site-packages/torchvision.libs/libnvjpeg.36e11081.so.13
7fbf00b8c000-7fbf00b98000 r--p 0058c000 08:02 22832898                   /home/ubuntu/dev/workspace/koarf/.venv/lib/python3.10/site-packages/torchvision.libs/libnvjpeg.36e11081.so.13
7fbf00b98000-7fbf00b99000 rw-p 00598000 08:02 22832898                   /home/ubuntu/dev/workspace/koarf/.venv/lib/python3.10/site-packages/torchvision.libs/libnvjpeg.36e11081.so.13
7fbf00b99000-7fbf00b9f000 rw-p 00000000 00:00 0 
7fbf00ba2000-7fbf00ba4000 r--p 00000000 08:02 10366610                   /usr/lib/jvm/java-11-openjdk-amd64/lib/libjimage.so
7fbf00ba4000-7fbf00ba7000 r-xp 00002000 08:02 10366610                   /usr/lib/jvm/java-11-openjdk-amd64/lib/libjimage.so
7fbf00ba7000-7fbf00ba8000 r--p 00005000 08:02 10366610                   /usr/lib/jvm/java-11-openjdk-amd64/lib/libjimage.so
7fbf00ba8000-7fbf00ba9000 ---p 00006000 08:02 10366610                   /usr/lib/jvm/java-11-openjdk-amd64/lib/libjimage.so
7fbf00ba9000-7fbf00baa000 r--p 00006000 08:02 10366610                   /usr/lib/jvm/java-11-openjdk-amd64/lib/libjimage.so
7fbf00baa000-7fbf00bab000 rw-p 00007000 08:02 10366610                   /usr/lib/jvm/java-11-openjdk-amd64/lib/libjimage.so
7fbf00bab000-7fbf00bae000 r--p 00000000 08:02 22286104                   /home/ubuntu/dev/workspace/koarf/.venv/lib/python3.10/site-packages/aiohttp/_websocket/mask.cpython-310-x86_64-linux-gnu.so
7fbf00bae000-7fbf00bb2000 r-xp 00003000 08:02 22286104                   /home/ubuntu/dev/workspace/koarf/.venv/lib/python3.10/site-packages/aiohttp/_websocket/mask.cpython-310-x86_64-linux-gnu.so
7fbf00bb2000-7fbf00bb4000 r--p 00007000 08:02 22286104                   /home/ubuntu/dev/workspace/koarf/.venv/lib/python3.10/site-packages/aiohttp/_websocket/mask.cpython-310-x86_64-linux-gnu.so
7fbf00bb4000-7fbf00bb5000 r--p 00008000 08:02 22286104                   /home/ubuntu/dev/workspace/koarf/.venv/lib/python3.10/site-packages/aiohttp/_websocket/mask.cpython-310-x86_64-linux-gnu.so
7fbf00bb5000-7fbf00bb6000 rw-p 00009000 08:02 22286104                   /home/ubuntu/dev/workspace/koarf/.venv/lib/python3.10/site-packages/aiohttp/_websocket/mask.cpython-310-x86_64-linux-gnu.so
7fbf00bb6000-7fbf00bc0000 r--p 00000000 08:02 22810332                   /home/ubuntu/dev/workspace/koarf/.venv/lib/python3.10/site-packages/pyarrow/_parquet_encryption.cpython-310-x86_64-linux-gnu.so
7fbf00bc0000-7fbf00be6000 r-xp 0000a000 08:02 22810332                   /home/ubuntu/dev/workspace/koarf/.venv/lib/python3.10/site-packages/pyarrow/_parquet_encryption.cpython-310-x86_64-linux-gnu.so
7fbf00be6000-7fbf00bf1000 r--p 00030000 08:02 22810332                   /home/ubuntu/dev/workspace/koarf/.venv/lib/python3.10/site-packages/pyarrow/_parquet_encryption.cpython-310-x86_64-linux-gnu.so
7fbf00bf1000-7fbf00bf2000 r--p 0003b000 08:02 22810332                   /home/ubuntu/dev/workspace/koarf/.venv/lib/python3.10/site-packages/pyarrow/_parquet_encryption.cpython-310-x86_64-linux-gnu.so
7fbf00bf2000-7fbf00bf5000 rw-p 0003c000 08:02 22810332                   /home/ubuntu/dev/workspace/koarf/.venv/lib/python3.10/site-packages/pyarrow/_parquet_encryption.cpython-310-x86_64-linux-gnu.so
7fbf00bf5000-7fbf00cf6000 rw-p 00000000 00:00 0 
7fbf00cf6000-7fbf00cf9000 r--p 00000000 08:02 22832902                   /home/ubuntu/dev/workspace/koarf/.venv/lib/python3.10/site-packages/torchvision.libs/libz.b9a71669.so.1
7fbf00cf9000-7fbf00d09000 r-xp 00003000 08:02 22832902                   /home/ubuntu/dev/workspace/koarf/.venv/lib/python3.10/site-packages/torchvision.libs/libz.b9a71669.so.1
7fbf00d09000-7fbf00d0f000 r--p 00013000 08:02 22832902                   /home/ubuntu/dev/workspace/koarf/.venv/lib/python3.10/site-packages/torchvision.libs/libz.b9a71669.so.1
7fbf00d0f000-7fbf00d10000 r--p 00019000 08:02 22832902                   /home/ubuntu/dev/workspace/koarf/.venv/lib/python3.10/site-packages/torchvision.libs/libz.b9a71669.so.1
7fbf00d10000-7fbf00d11000 rw-p 0001a000 08:02 22832902                   /home/ubuntu/dev/workspace/koarf/.venv/lib/python3.10/site-packages/torchvision.libs/libz.b9a71669.so.1
7fbf00d11000-7fbf00d15000 r--p 00000000 08:02 22832901                   /home/ubuntu/dev/workspace/koarf/.venv/lib/python3.10/site-packages/torchvision.libs/libwebp.4fcc8f97.so.7
7fbf00d15000-7fbf00db0000 r-xp 00004000 08:02 22832901                   /home/ubuntu/dev/workspace/koarf/.venv/lib/python3.10/site-packages/torchvision.libs/libwebp.4fcc8f97.so.7
7fbf00db0000-7fbf00dc4000 r--p 0009f000 08:02 22832901                   /home/ubuntu/dev/workspace/koarf/.venv/lib/python3.10/site-packages/torchvision.libs/libwebp.4fcc8f97.so.7
7fbf00dc4000-7fbf00dc5000 r--p 000b2000 08:02 22832901                   /home/ubuntu/dev/workspace/koarf/.venv/lib/python3.10/site-packages/torchvision.libs/libwebp.4fcc8f97.so.7
7fbf00dc5000-7fbf00dc6000 rw-p 000b3000 08:02 22832901                   /home/ubuntu/dev/workspace/koarf/.venv/lib/python3.10/site-packages/torchvision.libs/libwebp.4fcc8f97.so.7
7fbf00dc6000-7fbf00dc7000 rw-p 00000000 00:00 0 
7fbf00dc7000-7fbf00dc8000 rw-p 000c0000 08:02 22832901                   /home/ubuntu/dev/workspace/koarf/.venv/lib/python3.10/site-packages/torchvision.libs/libwebp.4fcc8f97.so.7
7fbf00dc8000-7fbf00dcf000 r--p 00000000 08:02 22832897                   /home/ubuntu/dev/workspace/koarf/.venv/lib/python3.10/site-packages/torchvision.libs/libjpeg.5980e1e3.so.8
7fbf00dcf000-7fbf00e64000 r-xp 00007000 08:02 22832897                   /home/ubuntu/dev/workspace/koarf/.venv/lib/python3.10/site-packages/torchvision.libs/libjpeg.5980e1e3.so.8
7fbf00e64000-7fbf00e8d000 r--p 0009c000 08:02 22832897                   /home/ubuntu/dev/workspace/koarf/.venv/lib/python3.10/site-packages/torchvision.libs/libjpeg.5980e1e3.so.8
7fbf00e8d000-7fbf00e8e000 r--p 000c5000 08:02 22832897                   /home/ubuntu/dev/workspace/koarf/.venv/lib/python3.10/site-packages/torchvision.libs/libjpeg.5980e1e3.so.8
7fbf00e8e000-7fbf00e8f000 rw-p 000c6000 08:02 22832897                   /home/ubuntu/dev/workspace/koarf/.venv/lib/python3.10/site-packages/torchvision.libs/libjpeg.5980e1e3.so.8
7fbf00e8f000-7fbf00e96000 r--p 00000000 08:02 22832899                   /home/ubuntu/dev/workspace/koarf/.venv/lib/python3.10/site-packages/torchvision.libs/libpng16.1c0b398e.so.16
7fbf00e96000-7fbf00ec0000 r-xp 00007000 08:02 22832899                   /home/ubuntu/dev/workspace/koarf/.venv/lib/python3.10/site-packages/torchvision.libs/libpng16.1c0b398e.so.16
7fbf00ec0000-7fbf00ecb000 r--p 00031000 08:02 22832899                   /home/ubuntu/dev/workspace/koarf/.venv/lib/python3.10/site-packages/torchvision.libs/libpng16.1c0b398e.so.16
7fbf00ecb000-7fbf00ecc000 r--p 0003c000 08:02 22832899                   /home/ubuntu/dev/workspace/koarf/.venv/lib/python3.10/site-packages/torchvision.libs/libpng16.1c0b398e.so.16
7fbf00ecc000-7fbf00ecd000 rw-p 0003d000 08:02 22832899                   /home/ubuntu/dev/workspace/koarf/.venv/lib/python3.10/site-packages/torchvision.libs/libpng16.1c0b398e.so.16
7fbf00ecd000-7fbf00ed0000 rw-p 00044000 08:02 22832899                   /home/ubuntu/dev/workspace/koarf/.venv/lib/python3.10/site-packages/torchvision.libs/libpng16.1c0b398e.so.16
7fbf00ed0000-7fbf00ee7000 r--p 00000000 08:02 22832701                   /home/ubuntu/dev/workspace/koarf/.venv/lib/python3.10/site-packages/torchvision/image.so
7fbf00ee7000-7fbf00f20000 r-xp 00017000 08:02 22832701                   /home/ubuntu/dev/workspace/koarf/.venv/lib/python3.10/site-packages/torchvision/image.so
7fbf00f20000-7fbf00f37000 r--p 00050000 08:02 22832701                   /home/ubuntu/dev/workspace/koarf/.venv/lib/python3.10/site-packages/torchvision/image.so
7fbf00f37000-7fbf00f38000 r--p 00067000 08:02 22832701                   /home/ubuntu/dev/workspace/koarf/.venv/lib/python3.10/site-packages/torchvision/image.so
7fbf00f38000-7fbf00f3a000 rw-p 00068000 08:02 22832701                   /home/ubuntu/dev/workspace/koarf/.venv/lib/python3.10/site-packages/torchvision/image.so
7fbf00f3a000-7fbf00f72000 rw-p 00083000 08:02 22832701                   /home/ubuntu/dev/workspace/koarf/.venv/lib/python3.10/site-packages/torchvision/image.so
7fbf00f72000-7fbf00f74000 r--p 00000000 08:02 8924096                    /usr/lib/x86_64-linux-gnu/libfribidi.so.0.4.0
7fbf00f74000-7fbf00f77000 r-xp 00002000 08:02 8924096                    /usr/lib/x86_64-linux-gnu/libfribidi.so.0.4.0
7fbf00f77000-7fbf00f8c000 r--p 00005000 08:02 8924096                    /usr/lib/x86_64-linux-gnu/libfribidi.so.0.4.0
7fbf00f8c000-7fbf00f8d000 r--p 00019000 08:02 8924096                    /usr/lib/x86_64-linux-gnu/libfribidi.so.0.4.0
7fbf00f8d000-7fbf00f8e000 rw-p 0001a000 08:02 8924096                    /usr/lib/x86_64-linux-gnu/libfribidi.so.0.4.0
7fbf00f91000-7fbf00f92000 r--p 00000000 08:02 22832900                   /home/ubuntu/dev/workspace/koarf/.venv/lib/python3.10/site-packages/torchvision.libs/libsharpyuv.5a6b5d87.so.0
7fbf00f92000-7fbf00f9a000 r-xp 00001000 08:02 22832900                   /home/ubuntu/dev/workspace/koarf/.venv/lib/python3.10/site-packages/torchvision.libs/libsharpyuv.5a6b5d87.so.0
7fbf00f9a000-7fbf00f9b000 r--p 00009000 08:02 22832900                   /home/ubuntu/dev/workspace/koarf/.venv/lib/python3.10/site-packages/torchvision.libs/libsharpyuv.5a6b5d87.so.0
7fbf00f9b000-7fbf00f9c000 r--p 00009000 08:02 22832900                   /home/ubuntu/dev/workspace/koarf/.venv/lib/python3.10/site-packages/torchvision.libs/libsharpyuv.5a6b5d87.so.0
7fbf00f9c000-7fbf00f9d000 rw-p 0000a000 08:02 22832900                   /home/ubuntu/dev/workspace/koarf/.venv/lib/python3.10/site-packages/torchvision.libs/libsharpyuv.5a6b5d87.so.0
7fbf00f9d000-7fbf00f9e000 rw-p 00000000 00:00 0 
7fbf00f9e000-7fbf00f9f000 r--p 00000000 08:02 22806647                   /home/ubuntu/dev/workspace/koarf/.venv/lib/python3.10/site-packages/pillow.libs/libbrotlicommon-53534446.so.1.2.0
7fbf00f9f000-7fbf00fa0000 r-xp 00001000 08:02 22806647                   /home/ubuntu/dev/workspace/koarf/.venv/lib/python3.10/site-packages/pillow.libs/libbrotlicommon-53534446.so.1.2.0
7fbf00fa0000-7fbf00fbf000 r--p 00002000 08:02 22806647                   /home/ubuntu/dev/workspace/koarf/.venv/lib/python3.10/site-packages/pillow.libs/libbrotlicommon-53534446.so.1.2.0
7fbf00fbf000-7fbf00fc0000 r--p 00021000 08:02 22806647                   /home/ubuntu/dev/workspace/koarf/.venv/lib/python3.10/site-packages/pillow.libs/libbrotlicommon-53534446.so.1.2.0
7fbf00fc0000-7fbf00fc2000 rw-p 00022000 08:02 22806647                   /home/ubuntu/dev/workspace/koarf/.venv/lib/python3.10/site-packages/pillow.libs/libbrotlicommon-53534446.so.1.2.0
7fbf00fc2000-7fbf00fc3000 r--p 00000000 08:02 22806648                   /home/ubuntu/dev/workspace/koarf/.venv/lib/python3.10/site-packages/pillow.libs/libbrotlidec-7e5462ba.so.1.2.0
7fbf00fc3000-7fbf00fcc000 r-xp 00001000 08:02 22806648                   /home/ubuntu/dev/workspace/koarf/.venv/lib/python3.10/site-packages/pillow.libs/libbrotlidec-7e5462ba.so.1.2.0
7fbf00fcc000-7fbf00fcf000 r--p 0000a000 08:02 22806648                   /home/ubuntu/dev/workspace/koarf/.venv/lib/python3.10/site-packages/pillow.libs/libbrotlidec-7e5462ba.so.1.2.0
7fbf00fcf000-7fbf00fd0000 r--p 0000c000 08:02 22806648                   /home/ubuntu/dev/workspace/koarf/.venv/lib/python3.10/site-packages/pillow.libs/libbrotlidec-7e5462ba.so.1.2.0
7fbf00fd0000-7fbf00fd4000 rw-p 0000d000 08:02 22806648                   /home/ubuntu/dev/workspace/koarf/.venv/lib/python3.10/site-packages/pillow.libs/libbrotlidec-7e5462ba.so.1.2.0
7fbf00fd4000-7fbf00fd9000 r--p 00000000 08:02 22806655                   /home/ubuntu/dev/workspace/koarf/.venv/lib/python3.10/site-packages/pillow.libs/libpng16-abb096d5.so.16.58.0
7fbf00fd9000-7fbf0100b000 r-xp 00005000 08:02 22806655                   /home/ubuntu/dev/workspace/koarf/.venv/lib/python3.10/site-packages/pillow.libs/libpng16-abb096d5.so.16.58.0
7fbf0100b000-7fbf01015000 r--p 00037000 08:02 22806655                   /home/ubuntu/dev/workspace/koarf/.venv/lib/python3.10/site-packages/pillow.libs/libpng16-abb096d5.so.16.58.0
7fbf01015000-7fbf01016000 r--p 00040000 08:02 22806655                   /home/ubuntu/dev/workspace/koarf/.venv/lib/python3.10/site-packages/pillow.libs/libpng16-abb096d5.so.16.58.0
7fbf01016000-7fbf01019000 rw-p 00041000 08:02 22806655                   /home/ubuntu/dev/workspace/koarf/.venv/lib/python3.10/site-packages/pillow.libs/libpng16-abb096d5.so.16.58.0
7fbf01019000-7fbf01025000 r--p 00000000 08:02 22806650                   /home/ubuntu/dev/workspace/koarf/.venv/lib/python3.10/site-packages/pillow.libs/libharfbuzz-172d1f63.so.0.61421.0
7fbf01025000-7fbf010ab000 r-xp 0000c000 08:02 22806650                   /home/ubuntu/dev/workspace/koarf/.venv/lib/python3.10/site-packages/pillow.libs/libharfbuzz-172d1f63.so.0.61421.0
7fbf010ab000-7fbf010f4000 r--p 00092000 08:02 22806650                   /home/ubuntu/dev/workspace/koarf/.venv/lib/python3.10/site-packages/pillow.libs/libharfbuzz-172d1f63.so.0.61421.0
7fbf010f4000-7fbf010f5000 r--p 000db000 08:02 22806650                   /home/ubuntu/dev/workspace/koarf/.venv/lib/python3.10/site-packages/pillow.libs/libharfbuzz-172d1f63.so.0.61421.0
7fbf010f5000-7fbf010f7000 rw-p 000dc000 08:02 22806650                   /home/ubuntu/dev/workspace/koarf/.venv/lib/python3.10/site-packages/pillow.libs/libharfbuzz-172d1f63.so.0.61421.0
7fbf010f7000-7fbf01105000 rw-p 000df000 08:02 22806650                   /home/ubuntu/dev/workspace/koarf/.venv/lib/python3.10/site-packages/pillow.libs/libharfbuzz-172d1f63.so.0.61421.0
7fbf01105000-7fbf01113000 r--p 00000000 08:02 22806649                   /home/ubuntu/dev/workspace/koarf/.venv/lib/python3.10/site-packages/pillow.libs/libfreetype-9fc94c80.so.6.20.6
7fbf01113000-7fbf011dd000 r-xp 0000e000 08:02 22806649                   /home/ubuntu/dev/workspace/koarf/.venv/lib/python3.10/site-packages/pillow.libs/libfreetype-9fc94c80.so.6.20.6
7fbf011dd000-7fbf0120a000 r--p 000d8000 08:02 22806649                   /home/ubuntu/dev/workspace/koarf/.venv/lib/python3.10/site-packages/pillow.libs/libfreetype-9fc94c80.so.6.20.6
7fbf0120a000-7fbf01211000 r--p 00104000 08:02 22806649                   /home/ubuntu/dev/workspace/koarf/.venv/lib/python3.10/site-packages/pillow.libs/libfreetype-9fc94c80.so.6.20.6
7fbf01211000-7fbf01214000 rw-p 0010b000 08:02 22806649                   /home/ubuntu/dev/workspace/koarf/.venv/lib/python3.10/site-packages/pillow.libs/libfreetype-9fc94c80.so.6.20.6
7fbf01214000-7fbf0121a000 rw-p 00161000 08:02 22806649                   /home/ubuntu/dev/workspace/koarf/.venv/lib/python3.10/site-packages/pillow.libs/libfreetype-9fc94c80.so.6.20.6
7fbf0121a000-7fbf0131a000 rw-p 00000000 00:00 0 
7fbf0131a000-7fbf01381000 r--p 00000000 08:02 22832694                   /home/ubuntu/dev/workspace/koarf/.venv/lib/python3.10/site-packages/torchvision/_C.so
7fbf01381000-7fbf01448000 r-xp 00067000 08:02 22832694                   /home/ubuntu/dev/workspace/koarf/.venv/lib/python3.10/site-packages/torchvision/_C.so
7fbf01448000-7fbf01b01000 r--p 0012e000 08:02 22832694                   /home/ubuntu/dev/workspace/koarf/.venv/lib/python3.10/site-packages/torchvision/_C.so
7fbf01b01000-7fbf01b03000 r--p 007e6000 08:02 22832694                   /home/ubuntu/dev/workspace/koarf/.venv/lib/python3.10/site-packages/torchvision/_C.so
7fbf01b03000-7fbf01b07000 rw-p 007e8000 08:02 22832694                   /home/ubuntu/dev/workspace/koarf/.venv/lib/python3.10/site-packages/torchvision/_C.so
7fbf01b07000-7fbf02b09000 rw-p 00000000 00:00 0 
7fbf02b09000-7fbf07b1c000 r--p 00000000 08:02 22170139                   /home/ubuntu/dev/workspace/koarf/.venv/lib/python3.10/site-packages/triton/_C/libtriton.so
7fbf07b1c000-7fbf0d501000 r-xp 05012000 08:02 22170139                   /home/ubuntu/dev/workspace/koarf/.venv/lib/python3.10/site-packages/triton/_C/libtriton.so
7fbf0d501000-7fbf0d667000 r--p 0a9f6000 08:02 22170139                   /home/ubuntu/dev/workspace/koarf/.venv/lib/python3.10/site-packages/triton/_C/libtriton.so
7fbf0d667000-7fbf0d6d4000 rw-p 0ab5b000 08:02 22170139                   /home/ubuntu/dev/workspace/koarf/.venv/lib/python3.10/site-packages/triton/_C/libtriton.so
7fbf0d6d4000-7fbf0f56c000 rw-p 00000000 00:00 0 
7fbf0f56c000-7fbf0f5a8000 r--p 00000000 08:02 22155588                   /home/ubuntu/dev/workspace/koarf/.venv/lib/python3.10/site-packages/safetensors/_safetensors_rust.abi3.so
7fbf0f5a8000-7fbf0f640000 r-xp 0003b000 08:02 22155588                   /home/ubuntu/dev/workspace/koarf/.venv/lib/python3.10/site-packages/safetensors/_safetensors_rust.abi3.so
7fbf0f640000-7fbf0f647000 r--p 000d2000 08:02 22155588                   /home/ubuntu/dev/workspace/koarf/.venv/lib/python3.10/site-packages/safetensors/_safetensors_rust.abi3.so
7fbf0f647000-7fbf0f64a000 rw-p 000d8000 08:02 22155588                   /home/ubuntu/dev/workspace/koarf/.venv/lib/python3.10/site-packages/safetensors/_safetensors_rust.abi3.so
7fbf0f64a000-7fbf0f74a000 rw-p 00000000 00:00 0 
7fbf0f74a000-7fbf0f74e000 r--p 00000000 08:02 22282587                   /home/ubuntu/dev/workspace/koarf/.venv/lib/python3.10/site-packages/sklearn/metrics/_pairwise_fast.cpython-310-x86_64-linux-gnu.so
7fbf0f74e000-7fbf0f766000 r-xp 00004000 08:02 22282587                   /home/ubuntu/dev/workspace/koarf/.venv/lib/python3.10/site-packages/sklearn/metrics/_pairwise_fast.cpython-310-x86_64-linux-gnu.so
7fbf0f766000-7fbf0f76b000 r--p 0001c000 08:02 22282587                   /home/ubuntu/dev/workspace/koarf/.venv/lib/python3.10/site-packages/sklearn/metrics/_pairwise_fast.cpython-310-x86_64-linux-gnu.so
7fbf0f76b000-7fbf0f76c000 ---p 00021000 08:02 22282587                   /home/ubuntu/dev/workspace/koarf/.venv/lib/python3.10/site-packages/sklearn/metrics/_pairwise_fast.cpython-310-x86_64-linux-gnu.so
7fbf0f76c000-7fbf0f76d000 r--p 00021000 08:02 22282587                   /home/ubuntu/dev/workspace/koarf/.venv/lib/python3.10/site-packages/sklearn/metrics/_pairwise_fast.cpython-310-x86_64-linux-gnu.so
7fbf0f76d000-7fbf0f76e000 rw-p 00022000 08:02 22282587                   /home/ubuntu/dev/workspace/koarf/.venv/lib/python3.10/site-packages/sklearn/metrics/_pairwise_fast.cpython-310-x86_64-linux-gnu.so
7fbf0f76e000-7fbf0f76f000 rw-p 00000000 00:00 0 
7fbf0f76f000-7fbf0f772000 rw-p 00029000 08:02 22282587                   /home/ubuntu/dev/workspace/koarf/.venv/lib/python3.10/site-packages/sklearn/metrics/_pairwise_fast.cpython-310-x86_64-linux-gnu.so
7fbf0f772000-7fbf0f777000 r--p 00000000 08:02 22282615                   /home/ubuntu/dev/workspace/koarf/.venv/lib/python3.10/site-packages/sklearn/metrics/_pairwise_distances_reduction/_radius_neighbors_classmode.cpython-310-x86_64-linux-gnu.so
7fbf0f777000-7fbf0f78e000 r-xp 00005000 08:02 22282615                   /home/ubuntu/dev/workspace/koarf/.venv/lib/python3.10/site-packages/sklearn/metrics/_pairwise_distances_reduction/_radius_neighbors_classmode.cpython-310-x86_64-linux-gnu.so
7fbf0f78e000-7fbf0f794000 r--p 0001c000 08:02 22282615                   /home/ubuntu/dev/workspace/koarf/.venv/lib/python3.10/site-packages/sklearn/metrics/_pairwise_distances_reduction/_radius_neighbors_classmode.cpython-310-x86_64-linux-gnu.so
7fbf0f794000-7fbf0f795000 ---p 00022000 08:02 22282615                   /home/ubuntu/dev/workspace/koarf/.venv/lib/python3.10/site-packages/sklearn/metrics/_pairwise_distances_reduction/_radius_neighbors_classmode.cpython-310-x86_64-linux-gnu.so
7fbf0f795000-7fbf0f796000 r--p 00022000 08:02 22282615                   /home/ubuntu/dev/workspace/koarf/.venv/lib/python3.10/site-packages/sklearn/metrics/_pairwise_distances_reduction/_radius_neighbors_classmode.cpython-310-x86_64-linux-gnu.so
7fbf0f796000-7fbf0f797000 rw-p 00023000 08:02 22282615                   /home/ubuntu/dev/workspace/koarf/.venv/lib/python3.10/site-packages/sklearn/metrics/_pairwise_distances_reduction/_radius_neighbors_classmode.cpython-310-x86_64-linux-gnu.so
7fbf0f797000-7fbf0f798000 rw-p 00000000 00:00 0 
7fbf0f798000-7fbf0f79b000 rw-p 0002f000 08:02 22282615                   /home/ubuntu/dev/workspace/koarf/.venv/lib/python3.10/site-packages/sklearn/metrics/_pairwise_distances_reduction/_radius_neighbors_classmode.cpython-310-x86_64-linux-gnu.so
7fbf0f79b000-7fbf0f7a0000 r--p 00000000 08:02 22282910                   /home/ubuntu/dev/workspace/koarf/.venv/lib/python3.10/site-packages/sklearn/utils/_vector_sentinel.cpython-310-x86_64-linux-gnu.so
7fbf0f7a0000-7fbf0f7b3000 r-xp 00005000 08:02 22282910                   /home/ubuntu/dev/workspace/koarf/.venv/lib/python3.10/site-packages/sklearn/utils/_vector_sentinel.cpython-310-x86_64-linux-gnu.so
7fbf0f7b3000-7fbf0f7b8000 r--p 00018000 08:02 22282910                   /home/ubuntu/dev/workspace/koarf/.venv/lib/python3.10/site-packages/sklearn/utils/_vector_sentinel.cpython-310-x86_64-linux-gnu.so
7fbf0f7b8000-7fbf0f7b9000 ---p 0001d000 08:02 22282910                   /home/ubuntu/dev/workspace/koarf/.venv/lib/python3.10/site-packages/sklearn/utils/_vector_sentinel.cpython-310-x86_64-linux-gnu.so
7fbf0f7b9000-7fbf0f7ba000 r--p 0001d000 08:02 22282910                   /home/ubuntu/dev/workspace/koarf/.venv/lib/python3.10/site-packages/sklearn/utils/_vector_sentinel.cpython-310-x86_64-linux-gnu.so
7fbf0f7ba000-7fbf0f7bc000 rw-p 0001e000 08:02 22282910                   /home/ubuntu/dev/workspace/koarf/.venv/lib/python3.10/site-packages/sklearn/utils/_vector_sentinel.cpython-310-x86_64-linux-gnu.so
7fbf0f7bc000-7fbf0f7c2000 r--p 00000000 08:02 22282612                   /home/ubuntu/dev/workspace/koarf/.venv/lib/python3.10/site-packages/sklearn/metrics/_pairwise_distances_reduction/_radius_neighbors.cpython-310-x86_64-linux-gnu.so
7fbf0f7c2000-7fbf0f7e4000 r-xp 00006000 08:02 22282612                   /home/ubuntu/dev/workspace/koarf/.venv/lib/python3.10/site-packages/sklearn/metrics/_pairwise_distances_reduction/_radius_neighbors.cpython-310-x86_64-linux-gnu.so
7fbf0f7e4000-7fbf0f7ed000 r--p 00028000 08:02 22282612                   /home/ubuntu/dev/workspace/koarf/.venv/lib/python3.10/site-packages/sklearn/metrics/_pairwise_distances_reduction/_radius_neighbors.cpython-310-x86_64-linux-gnu.so
7fbf0f7ed000-7fbf0f7ee000 ---p 00031000 08:02 22282612                   /home/ubuntu/dev/workspace/koarf/.venv/lib/python3.10/site-packages/sklearn/metrics/_pairwise_distances_reduction/_radius_neighbors.cpython-310-x86_64-linux-gnu.so
7fbf0f7ee000-7fbf0f7ef000 r--p 00031000 08:02 22282612                   /home/ubuntu/dev/workspace/koarf/.venv/lib/python3.10/site-packages/sklearn/metrics/_pairwise_distances_reduction/_radius_neighbors.cpython-310-x86_64-linux-gnu.so
7fbf0f7ef000-7fbf0f7f1000 rw-p 00032000 08:02 22282612                   /home/ubuntu/dev/workspace/koarf/.venv/lib/python3.10/site-packages/sklearn/metrics/_pairwise_distances_reduction/_radius_neighbors.cpython-310-x86_64-linux-gnu.so
7fbf0f7f1000-7fbf0f7f2000 rw-p 00000000 00:00 0 
7fbf0f7f2000-7fbf0f7f6000 rw-p 00045000 08:02 22282612                   /home/ubuntu/dev/workspace/koarf/.venv/lib/python3.10/site-packages/sklearn/metrics/_pairwise_distances_reduction/_radius_neighbors.cpython-310-x86_64-linux-gnu.so
7fbf0f7f6000-7fbf0f7fa000 r--p 00000000 08:02 22282599                   /home/ubuntu/dev/workspace/koarf/.venv/lib/python3.10/site-packages/sklearn/metrics/_pairwise_distances_reduction/_argkmin_classmode.cpython-310-x86_64-linux-gnu.so
7fbf0f7fa000-7fbf0f80d000 r-xp 00004000 08:02 22282599                   /home/ubuntu/dev/workspace/koarf/.venv/lib/python3.10/site-packages/sklearn/metrics/_pairwise_distances_reduction/_argkmin_classmode.cpython-310-x86_64-linux-gnu.so
7fbf0f80d000-7fbf0f813000 r--p 00017000 08:02 22282599                   /home/ubuntu/dev/workspace/koarf/.venv/lib/python3.10/site-packages/sklearn/metrics/_pairwise_distances_reduction/_argkmin_classmode.cpython-310-x86_64-linux-gnu.so
7fbf0f813000-7fbf0f814000 r--p 0001c000 08:02 22282599                   /home/ubuntu/dev/workspace/koarf/.venv/lib/python3.10/site-packages/sklearn/metrics/_pairwise_distances_reduction/_argkmin_classmode.cpython-310-x86_64-linux-gnu.so
7fbf0f814000-7fbf0f815000 rw-p 0001d000 08:02 22282599                   /home/ubuntu/dev/workspace/koarf/.venv/lib/python3.10/site-packages/sklearn/metrics/_pairwise_distances_reduction/_argkmin_classmode.cpython-310-x86_64-linux-gnu.so
7fbf0f815000-7fbf0f816000 rw-p 00000000 00:00 0 
7fbf0f816000-7fbf0f819000 rw-p 00027000 08:02 22282599                   /home/ubuntu/dev/workspace/koarf/.venv/lib/python3.10/site-packages/sklearn/metrics/_pairwise_distances_reduction/_argkmin_classmode.cpython-310-x86_64-linux-gnu.so
7fbf0f819000-7fbf0f81f000 r--p 00000000 08:02 22282609                   /home/ubuntu/dev/workspace/koarf/.venv/lib/python3.10/site-packages/sklearn/metrics/_pairwise_distances_reduction/_middle_term_computer.cpython-310-x86_64-linux-gnu.so
7fbf0f81f000-7fbf0f855000 r-xp 00006000 08:02 22282609                   /home/ubuntu/dev/workspace/koarf/.venv/lib/python3.10/site-packages/sklearn/metrics/_pairwise_distances_reduction/_middle_term_computer.cpython-310-x86_64-linux-gnu.so
7fbf0f855000-7fbf0f861000 r--p 0003c000 08:02 22282609                   /home/ubuntu/dev/workspace/koarf/.venv/lib/python3.10/site-packages/sklearn/metrics/_pairwise_distances_reduction/_middle_term_computer.cpython-310-x86_64-linux-gnu.so
7fbf0f861000-7fbf0f862000 r--p 00047000 08:02 22282609                   /home/ubuntu/dev/workspace/koarf/.venv/lib/python3.10/site-packages/sklearn/metrics/_pairwise_distances_reduction/_middle_term_computer.cpython-310-x86_64-linux-gnu.so
7fbf0f862000-7fbf0f864000 rw-p 00048000 08:02 22282609                   /home/ubuntu/dev/workspace/koarf/.venv/lib/python3.10/site-packages/sklearn/metrics/_pairwise_distances_reduction/_middle_term_computer.cpython-310-x86_64-linux-gnu.so
7fbf0f864000-7fbf0f865000 rw-p 00000000 00:00 0 
7fbf0f865000-7fbf0f86a000 r--p 00000000 08:02 22282866                   /home/ubuntu/dev/workspace/koarf/.venv/lib/python3.10/site-packages/sklearn/utils/_cython_blas.cpython-310-x86_64-linux-gnu.so
7fbf0f86a000-7fbf0f8a9000 r-xp 00005000 08:02 22282866                   /home/ubuntu/dev/workspace/koarf/.venv/lib/python3.10/site-packages/sklearn/utils/_cython_blas.cpython-310-x86_64-linux-gnu.so
7fbf0f8a9000-7fbf0f8b2000 r--p 00044000 08:02 22282866                   /home/ubuntu/dev/workspace/koarf/.venv/lib/python3.10/site-packages/sklearn/utils/_cython_blas.cpython-310-x86_64-linux-gnu.so
7fbf0f8b2000-7fbf0f8b3000 r--p 0004c000 08:02 22282866                   /home/ubuntu/dev/workspace/koarf/.venv/lib/python3.10/site-packages/sklearn/utils/_cython_blas.cpython-310-x86_64-linux-gnu.so
7fbf0f8b3000-7fbf0f8b5000 rw-p 0004d000 08:02 22282866                   /home/ubuntu/dev/workspace/koarf/.venv/lib/python3.10/site-packages/sklearn/utils/_cython_blas.cpython-310-x86_64-linux-gnu.so
7fbf0f8b5000-7fbf0f8bb000 r--p 00000000 08:02 22282605                   /home/ubuntu/dev/workspace/koarf/.venv/lib/python3.10/site-packages/sklearn/metrics/_pairwise_distances_reduction/_datasets_pair.cpython-310-x86_64-linux-gnu.so
7fbf0f8bb000-7fbf0f8ef000 r-xp 00006000 08:02 22282605                   /home/ubuntu/dev/workspace/koarf/.venv/lib/python3.10/site-packages/sklearn/metrics/_pairwise_distances_reduction/_datasets_pair.cpython-310-x86_64-linux-gnu.so
7fbf0f8ef000-7fbf0f8fb000 r--p 0003a000 08:02 22282605                   /home/ubuntu/dev/workspace/koarf/.venv/lib/python3.10/site-packages/sklearn/metrics/_pairwise_distances_reduction/_datasets_pair.cpython-310-x86_64-linux-gnu.so
7fbf0f8fb000-7fbf0f8fc000 ---p 00046000 08:02 22282605                   /home/ubuntu/dev/workspace/koarf/.venv/lib/python3.10/site-packages/sklearn/metrics/_pairwise_distances_reduction/_datasets_pair.cpython-310-x86_64-linux-gnu.so
7fbf0f8fc000-7fbf0f8fd000 r--p 00046000 08:02 22282605                   /home/ubuntu/dev/workspace/koarf/.venv/lib/python3.10/site-packages/sklearn/metrics/_pairwise_distances_reduction/_datasets_pair.cpython-310-x86_64-linux-gnu.so
7fbf0f8fd000-7fbf0f900000 rw-p 00047000 08:02 22282605                   /home/ubuntu/dev/workspace/koarf/.venv/lib/python3.10/site-packages/sklearn/metrics/_pairwise_distances_reduction/_datasets_pair.cpython-310-x86_64-linux-gnu.so
7fbf0f900000-7fbf0fa00000 rw-p 00000000 00:00 0 
7fbf0fa00000-7fbf0fa25000 r-xp 00000000 08:02 22185806                   /home/ubuntu/dev/workspace/koarf/.venv/lib/python3.10/site-packages/scikit_learn.libs/libgomp-a34b3233.so.1.0.0
7fbf0fa25000-7fbf0fc24000 ---p 00025000 08:02 22185806                   /home/ubuntu/dev/workspace/koarf/.venv/lib/python3.10/site-packages/scikit_learn.libs/libgomp-a34b3233.so.1.0.0
7fbf0fc24000-7fbf0fc25000 r--p 00024000 08:02 22185806                   /home/ubuntu/dev/workspace/koarf/.venv/lib/python3.10/site-packages/scikit_learn.libs/libgomp-a34b3233.so.1.0.0
7fbf0fc25000-7fbf0fc2a000 rw-p 00025000 08:02 22185806                   /home/ubuntu/dev/workspace/koarf/.venv/lib/python3.10/site-packages/scikit_learn.libs/libgomp-a34b3233.so.1.0.0
7fbf0fc31000-7fbf0fc36000 r--p 00000000 08:02 22806627                   /home/ubuntu/dev/workspace/koarf/.venv/lib/python3.10/site-packages/PIL/_imagingft.cpython-310-x86_64-linux-gnu.so
7fbf0fc36000-7fbf0fc3f000 r-xp 00005000 08:02 22806627                   /home/ubuntu/dev/workspace/koarf/.venv/lib/python3.10/site-packages/PIL/_imagingft.cpython-310-x86_64-linux-gnu.so
7fbf0fc3f000-7fbf0fc42000 r--p 0000e000 08:02 22806627                   /home/ubuntu/dev/workspace/koarf/.venv/lib/python3.10/site-packages/PIL/_imagingft.cpython-310-x86_64-linux-gnu.so
7fbf0fc42000-7fbf0fc43000 r--p 00010000 08:02 22806627                   /home/ubuntu/dev/workspace/koarf/.venv/lib/python3.10/site-packages/PIL/_imagingft.cpython-310-x86_64-linux-gnu.so
7fbf0fc43000-7fbf0fc44000 rw-p 00011000 08:02 22806627                   /home/ubuntu/dev/workspace/koarf/.venv/lib/python3.10/site-packages/PIL/_imagingft.cpython-310-x86_64-linux-gnu.so
7fbf0fc44000-7fbf0fc46000 rw-p 0004c000 08:02 22806627                   /home/ubuntu/dev/workspace/koarf/.venv/lib/python3.10/site-packages/PIL/_imagingft.cpython-310-x86_64-linux-gnu.so
7fbf0fc46000-7fbf0fc4b000 r--p 00000000 08:02 22282601                   /home/ubuntu/dev/workspace/koarf/.venv/lib/python3.10/site-packages/sklearn/metrics/_pairwise_distances_reduction/_base.cpython-310-x86_64-linux-gnu.so
7fbf0fc4b000-7fbf0fc67000 r-xp 00005000 08:02 22282601                   /home/ubuntu/dev/workspace/koarf/.venv/lib/python3.10/site-packages/sklearn/metrics/_pairwise_distances_reduction/_base.cpython-310-x86_64-linux-gnu.so
7fbf0fc67000-7fbf0fc6e000 r--p 00021000 08:02 22282601                   /home/ubuntu/dev/workspace/koarf/.venv/lib/python3.10/site-packages/sklearn/metrics/_pairwise_distances_reduction/_base.cpython-310-x86_64-linux-gnu.so
7fbf0fc6e000-7fbf0fc6f000 r--p 00027000 08:02 22282601                   /home/ubuntu/dev/workspace/koarf/.venv/lib/python3.10/site-packages/sklearn/metrics/_pairwise_distances_reduction/_base.cpython-310-x86_64-linux-gnu.so
7fbf0fc6f000-7fbf0fc71000 rw-p 00028000 08:02 22282601                   /home/ubuntu/dev/workspace/koarf/.venv/lib/python3.10/site-packages/sklearn/metrics/_pairwise_distances_reduction/_base.cpython-310-x86_64-linux-gnu.so
7fbf0fc71000-7fbf0fc74000 rw-p 00037000 08:02 22282601                   /home/ubuntu/dev/workspace/koarf/.venv/lib/python3.10/site-packages/sklearn/metrics/_pairwise_distances_reduction/_base.cpython-310-x86_64-linux-gnu.so
7fbf0fc74000-7fbf0fc79000 r--p 00000000 08:02 22282596                   /home/ubuntu/dev/workspace/koarf/.venv/lib/python3.10/site-packages/sklearn/metrics/_pairwise_distances_reduction/_argkmin.cpython-310-x86_64-linux-gnu.so
7fbf0fc79000-7fbf0fc9a000 r-xp 00005000 08:02 22282596                   /home/ubuntu/dev/workspace/koarf/.venv/lib/python3.10/site-packages/sklearn/metrics/_pairwise_distances_reduction/_argkmin.cpython-310-x86_64-linux-gnu.so
7fbf0fc9a000-7fbf0fca2000 r--p 00026000 08:02 22282596                   /home/ubuntu/dev/workspace/koarf/.venv/lib/python3.10/site-packages/sklearn/metrics/_pairwise_distances_reduction/_argkmin.cpython-310-x86_64-linux-gnu.so
7fbf0fca2000-7fbf0fca3000 r--p 0002d000 08:02 22282596                   /home/ubuntu/dev/workspace/koarf/.venv/lib/python3.10/site-packages/sklearn/metrics/_pairwise_distances_reduction/_argkmin.cpython-310-x86_64-linux-gnu.so
7fbf0fca3000-7fbf0fca5000 rw-p 0002e000 08:02 22282596                   /home/ubuntu/dev/workspace/koarf/.venv/lib/python3.10/site-packages/sklearn/metrics/_pairwise_distances_reduction/_argkmin.cpython-310-x86_64-linux-gnu.so
7fbf0fca5000-7fbf0fca6000 rw-p 00000000 00:00 0 
7fbf0fca6000-7fbf0fca9000 rw-p 0003f000 08:02 22282596                   /home/ubuntu/dev/workspace/koarf/.venv/lib/python3.10/site-packages/sklearn/metrics/_pairwise_distances_reduction/_argkmin.cpython-310-x86_64-linux-gnu.so
7fbf0fca9000-7fbf0fcb2000 r--p 00000000 08:02 22282583                   /home/ubuntu/dev/workspace/koarf/.venv/lib/python3.10/site-packages/sklearn/metrics/_dist_metrics.cpython-310-x86_64-linux-gnu.so
7fbf0fcb2000-7fbf0fd10000 r-xp 00009000 08:02 22282583                   /home/ubuntu/dev/workspace/koarf/.venv/lib/python3.10/site-packages/sklearn/metrics/_dist_metrics.cpython-310-x86_64-linux-gnu.so
7fbf0fd10000-7fbf0fd25000 r--p 00067000 08:02 22282583                   /home/ubuntu/dev/workspace/koarf/.venv/lib/python3.10/site-packages/sklearn/metrics/_dist_metrics.cpython-310-x86_64-linux-gnu.so
7fbf0fd25000-7fbf0fd27000 r--p 0007b000 08:02 22282583                   /home/ubuntu/dev/workspace/koarf/.venv/lib/python3.10/site-packages/sklearn/metrics/_dist_metrics.cpython-310-x86_64-linux-gnu.so
7fbf0fd27000-7fbf0fd2d000 rw-p 0007d000 08:02 22282583                   /home/ubuntu/dev/workspace/koarf/.venv/lib/python3.10/site-packages/sklearn/metrics/_dist_metrics.cpython-310-x86_64-linux-gnu.so
7fbf0fd2d000-7fbf0fd30000 rw-p 00000000 00:00 0 
7fbf0fd30000-7fbf0fd35000 r--p 00000000 08:02 22282743                   /home/ubuntu/dev/workspace/koarf/.venv/lib/python3.10/site-packages/sklearn/preprocessing/_target_encoder_fast.cpython-310-x86_64-linux-gnu.so
7fbf0fd35000-7fbf0fd81000 r-xp 00005000 08:02 22282743                   /home/ubuntu/dev/workspace/koarf/.venv/lib/python3.10/site-packages/sklearn/preprocessing/_target_encoder_fast.cpython-310-x86_64-linux-gnu.so
7fbf0fd81000-7fbf0fd88000 r--p 00051000 08:02 22282743                   /home/ubuntu/dev/workspace/koarf/.venv/lib/python3.10/site-packages/sklearn/preprocessing/_target_encoder_fast.cpython-310-x86_64-linux-gnu.so
7fbf0fd88000-7fbf0fd89000 ---p 00058000 08:02 22282743                   /home/ubuntu/dev/workspace/koarf/.venv/lib/python3.10/site-packages/sklearn/preprocessing/_target_encoder_fast.cpython-310-x86_64-linux-gnu.so
7fbf0fd89000-7fbf0fd8a000 r--p 00058000 08:02 22282743                   /home/ubuntu/dev/workspace/koarf/.venv/lib/python3.10/site-packages/sklearn/preprocessing/_target_encoder_fast.cpython-310-x86_64-linux-gnu.so
7fbf0fd8a000-7fbf0fd8c000 rw-p 00059000 08:02 22282743                   /home/ubuntu/dev/workspace/koarf/.venv/lib/python3.10/site-packages/sklearn/preprocessing/_target_encoder_fast.cpython-310-x86_64-linux-gnu.so
7fbf0fd8c000-7fbf0fd91000 r--p 00000000 08:02 22282734                   /home/ubuntu/dev/workspace/koarf/.venv/lib/python3.10/site-packages/sklearn/preprocessing/_csr_polynomial_expansion.cpython-310-x86_64-linux-gnu.so
7fbf0fd91000-7fbf0fdd3000 r-xp 00005000 08:02 22282734                   /home/ubuntu/dev/workspace/koarf/.venv/lib/python3.10/site-packages/sklearn/preprocessing/_csr_polynomial_expansion.cpython-310-x86_64-linux-gnu.so
7fbf0fdd3000-7fbf0fdda000 r--p 00047000 08:02 22282734                   /home/ubuntu/dev/workspace/koarf/.venv/lib/python3.10/site-packages/sklearn/preprocessing/_csr_polynomial_expansion.cpython-310-x86_64-linux-gnu.so
7fbf0fdda000-7fbf0fddb000 ---p 0004e000 08:02 22282734                   /home/ubuntu/dev/workspace/koarf/.venv/lib/python3.10/site-packages/sklearn/preprocessing/_csr_polynomial_expansion.cpython-310-x86_64-linux-gnu.so
7fbf0fddb000-7fbf0fddc000 r--p 0004e000 08:02 22282734                   /home/ubuntu/dev/workspace/koarf/.venv/lib/python3.10/site-packages/sklearn/preprocessing/_csr_polynomial_expansion.cpython-310-x86_64-linux-gnu.so
7fbf0fddc000-7fbf0fdde000 rw-p 0004f000 08:02 22282734                   /home/ubuntu/dev/workspace/koarf/.venv/lib/python3.10/site-packages/sklearn/preprocessing/_csr_polynomial_expansion.cpython-310-x86_64-linux-gnu.so
7fbf0fdde000-7fbf0fde2000 r--p 00000000 08:02 22282636                   /home/ubuntu/dev/workspace/koarf/.venv/lib/python3.10/site-packages/sklearn/metrics/cluster/_expected_mutual_info_fast.cpython-310-x86_64-linux-gnu.so
7fbf0fde2000-7fbf0fdef000 r-xp 00004000 08:02 22282636                   /home/ubuntu/dev/workspace/koarf/.venv/lib/python3.10/site-packages/sklearn/metrics/cluster/_expected_mutual_info_fast.cpython-310-x86_64-linux-gnu.so
7fbf0fdef000-7fbf0fdf3000 r--p 00011000 08:02 22282636                   /home/ubuntu/dev/workspace/koarf/.venv/lib/python3.10/site-packages/sklearn/metrics/cluster/_expected_mutual_info_fast.cpython-310-x86_64-linux-gnu.so
7fbf0fdf3000-7fbf0fdf4000 r--p 00014000 08:02 22282636                   /home/ubuntu/dev/workspace/koarf/.venv/lib/python3.10/site-packages/sklearn/metrics/cluster/_expected_mutual_info_fast.cpython-310-x86_64-linux-gnu.so
7fbf0fdf4000-7fbf0fdf5000 rw-p 00015000 08:02 22282636                   /home/ubuntu/dev/workspace/koarf/.venv/lib/python3.10/site-packages/sklearn/metrics/cluster/_expected_mutual_info_fast.cpython-310-x86_64-linux-gnu.so
7fbf0fdf5000-7fbf0fdf8000 r--p 00000000 08:02 22282884                   /home/ubuntu/dev/workspace/koarf/.venv/lib/python3.10/site-packages/sklearn/utils/_openmp_helpers.cpython-310-x86_64-linux-gnu.so
7fbf0fdf8000-7fbf0fdff000 r-xp 00003000 08:02 22282884                   /home/ubuntu/dev/workspace/koarf/.venv/lib/python3.10/site-packages/sklearn/utils/_openmp_helpers.cpython-310-x86_64-linux-gnu.so
7fbf0fdff000-7fbf0fe01000 r--p 0000a000 08:02 22282884                   /home/ubuntu/dev/workspace/koarf/.venv/lib/python3.10/site-packages/sklearn/utils/_openmp_helpers.cpython-310-x86_64-linux-gnu.so
7fbf0fe01000-7fbf0fe02000 ---p 0000c000 08:02 22282884                   /home/ubuntu/dev/workspace/koarf/.venv/lib/python3.10/site-packages/sklearn/utils/_openmp_helpers.cpython-310-x86_64-linux-gnu.so
7fbf0fe02000-7fbf0fe03000 r--p 0000c000 08:02 22282884                   /home/ubuntu/dev/workspace/koarf/.venv/lib/python3.10/site-packages/sklearn/utils/_openmp_helpers.cpython-310-x86_64-linux-gnu.so
7fbf0fe03000-7fbf0fe04000 rw-p 0000d000 08:02 22282884                   /home/ubuntu/dev/workspace/koarf/.venv/lib/python3.10/site-packages/sklearn/utils/_openmp_helpers.cpython-310-x86_64-linux-gnu.so
7fbf0fe04000-7fbf0fe07000 rw-p 00012000 08:02 22282884                   /home/ubuntu/dev/workspace/koarf/.venv/lib/python3.10/site-packages/sklearn/utils/_openmp_helpers.cpython-310-x86_64-linux-gnu.so
7fbf0fe07000-7fbf0fe0b000 r--p 00000000 08:02 22282929                   /home/ubuntu/dev/workspace/koarf/.venv/lib/python3.10/site-packages/sklearn/utils/murmurhash.cpython-310-x86_64-linux-gnu.so
7fbf0fe0b000-7fbf0fe1d000 r-xp 00004000 08:02 22282929                   /home/ubuntu/dev/workspace/koarf/.venv/lib/python3.10/site-packages/sklearn/utils/murmurhash.cpython-310-x86_64-linux-gnu.so
7fbf0fe1d000-7fbf0fe22000 r--p 00016000 08:02 22282929                   /home/ubuntu/dev/workspace/koarf/.venv/lib/python3.10/site-packages/sklearn/utils/murmurhash.cpython-310-x86_64-linux-gnu.so
7fbf0fe22000-7fbf0fe23000 ---p 0001b000 08:02 22282929                   /home/ubuntu/dev/workspace/koarf/.venv/lib/python3.10/site-packages/sklearn/utils/murmurhash.cpython-310-x86_64-linux-gnu.so
7fbf0fe23000-7fbf0fe24000 r--p 0001b000 08:02 22282929                   /home/ubuntu/dev/workspace/koarf/.venv/lib/python3.10/site-packages/sklearn/utils/murmurhash.cpython-310-x86_64-linux-gnu.so
7fbf0fe24000-7fbf0fe25000 rw-p 0001c000 08:02 22282929                   /home/ubuntu/dev/workspace/koarf/.venv/lib/python3.10/site-packages/sklearn/utils/murmurhash.cpython-310-x86_64-linux-gnu.so
7fbf0fe25000-7fbf0fe2a000 r--p 00000000 08:02 22282936                   /home/ubuntu/dev/workspace/koarf/.venv/lib/python3.10/site-packages/sklearn/utils/sparsefuncs_fast.cpython-310-x86_64-linux-gnu.so
7fbf0fe2a000-7fbf0fec3000 r-xp 00005000 08:02 22282936                   /home/ubuntu/dev/workspace/koarf/.venv/lib/python3.10/site-packages/sklearn/utils/sparsefuncs_fast.cpython-310-x86_64-linux-gnu.so
7fbf0fec3000-7fbf0fecf000 r--p 0009e000 08:02 22282936                   /home/ubuntu/dev/workspace/koarf/.venv/lib/python3.10/site-packages/sklearn/utils/sparsefuncs_fast.cpython-310-x86_64-linux-gnu.so
7fbf0fecf000-7fbf0fed1000 r--p 000a9000 08:02 22282936                   /home/ubuntu/dev/workspace/koarf/.venv/lib/python3.10/site-packages/sklearn/utils/sparsefuncs_fast.cpython-310-x86_64-linux-gnu.so
7fbf0fed1000-7fbf0fed3000 rw-p 000ab000 08:02 22282936                   /home/ubuntu/dev/workspace/koarf/.venv/lib/python3.10/site-packages/sklearn/utils/sparsefuncs_fast.cpython-310-x86_64-linux-gnu.so
7fbf0fed3000-7fbf0ffd4000 rw-p 00000000 00:00 0 
7fbf0ffd4000-7fbf0ffd9000 r--p 00000000 08:02 22185811                   /home/ubuntu/dev/workspace/koarf/.venv/lib/python3.10/site-packages/sklearn/_cyutility.cpython-310-x86_64-linux-gnu.so
7fbf0ffd9000-7fbf0fff6000 r-xp 00005000 08:02 22185811                   /home/ubuntu/dev/workspace/koarf/.venv/lib/python3.10/site-packages/sklearn/_cyutility.cpython-310-x86_64-linux-gnu.so
7fbf0fff6000-7fbf0fffc000 r--p 00022000 08:02 22185811                   /home/ubuntu/dev/workspace/koarf/.venv/lib/python3.10/site-packages/sklearn/_cyutility.cpython-310-x86_64-linux-gnu.so
7fbf0fffc000-7fbf0fffd000 ---p 00028000 08:02 22185811                   /home/ubuntu/dev/workspace/koarf/.venv/lib/python3.10/site-packages/sklearn/_cyutility.cpython-310-x86_64-linux-gnu.so
7fbf0fffd000-7fbf0fffe000 r--p 00028000 08:02 22185811                   /home/ubuntu/dev/workspace/koarf/.venv/lib/python3.10/site-packages/sklearn/_cyutility.cpython-310-x86_64-linux-gnu.so
7fbf0fffe000-7fbf10000000 rw-p 00029000 08:02 22185811                   /home/ubuntu/dev/workspace/koarf/.venv/lib/python3.10/site-packages/sklearn/_cyutility.cpython-310-x86_64-linux-gnu.so
7fbf10000000-7fbf10021000 rw-p 00000000 00:00 0 
7fbf10021000-7fbf14000000 ---p 00000000 00:00 0 
7fbf14001000-7fbf14003000 r--p 00000000 08:02 8943138                    /usr/lib/python3.10/lib-dynload/_dbm.cpython-310-x86_64-linux-gnu.so
7fbf14003000-7fbf14005000 r-xp 00002000 08:02 8943138                    /usr/lib/python3.10/lib-dynload/_dbm.cpython-310-x86_64-linux-gnu.so
7fbf14005000-7fbf14006000 r--p 00004000 08:02 8943138                    /usr/lib/python3.10/lib-dynload/_dbm.cpython-310-x86_64-linux-gnu.so
7fbf14006000-7fbf14007000 r--p 00004000 08:02 8943138                    /usr/lib/python3.10/lib-dynload/_dbm.cpython-310-x86_64-linux-gnu.so
7fbf14007000-7fbf14008000 rw-p 00005000 08:02 8943138                    /usr/lib/python3.10/lib-dynload/_dbm.cpython-310-x86_64-linux-gnu.so
7fbf14008000-7fbf1400a000 r--p 00000000 08:02 8943147                    /usr/lib/python3.10/lib-dynload/_lsprof.cpython-310-x86_64-linux-gnu.so
7fbf1400a000-7fbf1400d000 r-xp 00002000 08:02 8943147                    /usr/lib/python3.10/lib-dynload/_lsprof.cpython-310-x86_64-linux-gnu.so
7fbf1400d000-7fbf1400f000 r--p 00005000 08:02 8943147                    /usr/lib/python3.10/lib-dynload/_lsprof.cpython-310-x86_64-linux-gnu.so
7fbf1400f000-7fbf14010000 r--p 00006000 08:02 8943147                    /usr/lib/python3.10/lib-dynload/_lsprof.cpython-310-x86_64-linux-gnu.so
7fbf14010000-7fbf14011000 rw-p 00007000 08:02 8943147                    /usr/lib/python3.10/lib-dynload/_lsprof.cpython-310-x86_64-linux-gnu.so
7fbf14011000-7fbf14015000 r--p 00000000 08:02 22282878                   /home/ubuntu/dev/workspace/koarf/.venv/lib/python3.10/site-packages/sklearn/utils/_isfinite.cpython-310-x86_64-linux-gnu.so
7fbf14015000-7fbf14023000 r-xp 00004000 08:02 22282878                   /home/ubuntu/dev/workspace/koarf/.venv/lib/python3.10/site-packages/sklearn/utils/_isfinite.cpython-310-x86_64-linux-gnu.so
7fbf14023000-7fbf14027000 r--p 00012000 08:02 22282878                   /home/ubuntu/dev/workspace/koarf/.venv/lib/python3.10/site-packages/sklearn/utils/_isfinite.cpython-310-x86_64-linux-gnu.so
7fbf14027000-7fbf14028000 ---p 00016000 08:02 22282878                   /home/ubuntu/dev/workspace/koarf/.venv/lib/python3.10/site-packages/sklearn/utils/_isfinite.cpython-310-x86_64-linux-gnu.so
7fbf14028000-7fbf14029000 r--p 00016000 08:02 22282878                   /home/ubuntu/dev/workspace/koarf/.venv/lib/python3.10/site-packages/sklearn/utils/_isfinite.cpython-310-x86_64-linux-gnu.so
7fbf14029000-7fbf1402a000 rw-p 00017000 08:02 22282878                   /home/ubuntu/dev/workspace/koarf/.venv/lib/python3.10/site-packages/sklearn/utils/_isfinite.cpython-310-x86_64-linux-gnu.so
7fbf1402a000-7fbf1412b000 rw-p 00000000 00:00 0 
7fbf1412b000-7fbf1412f000 r--p 00000000 08:02 22827796                   /home/ubuntu/dev/workspace/koarf/.venv/lib/python3.10/site-packages/pandas/_libs/testing.cpython-310-x86_64-linux-gnu.so
7fbf1412f000-7fbf14143000 r-xp 00004000 08:02 22827796                   /home/ubuntu/dev/workspace/koarf/.venv/lib/python3.10/site-packages/pandas/_libs/testing.cpython-310-x86_64-linux-gnu.so
7fbf14143000-7fbf14146000 r--p 00018000 08:02 22827796                   /home/ubuntu/dev/workspace/koarf/.venv/lib/python3.10/site-packages/pandas/_libs/testing.cpython-310-x86_64-linux-gnu.so
7fbf14146000-7fbf14147000 r--p 0001b000 08:02 22827796                   /home/ubuntu/dev/workspace/koarf/.venv/lib/python3.10/site-packages/pandas/_libs/testing.cpython-310-x86_64-linux-gnu.so
7fbf14147000-7fbf14148000 rw-p 0001c000 08:02 22827796                   /home/ubuntu/dev/workspace/koarf/.venv/lib/python3.10/site-packages/pandas/_libs/testing.cpython-310-x86_64-linux-gnu.so
7fbf14148000-7fbf14152000 r--p 00000000 08:02 22827786                   /home/ubuntu/dev/workspace/koarf/.venv/lib/python3.10/site-packages/pandas/_libs/parsers.cpython-310-x86_64-linux-gnu.so
7fbf14152000-7fbf141c0000 r-xp 0000a000 08:02 22827786                   /home/ubuntu/dev/workspace/koarf/.venv/lib/python3.10/site-packages/pandas/_libs/parsers.cpython-310-x86_64-linux-gnu.so
7fbf141c0000-7fbf141cd000 r--p 00078000 08:02 22827786                   /home/ubuntu/dev/workspace/koarf/.venv/lib/python3.10/site-packages/pandas/_libs/parsers.cpython-310-x86_64-linux-gnu.so
7fbf141cd000-7fbf141d0000 r--p 00084000 08:02 22827786                   /home/ubuntu/dev/workspace/koarf/.venv/lib/python3.10/site-packages/pandas/_libs/parsers.cpython-310-x86_64-linux-gnu.so
7fbf141d0000-7fbf141d3000 rw-p 00087000 08:02 22827786                   /home/ubuntu/dev/workspace/koarf/.venv/lib/python3.10/site-packages/pandas/_libs/parsers.cpython-310-x86_64-linux-gnu.so
7fbf141d3000-7fbf141d5000 rw-p 00000000 00:00 0 
7fbf141d5000-7fbf141d7000 r--p 00000000 08:02 22827774                   /home/ubuntu/dev/workspace/koarf/.venv/lib/python3.10/site-packages/pandas/_libs/json.cpython-310-x86_64-linux-gnu.so
7fbf141d7000-7fbf141e0000 r-xp 00002000 08:02 22827774                   /home/ubuntu/dev/workspace/koarf/.venv/lib/python3.10/site-packages/pandas/_libs/json.cpython-310-x86_64-linux-gnu.so
7fbf141e0000-7fbf141e3000 r--p 0000b000 08:02 22827774                   /home/ubuntu/dev/workspace/koarf/.venv/lib/python3.10/site-packages/pandas/_libs/json.cpython-310-x86_64-linux-gnu.so
7fbf141e3000-7fbf141e4000 r--p 0000e000 08:02 22827774                   /home/ubuntu/dev/workspace/koarf/.venv/lib/python3.10/site-packages/pandas/_libs/json.cpython-310-x86_64-linux-gnu.so
7fbf141e4000-7fbf141e5000 rw-p 0000f000 08:02 22827774                   /home/ubuntu/dev/workspace/koarf/.venv/lib/python3.10/site-packages/pandas/_libs/json.cpython-310-x86_64-linux-gnu.so
7fbf141e5000-7fbf142e5000 rw-p 00000000 00:00 0 
7fbf142e5000-7fbf142f1000 r--p 00000000 08:02 22827758                   /home/ubuntu/dev/workspace/koarf/.venv/lib/python3.10/site-packages/pandas/_libs/groupby.cpython-310-x86_64-linux-gnu.so
7fbf142f1000-7fbf14541000 r-xp 0000c000 08:02 22827758                   /home/ubuntu/dev/workspace/koarf/.venv/lib/python3.10/site-packages/pandas/_libs/groupby.cpython-310-x86_64-linux-gnu.so
7fbf14541000-7fbf1455e000 r--p 0025c000 08:02 22827758                   /home/ubuntu/dev/workspace/koarf/.venv/lib/python3.10/site-packages/pandas/_libs/groupby.cpython-310-x86_64-linux-gnu.so
7fbf1455e000-7fbf14561000 r--p 00279000 08:02 22827758                   /home/ubuntu/dev/workspace/koarf/.venv/lib/python3.10/site-packages/pandas/_libs/groupby.cpython-310-x86_64-linux-gnu.so
7fbf14561000-7fbf14567000 rw-p 0027c000 08:02 22827758                   /home/ubuntu/dev/workspace/koarf/.venv/lib/python3.10/site-packages/pandas/_libs/groupby.cpython-310-x86_64-linux-gnu.so
7fbf14567000-7fbf1466b000 rw-p 00000000 00:00 0 
7fbf1466b000-7fbf14672000 r--p 00000000 08:02 22827790                   /home/ubuntu/dev/workspace/koarf/.venv/lib/python3.10/site-packages/pandas/_libs/reshape.cpython-310-x86_64-linux-gnu.so
7fbf14672000-7fbf146ab000 r-xp 00007000 08:02 22827790                   /home/ubuntu/dev/workspace/koarf/.venv/lib/python3.10/site-packages/pandas/_libs/reshape.cpython-310-x86_64-linux-gnu.so
7fbf146ab000-7fbf146b4000 r--p 00040000 08:02 22827790                   /home/ubuntu/dev/workspace/koarf/.venv/lib/python3.10/site-packages/pandas/_libs/reshape.cpython-310-x86_64-linux-gnu.so
7fbf146b4000-7fbf146b6000 r--p 00048000 08:02 22827790                   /home/ubuntu/dev/workspace/koarf/.venv/lib/python3.10/site-packages/pandas/_libs/reshape.cpython-310-x86_64-linux-gnu.so
7fbf146b6000-7fbf146b8000 rw-p 0004a000 08:02 22827790                   /home/ubuntu/dev/workspace/koarf/.venv/lib/python3.10/site-packages/pandas/_libs/reshape.cpython-310-x86_64-linux-gnu.so
7fbf146b8000-7fbf146b9000 rw-p 00000000 00:00 0 
7fbf146b9000-7fbf146bf000 r--p 00000000 08:02 22827839                   /home/ubuntu/dev/workspace/koarf/.venv/lib/python3.10/site-packages/pandas/_libs/window/indexers.cpython-310-x86_64-linux-gnu.so
7fbf146bf000-7fbf146e2000 r-xp 00006000 08:02 22827839                   /home/ubuntu/dev/workspace/koarf/.venv/lib/python3.10/site-packages/pandas/_libs/window/indexers.cpython-310-x86_64-linux-gnu.so
7fbf146e2000-7fbf146e9000 r--p 00029000 08:02 22827839                   /home/ubuntu/dev/workspace/koarf/.venv/lib/python3.10/site-packages/pandas/_libs/window/indexers.cpython-310-x86_64-linux-gnu.so
7fbf146e9000-7fbf146ea000 r--p 00030000 08:02 22827839                   /home/ubuntu/dev/workspace/koarf/.venv/lib/python3.10/site-packages/pandas/_libs/window/indexers.cpython-310-x86_64-linux-gnu.so
7fbf146ea000-7fbf146ec000 rw-p 00031000 08:02 22827839                   /home/ubuntu/dev/workspace/koarf/.venv/lib/python3.10/site-packages/pandas/_libs/window/indexers.cpython-310-x86_64-linux-gnu.so
7fbf146ec000-7fbf146ed000 rw-p 00000000 00:00 0 
7fbf146ed000-7fbf146f5000 r--p 00000000 08:02 22827837                   /home/ubuntu/dev/workspace/koarf/.venv/lib/python3.10/site-packages/pandas/_libs/window/aggregations.cpython-310-x86_64-linux-gnu.so
7fbf146f5000-7fbf14744000 r-xp 00008000 08:02 22827837                   /home/ubuntu/dev/workspace/koarf/.venv/lib/python3.10/site-packages/pandas/_libs/window/aggregations.cpython-310-x86_64-linux-gnu.so
7fbf14744000-7fbf1474e000 r--p 00057000 08:02 22827837                   /home/ubuntu/dev/workspace/koarf/.venv/lib/python3.10/site-packages/pandas/_libs/window/aggregations.cpython-310-x86_64-linux-gnu.so
7fbf1474e000-7fbf14750000 r--p 00061000 08:02 22827837                   /home/ubuntu/dev/workspace/koarf/.venv/lib/python3.10/site-packages/pandas/_libs/window/aggregations.cpython-310-x86_64-linux-gnu.so
7fbf14750000-7fbf14752000 rw-p 00063000 08:02 22827837                   /home/ubuntu/dev/workspace/koarf/.venv/lib/python3.10/site-packages/pandas/_libs/window/aggregations.cpython-310-x86_64-linux-gnu.so
7fbf14752000-7fbf14953000 rw-p 00000000 00:00 0 
7fbf14953000-7fbf1495b000 r--p 00000000 08:02 22827772                   /home/ubuntu/dev/workspace/koarf/.venv/lib/python3.10/site-packages/pandas/_libs/join.cpython-310-x86_64-linux-gnu.so
7fbf1495b000-7fbf14a9d000 r-xp 00008000 08:02 22827772                   /home/ubuntu/dev/workspace/koarf/.venv/lib/python3.10/site-packages/pandas/_libs/join.cpython-310-x86_64-linux-gnu.so
7fbf14a9d000-7fbf14aab000 r--p 0014a000 08:02 22827772                   /home/ubuntu/dev/workspace/koarf/.venv/lib/python3.10/site-packages/pandas/_libs/join.cpython-310-x86_64-linux-gnu.so
7fbf14aab000-7fbf14aad000 r--p 00157000 08:02 22827772                   /home/ubuntu/dev/workspace/koarf/.venv/lib/python3.10/site-packages/pandas/_libs/join.cpython-310-x86_64-linux-gnu.so
7fbf14aad000-7fbf14ab0000 rw-p 00159000 08:02 22827772                   /home/ubuntu/dev/workspace/koarf/.venv/lib/python3.10/site-packages/pandas/_libs/join.cpython-310-x86_64-linux-gnu.so
7fbf14ab0000-7fbf14ab2000 rw-p 00000000 00:00 0 
7fbf14ab2000-7fbf14ab8000 r--p 00000000 08:02 22827800                   /home/ubuntu/dev/workspace/koarf/.venv/lib/python3.10/site-packages/pandas/_libs/writers.cpython-310-x86_64-linux-gnu.so
7fbf14ab8000-7fbf14ae3000 r-xp 00006000 08:02 22827800                   /home/ubuntu/dev/workspace/koarf/.venv/lib/python3.10/site-packages/pandas/_libs/writers.cpython-310-x86_64-linux-gnu.so
7fbf14ae3000-7fbf14aeb000 r--p 00031000 08:02 22827800                   /home/ubuntu/dev/workspace/koarf/.venv/lib/python3.10/site-packages/pandas/_libs/writers.cpython-310-x86_64-linux-gnu.so
7fbf14aeb000-7fbf14aed000 r--p 00038000 08:02 22827800                   /home/ubuntu/dev/workspace/koarf/.venv/lib/python3.10/site-packages/pandas/_libs/writers.cpython-310-x86_64-linux-gnu.so
7fbf14aed000-7fbf14aef000 rw-p 0003a000 08:02 22827800                   /home/ubuntu/dev/workspace/koarf/.venv/lib/python3.10/site-packages/pandas/_libs/writers.cpython-310-x86_64-linux-gnu.so
7fbf14aef000-7fbf14af0000 rw-p 00000000 00:00 0 
7fbf14af0000-7fbf14afd000 r--p 00000000 08:02 22827764                   /home/ubuntu/dev/workspace/koarf/.venv/lib/python3.10/site-packages/pandas/_libs/index.cpython-310-x86_64-linux-gnu.so
7fbf14afd000-7fbf14ba7000 r-xp 0000d000 08:02 22827764                   /home/ubuntu/dev/workspace/koarf/.venv/lib/python3.10/site-packages/pandas/_libs/index.cpython-310-x86_64-linux-gnu.so
7fbf14ba7000-7fbf14bbf000 r--p 000b7000 08:02 22827764                   /home/ubuntu/dev/workspace/koarf/.venv/lib/python3.10/site-packages/pandas/_libs/index.cpython-310-x86_64-linux-gnu.so
7fbf14bbf000-7fbf14bc2000 r--p 000ce000 08:02 22827764                   /home/ubuntu/dev/workspace/koarf/.venv/lib/python3.10/site-packages/pandas/_libs/index.cpython-310-x86_64-linux-gnu.so
7fbf14bc2000-7fbf14bca000 rw-p 000d1000 08:02 22827764                   /home/ubuntu/dev/workspace/koarf/.venv/lib/python3.10/site-packages/pandas/_libs/index.cpython-310-x86_64-linux-gnu.so
7fbf14bca000-7fbf14bce000 rw-p 00000000 00:00 0 
7fbf14bce000-7fbf14bd2000 r--p 00000000 08:02 22827766                   /home/ubuntu/dev/workspace/koarf/.venv/lib/python3.10/site-packages/pandas/_libs/indexing.cpython-310-x86_64-linux-gnu.so
7fbf14bd2000-7fbf14bda000 r-xp 00004000 08:02 22827766                   /home/ubuntu/dev/workspace/koarf/.venv/lib/python3.10/site-packages/pandas/_libs/indexing.cpython-310-x86_64-linux-gnu.so
7fbf14bda000-7fbf14bdd000 r--p 0000c000 08:02 22827766                   /home/ubuntu/dev/workspace/koarf/.venv/lib/python3.10/site-packages/pandas/_libs/indexing.cpython-310-x86_64-linux-gnu.so
7fbf14bdd000-7fbf14bde000 r--p 0000e000 08:02 22827766                   /home/ubuntu/dev/workspace/koarf/.venv/lib/python3.10/site-packages/pandas/_libs/indexing.cpython-310-x86_64-linux-gnu.so
7fbf14bde000-7fbf14bdf000 rw-p 0000f000 08:02 22827766                   /home/ubuntu/dev/workspace/koarf/.venv/lib/python3.10/site-packages/pandas/_libs/indexing.cpython-310-x86_64-linux-gnu.so
7fbf14bdf000-7fbf14cdf000 rw-p 00000000 00:00 0 
7fbf14cdf000-7fbf14ce7000 r--p 00000000 08:02 22827768                   /home/ubuntu/dev/workspace/koarf/.venv/lib/python3.10/site-packages/pandas/_libs/internals.cpython-310-x86_64-linux-gnu.so
7fbf14ce7000-7fbf14d31000 r-xp 00008000 08:02 22827768                   /home/ubuntu/dev/workspace/koarf/.venv/lib/python3.10/site-packages/pandas/_libs/internals.cpython-310-x86_64-linux-gnu.so
7fbf14d31000-7fbf14d3d000 r--p 00052000 08:02 22827768                   /home/ubuntu/dev/workspace/koarf/.venv/lib/python3.10/site-packages/pandas/_libs/internals.cpython-310-x86_64-linux-gnu.so
7fbf14d3d000-7fbf14d3f000 r--p 0005d000 08:02 22827768                   /home/ubuntu/dev/workspace/koarf/.venv/lib/python3.10/site-packages/pandas/_libs/internals.cpython-310-x86_64-linux-gnu.so
7fbf14d3f000-7fbf14d42000 rw-p 0005f000 08:02 22827768                   /home/ubuntu/dev/workspace/koarf/.venv/lib/python3.10/site-packages/pandas/_libs/internals.cpython-310-x86_64-linux-gnu.so
7fbf14d42000-7fbf14d44000 rw-p 00000000 00:00 0 
7fbf14d44000-7fbf14d4c000 r--p 00000000 08:02 22827794                   /home/ubuntu/dev/workspace/koarf/.venv/lib/python3.10/site-packages/pandas/_libs/sparse.cpython-310-x86_64-linux-gnu.so
7fbf14d4c000-7fbf14e26000 r-xp 00008000 08:02 22827794                   /home/ubuntu/dev/workspace/koarf/.venv/lib/python3.10/site-packages/pandas/_libs/sparse.cpython-310-x86_64-linux-gnu.so
7fbf14e26000-7fbf14e33000 r--p 000e2000 08:02 22827794                   /home/ubuntu/dev/workspace/koarf/.venv/lib/python3.10/site-packages/pandas/_libs/sparse.cpython-310-x86_64-linux-gnu.so
7fbf14e33000-7fbf14e35000 r--p 000ef000 08:02 22827794                   /home/ubuntu/dev/workspace/koarf/.venv/lib/python3.10/site-packages/pandas/_libs/sparse.cpython-310-x86_64-linux-gnu.so
7fbf14e35000-7fbf14e38000 rw-p 000f1000 08:02 22827794                   /home/ubuntu/dev/workspace/koarf/.venv/lib/python3.10/site-packages/pandas/_libs/sparse.cpython-310-x86_64-linux-gnu.so
7fbf14e38000-7fbf14f3a000 rw-p 00000000 00:00 0 
7fbf14f3a000-7fbf14f41000 r--p 00000000 08:02 22827798                   /home/ubuntu/dev/workspace/koarf/.venv/lib/python3.10/site-packages/pandas/_libs/tslib.cpython-310-x86_64-linux-gnu.so
7fbf14f41000-7fbf14f7f000 r-xp 00007000 08:02 22827798                   /home/ubuntu/dev/workspace/koarf/.venv/lib/python3.10/site-packages/pandas/_libs/tslib.cpython-310-x86_64-linux-gnu.so
7fbf14f7f000-7fbf14f89000 r--p 00045000 08:02 22827798                   /home/ubuntu/dev/workspace/koarf/.venv/lib/python3.10/site-packages/pandas/_libs/tslib.cpython-310-x86_64-linux-gnu.so
7fbf14f89000-7fbf14f8b000 r--p 0004e000 08:02 22827798                   /home/ubuntu/dev/workspace/koarf/.venv/lib/python3.10/site-packages/pandas/_libs/tslib.cpython-310-x86_64-linux-gnu.so
7fbf14f8b000-7fbf14f8d000 rw-p 00050000 08:02 22827798                   /home/ubuntu/dev/workspace/koarf/.venv/lib/python3.10/site-packages/pandas/_libs/tslib.cpython-310-x86_64-linux-gnu.so
7fbf14f8d000-7fbf1508e000 rw-p 00000000 00:00 0 
7fbf1508e000-7fbf15093000 r--p 00000000 08:02 22827754                   /home/ubuntu/dev/workspace/koarf/.venv/lib/python3.10/site-packages/pandas/_libs/arrays.cpython-310-x86_64-linux-gnu.so
7fbf15093000-7fbf150a6000 r-xp 00005000 08:02 22827754                   /home/ubuntu/dev/workspace/koarf/.venv/lib/python3.10/site-packages/pandas/_libs/arrays.cpython-310-x86_64-linux-gnu.so
7fbf150a6000-7fbf150aa000 r--p 00018000 08:02 22827754                   /home/ubuntu/dev/workspace/koarf/.venv/lib/python3.10/site-packages/pandas/_libs/arrays.cpython-310-x86_64-linux-gnu.so
7fbf150aa000-7fbf150ab000 r--p 0001c000 08:02 22827754                   /home/ubuntu/dev/workspace/koarf/.venv/lib/python3.10/site-packages/pandas/_libs/arrays.cpython-310-x86_64-linux-gnu.so
7fbf150ab000-7fbf150ad000 rw-p 0001d000 08:02 22827754                   /home/ubuntu/dev/workspace/koarf/.venv/lib/python3.10/site-packages/pandas/_libs/arrays.cpython-310-x86_64-linux-gnu.so
7fbf150ad000-7fbf150b3000 r--p 00000000 08:02 22827760                   /home/ubuntu/dev/workspace/koarf/.venv/lib/python3.10/site-packages/pandas/_libs/hashing.cpython-310-x86_64-linux-gnu.so
7fbf150b3000-7fbf150d7000 r-xp 00006000 08:02 22827760                   /home/ubuntu/dev/workspace/koarf/.venv/lib/python3.10/site-packages/pandas/_libs/hashing.cpython-310-x86_64-linux-gnu.so
7fbf150d7000-7fbf150de000 r--p 0002a000 08:02 22827760                   /home/ubuntu/dev/workspace/koarf/.venv/lib/python3.10/site-packages/pandas/_libs/hashing.cpython-310-x86_64-linux-gnu.so
7fbf150de000-7fbf150df000 r--p 00031000 08:02 22827760                   /home/ubuntu/dev/workspace/koarf/.venv/lib/python3.10/site-packages/pandas/_libs/hashing.cpython-310-x86_64-linux-gnu.so
7fbf150df000-7fbf150e1000 rw-p 00032000 08:02 22827760                   /home/ubuntu/dev/workspace/koarf/.venv/lib/python3.10/site-packages/pandas/_libs/hashing.cpython-310-x86_64-linux-gnu.so
7fbf150e1000-7fbf150e2000 rw-p 00000000 00:00 0 
7fbf150e2000-7fbf150e8000 r--p 00000000 08:02 22827780                   /home/ubuntu/dev/workspace/koarf/.venv/lib/python3.10/site-packages/pandas/_libs/ops.cpython-310-x86_64-linux-gnu.so
7fbf150e8000-7fbf15116000 r-xp 00006000 08:02 22827780                   /home/ubuntu/dev/workspace/koarf/.venv/lib/python3.10/site-packages/pandas/_libs/ops.cpython-310-x86_64-linux-gnu.so
7fbf15116000-7fbf1511e000 r--p 00034000 08:02 22827780                   /home/ubuntu/dev/workspace/koarf/.venv/lib/python3.10/site-packages/pandas/_libs/ops.cpython-310-x86_64-linux-gnu.so
7fbf1511e000-7fbf15120000 r--p 0003b000 08:02 22827780                   /home/ubuntu/dev/workspace/koarf/.venv/lib/python3.10/site-packages/pandas/_libs/ops.cpython-310-x86_64-linux-gnu.so
7fbf15120000-7fbf15122000 rw-p 0003d000 08:02 22827780                   /home/ubuntu/dev/workspace/koarf/.venv/lib/python3.10/site-packages/pandas/_libs/ops.cpython-310-x86_64-linux-gnu.so
7fbf15122000-7fbf15223000 rw-p 00000000 00:00 0 
7fbf15223000-7fbf1523e000 r--p 00000000 08:02 22810291                   /home/ubuntu/dev/workspace/koarf/.venv/lib/python3.10/site-packages/pyarrow/_compute.cpython-310-x86_64-linux-gnu.so
7fbf1523e000-7fbf152d9000 r-xp 0001b000 08:02 22810291                   /home/ubuntu/dev/workspace/koarf/.venv/lib/python3.10/site-packages/pyarrow/_compute.cpython-310-x86_64-linux-gnu.so
7fbf152d9000-7fbf15303000 r--p 000b6000 08:02 22810291                   /home/ubuntu/dev/workspace/koarf/.venv/lib/python3.10/site-packages/pyarrow/_compute.cpython-310-x86_64-linux-gnu.so
7fbf15303000-7fbf15306000 r--p 000df000 08:02 22810291                   /home/ubuntu/dev/workspace/koarf/.venv/lib/python3.10/site-packages/pyarrow/_compute.cpython-310-x86_64-linux-gnu.so
7fbf15306000-7fbf15314000 rw-p 000e2000 08:02 22810291                   /home/ubuntu/dev/workspace/koarf/.venv/lib/python3.10/site-packages/pyarrow/_compute.cpython-310-x86_64-linux-gnu.so
7fbf15314000-7fbf15418000 rw-p 00000000 00:00 0 
7fbf15418000-7fbf15424000 r--p 00000000 08:02 22827776                   /home/ubuntu/dev/workspace/koarf/.venv/lib/python3.10/site-packages/pandas/_libs/lib.cpython-310-x86_64-linux-gnu.so
7fbf15424000-7fbf154ca000 r-xp 0000c000 08:02 22827776                   /home/ubuntu/dev/workspace/koarf/.venv/lib/python3.10/site-packages/pandas/_libs/lib.cpython-310-x86_64-linux-gnu.so
7fbf154ca000-7fbf154e3000 r--p 000b2000 08:02 22827776                   /home/ubuntu/dev/workspace/koarf/.venv/lib/python3.10/site-packages/pandas/_libs/lib.cpython-310-x86_64-linux-gnu.so
7fbf154e3000-7fbf154e7000 r--p 000ca000 08:02 22827776                   /home/ubuntu/dev/workspace/koarf/.venv/lib/python3.10/site-packages/pandas/_libs/lib.cpython-310-x86_64-linux-gnu.so
7fbf154e7000-7fbf154ed000 rw-p 000ce000 08:02 22827776                   /home/ubuntu/dev/workspace/koarf/.venv/lib/python3.10/site-packages/pandas/_libs/lib.cpython-310-x86_64-linux-gnu.so
7fbf154ed000-7fbf154ef000 rw-p 00000000 00:00 0 
7fbf154ef000-7fbf154fb000 r--p 00000000 08:02 22827752                   /home/ubuntu/dev/workspace/koarf/.venv/lib/python3.10/site-packages/pandas/_libs/algos.cpython-310-x86_64-linux-gnu.so
7fbf154fb000-7fbf156df000 r-xp 0000c000 08:02 22827752                   /home/ubuntu/dev/workspace/koarf/.venv/lib/python3.10/site-packages/pandas/_libs/algos.cpython-310-x86_64-linux-gnu.so
7fbf156df000-7fbf156fc000 r--p 001f0000 08:02 22827752                   /home/ubuntu/dev/workspace/koarf/.venv/lib/python3.10/site-packages/pandas/_libs/algos.cpython-310-x86_64-linux-gnu.so
7fbf156fc000-7fbf156ff000 r--p 0020d000 08:02 22827752                   /home/ubuntu/dev/workspace/koarf/.venv/lib/python3.10/site-packages/pandas/_libs/algos.cpython-310-x86_64-linux-gnu.so
7fbf156ff000-7fbf15703000 rw-p 00210000 08:02 22827752                   /home/ubuntu/dev/workspace/koarf/.venv/lib/python3.10/site-packages/pandas/_libs/algos.cpython-310-x86_64-linux-gnu.so
7fbf15703000-7fbf15808000 rw-p 00000000 00:00 0 
7fbf15808000-7fbf1580e000 r--p 00000000 08:02 22827833                   /home/ubuntu/dev/workspace/koarf/.venv/lib/python3.10/site-packages/pandas/_libs/tslibs/vectorized.cpython-310-x86_64-linux-gnu.so
7fbf1580e000-7fbf15838000 r-xp 00006000 08:02 22827833                   /home/ubuntu/dev/workspace/koarf/.venv/lib/python3.10/site-packages/pandas/_libs/tslibs/vectorized.cpython-310-x86_64-linux-gnu.so
7fbf15838000-7fbf15840000 r--p 00030000 08:02 22827833                   /home/ubuntu/dev/workspace/koarf/.venv/lib/python3.10/site-packages/pandas/_libs/tslibs/vectorized.cpython-310-x86_64-linux-gnu.so
7fbf15840000-7fbf15841000 r--p 00038000 08:02 22827833                   /home/ubuntu/dev/workspace/koarf/.venv/lib/python3.10/site-packages/pandas/_libs/tslibs/vectorized.cpython-310-x86_64-linux-gnu.so
7fbf15841000-7fbf15843000 rw-p 00039000 08:02 22827833                   /home/ubuntu/dev/workspace/koarf/.venv/lib/python3.10/site-packages/pandas/_libs/tslibs/vectorized.cpython-310-x86_64-linux-gnu.so
7fbf15843000-7fbf15844000 rw-p 00000000 00:00 0 
7fbf15844000-7fbf1584d000 r--p 00000000 08:02 22827821                   /home/ubuntu/dev/workspace/koarf/.venv/lib/python3.10/site-packages/pandas/_libs/tslibs/period.cpython-310-x86_64-linux-gnu.so
7fbf1584d000-7fbf158a3000 r-xp 00009000 08:02 22827821                   /home/ubuntu/dev/workspace/koarf/.venv/lib/python3.10/site-packages/pandas/_libs/tslibs/period.cpython-310-x86_64-linux-gnu.so
7fbf158a3000-7fbf158bc000 r--p 0005f000 08:02 22827821                   /home/ubuntu/dev/workspace/koarf/.venv/lib/python3.10/site-packages/pandas/_libs/tslibs/period.cpython-310-x86_64-linux-gnu.so
7fbf158bc000-7fbf158bf000 r--p 00077000 08:02 22827821                   /home/ubuntu/dev/workspace/koarf/.venv/lib/python3.10/site-packages/pandas/_libs/tslibs/period.cpython-310-x86_64-linux-gnu.so
7fbf158bf000-7fbf158c2000 rw-p 0007a000 08:02 22827821                   /home/ubuntu/dev/workspace/koarf/.venv/lib/python3.10/site-packages/pandas/_libs/tslibs/period.cpython-310-x86_64-linux-gnu.so
7fbf158c2000-7fbf158c3000 rw-p 00000000 00:00 0 
7fbf158c3000-7fbf158cb000 r--p 00000000 08:02 22827823                   /home/ubuntu/dev/workspace/koarf/.venv/lib/python3.10/site-packages/pandas/_libs/tslibs/strptime.cpython-310-x86_64-linux-gnu.so
7fbf158cb000-7fbf15913000 r-xp 00008000 08:02 22827823                   /home/ubuntu/dev/workspace/koarf/.venv/lib/python3.10/site-packages/pandas/_libs/tslibs/strptime.cpython-310-x86_64-linux-gnu.so
7fbf15913000-7fbf1591d000 r--p 00050000 08:02 22827823                   /home/ubuntu/dev/workspace/koarf/.venv/lib/python3.10/site-packages/pandas/_libs/tslibs/strptime.cpython-310-x86_64-linux-gnu.so
7fbf1591d000-7fbf1591f000 r--p 0005a000 08:02 22827823                   /home/ubuntu/dev/workspace/koarf/.venv/lib/python3.10/site-packages/pandas/_libs/tslibs/strptime.cpython-310-x86_64-linux-gnu.so
7fbf1591f000-7fbf15921000 rw-p 0005c000 08:02 22827823                   /home/ubuntu/dev/workspace/koarf/.venv/lib/python3.10/site-packages/pandas/_libs/tslibs/strptime.cpython-310-x86_64-linux-gnu.so
7fbf15921000-7fbf15923000 rw-p 00000000 00:00 0 
7fbf15923000-7fbf1592c000 r--p 00000000 08:02 22827819                   /home/ubuntu/dev/workspace/koarf/.venv/lib/python3.10/site-packages/pandas/_libs/tslibs/parsing.cpython-310-x86_64-linux-gnu.so
7fbf1592c000-7fbf1597d000 r-xp 00009000 08:02 22827819                   /home/ubuntu/dev/workspace/koarf/.venv/lib/python3.10/site-packages/pandas/_libs/tslibs/parsing.cpython-310-x86_64-linux-gnu.so
7fbf1597d000-7fbf1598a000 r--p 0005a000 08:02 22827819                   /home/ubuntu/dev/workspace/koarf/.venv/lib/python3.10/site-packages/pandas/_libs/tslibs/parsing.cpython-310-x86_64-linux-gnu.so
7fbf1598a000-7fbf1598c000 r--p 00067000 08:02 22827819                   /home/ubuntu/dev/workspace/koarf/.venv/lib/python3.10/site-packages/pandas/_libs/tslibs/parsing.cpython-310-x86_64-linux-gnu.so
7fbf1598c000-7fbf1598f000 rw-p 00069000 08:02 22827819                   /home/ubuntu/dev/workspace/koarf/.venv/lib/python3.10/site-packages/pandas/_libs/tslibs/parsing.cpython-310-x86_64-linux-gnu.so
7fbf1598f000-7fbf15990000 rw-p 00000000 00:00 0 
7fbf15990000-7fbf15997000 r--p 00000000 08:02 22827831                   /home/ubuntu/dev/workspace/koarf/.venv/lib/python3.10/site-packages/pandas/_libs/tslibs/tzconversion.cpython-310-x86_64-linux-gnu.so
7fbf15997000-7fbf159d4000 r-xp 00007000 08:02 22827831                   /home/ubuntu/dev/workspace/koarf/.venv/lib/python3.10/site-packages/pandas/_libs/tslibs/tzconversion.cpython-310-x86_64-linux-gnu.so
7fbf159d4000-7fbf159dd000 r--p 00044000 08:02 22827831                   /home/ubuntu/dev/workspace/koarf/.venv/lib/python3.10/site-packages/pandas/_libs/tslibs/tzconversion.cpython-310-x86_64-linux-gnu.so
7fbf159dd000-7fbf159df000 r--p 0004d000 08:02 22827831                   /home/ubuntu/dev/workspace/koarf/.venv/lib/python3.10/site-packages/pandas/_libs/tslibs/tzconversion.cpython-310-x86_64-linux-gnu.so
7fbf159df000-7fbf159e1000 rw-p 0004f000 08:02 22827831                   /home/ubuntu/dev/workspace/koarf/.venv/lib/python3.10/site-packages/pandas/_libs/tslibs/tzconversion.cpython-310-x86_64-linux-gnu.so
7fbf159e1000-7fbf159e2000 rw-p 00000000 00:00 0 
7fbf159e2000-7fbf159e9000 r--p 00000000 08:02 22827811                   /home/ubuntu/dev/workspace/koarf/.venv/lib/python3.10/site-packages/pandas/_libs/tslibs/fields.cpython-310-x86_64-linux-gnu.so
7fbf159e9000-7fbf15a27000 r-xp 00007000 08:02 22827811                   /home/ubuntu/dev/workspace/koarf/.venv/lib/python3.10/site-packages/pandas/_libs/tslibs/fields.cpython-310-x86_64-linux-gnu.so
7fbf15a27000-7fbf15a31000 r--p 00045000 08:02 22827811                   /home/ubuntu/dev/workspace/koarf/.venv/lib/python3.10/site-packages/pandas/_libs/tslibs/fields.cpython-310-x86_64-linux-gnu.so
7fbf15a31000-7fbf15a33000 r--p 0004e000 08:02 22827811                   /home/ubuntu/dev/workspace/koarf/.venv/lib/python3.10/site-packages/pandas/_libs/tslibs/fields.cpython-310-x86_64-linux-gnu.so
7fbf15a33000-7fbf15a35000 rw-p 00050000 08:02 22827811                   /home/ubuntu/dev/workspace/koarf/.venv/lib/python3.10/site-packages/pandas/_libs/tslibs/fields.cpython-310-x86_64-linux-gnu.so
7fbf15a35000-7fbf15a36000 rw-p 00000000 00:00 0 
7fbf15a36000-7fbf15a3c000 r--p 00000000 08:02 22827829                   /home/ubuntu/dev/workspace/koarf/.venv/lib/python3.10/site-packages/pandas/_libs/tslibs/timezones.cpython-310-x86_64-linux-gnu.so
7fbf15a3c000-7fbf15a6e000 r-xp 00006000 08:02 22827829                   /home/ubuntu/dev/workspace/koarf/.venv/lib/python3.10/site-packages/pandas/_libs/tslibs/timezones.cpython-310-x86_64-linux-gnu.so
7fbf15a6e000-7fbf15a77000 r--p 00038000 08:02 22827829                   /home/ubuntu/dev/workspace/koarf/.venv/lib/python3.10/site-packages/pandas/_libs/tslibs/timezones.cpython-310-x86_64-linux-gnu.so
7fbf15a77000-7fbf15a79000 r--p 00040000 08:02 22827829                   /home/ubuntu/dev/workspace/koarf/.venv/lib/python3.10/site-packages/pandas/_libs/tslibs/timezones.cpython-310-x86_64-linux-gnu.so
7fbf15a79000-7fbf15a7b000 rw-p 00042000 08:02 22827829                   /home/ubuntu/dev/workspace/koarf/.venv/lib/python3.10/site-packages/pandas/_libs/tslibs/timezones.cpython-310-x86_64-linux-gnu.so
7fbf15a7b000-7fbf15a7c000 rw-p 00000000 00:00 0 
7fbf15a7c000-7fbf15a86000 r--p 00000000 08:02 22827825                   /home/ubuntu/dev/workspace/koarf/.venv/lib/python3.10/site-packages/pandas/_libs/tslibs/timedeltas.cpython-310-x86_64-linux-gnu.so
7fbf15a86000-7fbf15af4000 r-xp 0000a000 08:02 22827825                   /home/ubuntu/dev/workspace/koarf/.venv/lib/python3.10/site-packages/pandas/_libs/tslibs/timedeltas.cpython-310-x86_64-linux-gnu.so
7fbf15af4000-7fbf15b09000 r--p 00078000 08:02 22827825                   /home/ubuntu/dev/workspace/koarf/.venv/lib/python3.10/site-packages/pandas/_libs/tslibs/timedeltas.cpython-310-x86_64-linux-gnu.so
7fbf15b09000-7fbf15b0c000 r--p 0008c000 08:02 22827825                   /home/ubuntu/dev/workspace/koarf/.venv/lib/python3.10/site-packages/pandas/_libs/tslibs/timedeltas.cpython-310-x86_64-linux-gnu.so
7fbf15b0c000-7fbf15b0f000 rw-p 0008f000 08:02 22827825                   /home/ubuntu/dev/workspace/koarf/.venv/lib/python3.10/site-packages/pandas/_libs/tslibs/timedeltas.cpython-310-x86_64-linux-gnu.so
7fbf15b0f000-7fbf15b11000 rw-p 00000000 00:00 0 
7fbf15b11000-7fbf15b17000 r--p 00000000 08:02 22827813                   /home/ubuntu/dev/workspace/koarf/.venv/lib/python3.10/site-packages/pandas/_libs/tslibs/nattype.cpython-310-x86_64-linux-gnu.so
7fbf15b17000-7fbf15b38000 r-xp 00006000 08:02 22827813                   /home/ubuntu/dev/workspace/koarf/.venv/lib/python3.10/site-packages/pandas/_libs/tslibs/nattype.cpython-310-x86_64-linux-gnu.so
7fbf15b38000-7fbf15b46000 r--p 00027000 08:02 22827813                   /home/ubuntu/dev/workspace/koarf/.venv/lib/python3.10/site-packages/pandas/_libs/tslibs/nattype.cpython-310-x86_64-linux-gnu.so
7fbf15b46000-7fbf15b48000 r--p 00034000 08:02 22827813                   /home/ubuntu/dev/workspace/koarf/.venv/lib/python3.10/site-packages/pandas/_libs/tslibs/nattype.cpython-310-x86_64-linux-gnu.so
7fbf15b48000-7fbf15b4a000 rw-p 00036000 08:02 22827813                   /home/ubuntu/dev/workspace/koarf/.venv/lib/python3.10/site-packages/pandas/_libs/tslibs/nattype.cpython-310-x86_64-linux-gnu.so
7fbf15b4a000-7fbf15b4b000 rw-p 00000000 00:00 0 
7fbf15b4b000-7fbf15b56000 r--p 00000000 08:02 22827827                   /home/ubuntu/dev/workspace/koarf/.venv/lib/python3.10/site-packages/pandas/_libs/tslibs/timestamps.cpython-310-x86_64-linux-gnu.so
7fbf15b56000-7fbf15bbd000 r-xp 0000b000 08:02 22827827                   /home/ubuntu/dev/workspace/koarf/.venv/lib/python3.10/site-packages/pandas/_libs/tslibs/timestamps.cpython-310-x86_64-linux-gnu.so
7fbf15bbd000-7fbf15bde000 r--p 00072000 08:02 22827827                   /home/ubuntu/dev/workspace/koarf/.venv/lib/python3.10/site-packages/pandas/_libs/tslibs/timestamps.cpython-310-x86_64-linux-gnu.so
7fbf15bde000-7fbf15be1000 r--p 00092000 08:02 22827827                   /home/ubuntu/dev/workspace/koarf/.venv/lib/python3.10/site-packages/pandas/_libs/tslibs/timestamps.cpython-310-x86_64-linux-gnu.so
7fbf15be1000-7fbf15be4000 rw-p 00095000 08:02 22827827                   /home/ubuntu/dev/workspace/koarf/.venv/lib/python3.10/site-packages/pandas/_libs/tslibs/timestamps.cpython-310-x86_64-linux-gnu.so
7fbf15be4000-7fbf15be6000 rw-p 00000000 00:00 0 
7fbf15be6000-7fbf15bf6000 r--p 00000000 08:02 22827817                   /home/ubuntu/dev/workspace/koarf/.venv/lib/python3.10/site-packages/pandas/_libs/tslibs/offsets.cpython-310-x86_64-linux-gnu.so
7fbf15bf6000-7fbf15cb5000 r-xp 00010000 08:02 22827817                   /home/ubuntu/dev/workspace/koarf/.venv/lib/python3.10/site-packages/pandas/_libs/tslibs/offsets.cpython-310-x86_64-linux-gnu.so
7fbf15cb5000-7fbf15cda000 r--p 000cf000 08:02 22827817                   /home/ubuntu/dev/workspace/koarf/.venv/lib/python3.10/site-packages/pandas/_libs/tslibs/offsets.cpython-310-x86_64-linux-gnu.so
7fbf15cda000-7fbf15cde000 r--p 000f3000 08:02 22827817                   /home/ubuntu/dev/workspace/koarf/.venv/lib/python3.10/site-packages/pandas/_libs/tslibs/offsets.cpython-310-x86_64-linux-gnu.so
7fbf15cde000-7fbf15ce8000 rw-p 000f7000 08:02 22827817                   /home/ubuntu/dev/workspace/koarf/.venv/lib/python3.10/site-packages/pandas/_libs/tslibs/offsets.cpython-310-x86_64-linux-gnu.so
7fbf15ce8000-7fbf15cec000 rw-p 00000000 00:00 0 
7fbf15cec000-7fbf15cf3000 r--p 00000000 08:02 22827807                   /home/ubuntu/dev/workspace/koarf/.venv/lib/python3.10/site-packages/pandas/_libs/tslibs/conversion.cpython-310-x86_64-linux-gnu.so
7fbf15cf3000-7fbf15d29000 r-xp 00007000 08:02 22827807                   /home/ubuntu/dev/workspace/koarf/.venv/lib/python3.10/site-packages/pandas/_libs/tslibs/conversion.cpython-310-x86_64-linux-gnu.so
7fbf15d29000-7fbf15d33000 r--p 0003d000 08:02 22827807                   /home/ubuntu/dev/workspace/koarf/.venv/lib/python3.10/site-packages/pandas/_libs/tslibs/conversion.cpython-310-x86_64-linux-gnu.so
7fbf15d33000-7fbf15d35000 r--p 00046000 08:02 22827807                   /home/ubuntu/dev/workspace/koarf/.venv/lib/python3.10/site-packages/pandas/_libs/tslibs/conversion.cpython-310-x86_64-linux-gnu.so
7fbf15d35000-7fbf15d37000 rw-p 00048000 08:02 22827807                   /home/ubuntu/dev/workspace/koarf/.venv/lib/python3.10/site-packages/pandas/_libs/tslibs/conversion.cpython-310-x86_64-linux-gnu.so
7fbf15d37000-7fbf15e38000 rw-p 00000000 00:00 0 
7fbf15e38000-7fbf15e4d000 r--p 00000000 08:02 22827762                   /home/ubuntu/dev/workspace/koarf/.venv/lib/python3.10/site-packages/pandas/_libs/hashtable.cpython-310-x86_64-linux-gnu.so
7fbf15e4d000-7fbf16016000 r-xp 00015000 08:02 22827762                   /home/ubuntu/dev/workspace/koarf/.venv/lib/python3.10/site-packages/pandas/_libs/hashtable.cpython-310-x86_64-linux-gnu.so
7fbf16016000-7fbf1604d000 r--p 001de000 08:02 22827762                   /home/ubuntu/dev/workspace/koarf/.venv/lib/python3.10/site-packages/pandas/_libs/hashtable.cpython-310-x86_64-linux-gnu.so
7fbf1604d000-7fbf16052000 r--p 00215000 08:02 22827762                   /home/ubuntu/dev/workspace/koarf/.venv/lib/python3.10/site-packages/pandas/_libs/hashtable.cpython-310-x86_64-linux-gnu.so
7fbf16052000-7fbf1605f000 rw-p 0021a000 08:02 22827762                   /home/ubuntu/dev/workspace/koarf/.venv/lib/python3.10/site-packages/pandas/_libs/hashtable.cpython-310-x86_64-linux-gnu.so
7fbf1605f000-7fbf16067000 rw-p 00000000 00:00 0 
7fbf16067000-7fbf16074000 r--p 00000000 08:02 22827770                   /home/ubuntu/dev/workspace/koarf/.venv/lib/python3.10/site-packages/pandas/_libs/interval.cpython-310-x86_64-linux-gnu.so
7fbf16074000-7fbf16196000 r-xp 0000d000 08:02 22827770                   /home/ubuntu/dev/workspace/koarf/.venv/lib/python3.10/site-packages/pandas/_libs/interval.cpython-310-x86_64-linux-gnu.so
7fbf16196000-7fbf161b4000 r--p 0012f000 08:02 22827770                   /home/ubuntu/dev/workspace/koarf/.venv/lib/python3.10/site-packages/pandas/_libs/interval.cpython-310-x86_64-linux-gnu.so
7fbf161b4000-7fbf161b6000 r--p 0014d000 08:02 22827770                   /home/ubuntu/dev/workspace/koarf/.venv/lib/python3.10/site-packages/pandas/_libs/interval.cpython-310-x86_64-linux-gnu.so
7fbf161b6000-7fbf161bd000 rw-p 0014f000 08:02 22827770                   /home/ubuntu/dev/workspace/koarf/.venv/lib/python3.10/site-packages/pandas/_libs/interval.cpython-310-x86_64-linux-gnu.so
7fbf161bd000-7fbf161bf000 rw-p 00000000 00:00 0 
7fbf161bf000-7fbf163ff000 rw-p 00000000 00:00 0 
7fbf163ff000-7fbf16400000 ---p 00000000 00:00 0 
7fbf16400000-7fbf16c00000 rw-p 00000000 00:00 0 
7fbf16c00000-7fbf17400000 rw-p 00000000 00:00 0 
7fbf17400000-7fbf17402000 r--p 00000000 08:02 22282900                   /home/ubuntu/dev/workspace/koarf/.venv/lib/python3.10/site-packages/sklearn/utils/_sorting.cpython-310-x86_64-linux-gnu.so
7fbf17402000-7fbf17404000 r-xp 00002000 08:02 22282900                   /home/ubuntu/dev/workspace/koarf/.venv/lib/python3.10/site-packages/sklearn/utils/_sorting.cpython-310-x86_64-linux-gnu.so
7fbf17404000-7fbf17405000 r--p 00004000 08:02 22282900                   /home/ubuntu/dev/workspace/koarf/.venv/lib/python3.10/site-packages/sklearn/utils/_sorting.cpython-310-x86_64-linux-gnu.so
7fbf17405000-7fbf17406000 r--p 00004000 08:02 22282900                   /home/ubuntu/dev/workspace/koarf/.venv/lib/python3.10/site-packages/sklearn/utils/_sorting.cpython-310-x86_64-linux-gnu.so
7fbf17406000-7fbf17407000 rw-p 00005000 08:02 22282900                   /home/ubuntu/dev/workspace/koarf/.venv/lib/python3.10/site-packages/sklearn/utils/_sorting.cpython-310-x86_64-linux-gnu.so
7fbf17407000-7fbf1740b000 r--p 00000000 08:02 22827782                   /home/ubuntu/dev/workspace/koarf/.venv/lib/python3.10/site-packages/pandas/_libs/ops_dispatch.cpython-310-x86_64-linux-gnu.so
7fbf1740b000-7fbf17412000 r-xp 00004000 08:02 22827782                   /home/ubuntu/dev/workspace/koarf/.venv/lib/python3.10/site-packages/pandas/_libs/ops_dispatch.cpython-310-x86_64-linux-gnu.so
7fbf17412000-7fbf17414000 r--p 0000b000 08:02 22827782                   /home/ubuntu/dev/workspace/koarf/.venv/lib/python3.10/site-packages/pandas/_libs/ops_dispatch.cpython-310-x86_64-linux-gnu.so
7fbf17414000-7fbf17415000 r--p 0000d000 08:02 22827782                   /home/ubuntu/dev/workspace/koarf/.venv/lib/python3.10/site-packages/pandas/_libs/ops_dispatch.cpython-310-x86_64-linux-gnu.so
7fbf17415000-7fbf17416000 rw-p 0000e000 08:02 22827782                   /home/ubuntu/dev/workspace/koarf/.venv/lib/python3.10/site-packages/pandas/_libs/ops_dispatch.cpython-310-x86_64-linux-gnu.so
7fbf17416000-7fbf1741a000 r--p 00000000 08:02 22827788                   /home/ubuntu/dev/workspace/koarf/.venv/lib/python3.10/site-packages/pandas/_libs/properties.cpython-310-x86_64-linux-gnu.so
7fbf1741a000-7fbf17426000 r-xp 00004000 08:02 22827788                   /home/ubuntu/dev/workspace/koarf/.venv/lib/python3.10/site-packages/pandas/_libs/properties.cpython-310-x86_64-linux-gnu.so
7fbf17426000-7fbf17429000 r--p 00010000 08:02 22827788                   /home/ubuntu/dev/workspace/koarf/.venv/lib/python3.10/site-packages/pandas/_libs/properties.cpython-310-x86_64-linux-gnu.so
7fbf17429000-7fbf1742a000 r--p 00012000 08:02 22827788                   /home/ubuntu/dev/workspace/koarf/.venv/lib/python3.10/site-packages/pandas/_libs/properties.cpython-310-x86_64-linux-gnu.so
7fbf1742a000-7fbf1742b000 rw-p 00013000 08:02 22827788                   /home/ubuntu/dev/workspace/koarf/.venv/lib/python3.10/site-packages/pandas/_libs/properties.cpython-310-x86_64-linux-gnu.so
7fbf1742b000-7fbf1742c000 rw-p 00000000 00:00 0 
7fbf1742c000-7fbf17430000 r--p 00000000 08:02 22827815                   /home/ubuntu/dev/workspace/koarf/.venv/lib/python3.10/site-packages/pandas/_libs/tslibs/np_datetime.cpython-310-x86_64-linux-gnu.so
7fbf17430000-7fbf17447000 r-xp 00004000 08:02 22827815                   /home/ubuntu/dev/workspace/koarf/.venv/lib/python3.10/site-packages/pandas/_libs/tslibs/np_datetime.cpython-310-x86_64-linux-gnu.so
7fbf17447000-7fbf1744c000 r--p 0001b000 08:02 22827815                   /home/ubuntu/dev/workspace/koarf/.venv/lib/python3.10/site-packages/pandas/_libs/tslibs/np_datetime.cpython-310-x86_64-linux-gnu.so
7fbf1744c000-7fbf1744d000 r--p 00020000 08:02 22827815                   /home/ubuntu/dev/workspace/koarf/.venv/lib/python3.10/site-packages/pandas/_libs/tslibs/np_datetime.cpython-310-x86_64-linux-gnu.so
7fbf1744d000-7fbf1744e000 rw-p 00021000 08:02 22827815                   /home/ubuntu/dev/workspace/koarf/.venv/lib/python3.10/site-packages/pandas/_libs/tslibs/np_datetime.cpython-310-x86_64-linux-gnu.so
7fbf1744e000-7fbf1744f000 rw-p 00000000 00:00 0 
7fbf1744f000-7fbf17453000 r--p 00000000 08:02 22827805                   /home/ubuntu/dev/workspace/koarf/.venv/lib/python3.10/site-packages/pandas/_libs/tslibs/ccalendar.cpython-310-x86_64-linux-gnu.so
7fbf17453000-7fbf17461000 r-xp 00004000 08:02 22827805                   /home/ubuntu/dev/workspace/koarf/.venv/lib/python3.10/site-packages/pandas/_libs/tslibs/ccalendar.cpython-310-x86_64-linux-gnu.so
7fbf17461000-7fbf17464000 r--p 00012000 08:02 22827805                   /home/ubuntu/dev/workspace/koarf/.venv/lib/python3.10/site-packages/pandas/_libs/tslibs/ccalendar.cpython-310-x86_64-linux-gnu.so
7fbf17464000-7fbf17465000 r--p 00015000 08:02 22827805                   /home/ubuntu/dev/workspace/koarf/.venv/lib/python3.10/site-packages/pandas/_libs/tslibs/ccalendar.cpython-310-x86_64-linux-gnu.so
7fbf17465000-7fbf17466000 rw-p 00016000 08:02 22827805                   /home/ubuntu/dev/workspace/koarf/.venv/lib/python3.10/site-packages/pandas/_libs/tslibs/ccalendar.cpython-310-x86_64-linux-gnu.so
7fbf17466000-7fbf1746d000 r--p 00000000 08:02 22827809                   /home/ubuntu/dev/workspace/koarf/.venv/lib/python3.10/site-packages/pandas/_libs/tslibs/dtypes.cpython-310-x86_64-linux-gnu.so
7fbf1746d000-7fbf17489000 r-xp 00007000 08:02 22827809                   /home/ubuntu/dev/workspace/koarf/.venv/lib/python3.10/site-packages/pandas/_libs/tslibs/dtypes.cpython-310-x86_64-linux-gnu.so
7fbf17489000-7fbf1748f000 r--p 00023000 08:02 22827809                   /home/ubuntu/dev/workspace/koarf/.venv/lib/python3.10/site-packages/pandas/_libs/tslibs/dtypes.cpython-310-x86_64-linux-gnu.so
7fbf1748f000-7fbf17491000 r--p 00029000 08:02 22827809                   /home/ubuntu/dev/workspace/koarf/.venv/lib/python3.10/site-packages/pandas/_libs/tslibs/dtypes.cpython-310-x86_64-linux-gnu.so
7fbf17491000-7fbf17492000 rw-p 0002b000 08:02 22827809                   /home/ubuntu/dev/workspace/koarf/.venv/lib/python3.10/site-packages/pandas/_libs/tslibs/dtypes.cpython-310-x86_64-linux-gnu.so
7fbf17492000-7fbf17494000 rw-p 00000000 00:00 0 
7fbf17494000-7fbf1749a000 r--p 00000000 08:02 22827778                   /home/ubuntu/dev/workspace/koarf/.venv/lib/python3.10/site-packages/pandas/_libs/missing.cpython-310-x86_64-linux-gnu.so
7fbf1749a000-7fbf174ba000 r-xp 00006000 08:02 22827778                   /home/ubuntu/dev/workspace/koarf/.venv/lib/python3.10/site-packages/pandas/_libs/missing.cpython-310-x86_64-linux-gnu.so
7fbf174ba000-7fbf174c1000 r--p 00026000 08:02 22827778                   /home/ubuntu/dev/workspace/koarf/.venv/lib/python3.10/site-packages/pandas/_libs/missing.cpython-310-x86_64-linux-gnu.so
7fbf174c1000-7fbf174c3000 r--p 0002c000 08:02 22827778                   /home/ubuntu/dev/workspace/koarf/.venv/lib/python3.10/site-packages/pandas/_libs/missing.cpython-310-x86_64-linux-gnu.so
7fbf174c3000-7fbf174c5000 rw-p 0002e000 08:02 22827778                   /home/ubuntu/dev/workspace/koarf/.venv/lib/python3.10/site-packages/pandas/_libs/missing.cpython-310-x86_64-linux-gnu.so
7fbf174c5000-7fbf175c6000 rw-p 00000000 00:00 0 
7fbf175c6000-7fbf1790a000 r--p 00000000 08:02 22810369                   /home/ubuntu/dev/workspace/koarf/.venv/lib/python3.10/site-packages/pyarrow/libarrow.so.2400
7fbf1790a000-7fbf1968c000 r-xp 00344000 08:02 22810369                   /home/ubuntu/dev/workspace/koarf/.venv/lib/python3.10/site-packages/pyarrow/libarrow.so.2400
7fbf1968c000-7fbf19e3f000 r--p 020c6000 08:02 22810369                   /home/ubuntu/dev/workspace/koarf/.venv/lib/python3.10/site-packages/pyarrow/libarrow.so.2400
7fbf19e3f000-7fbf19f49000 r--p 02878000 08:02 22810369                   /home/ubuntu/dev/workspace/koarf/.venv/lib/python3.10/site-packages/pyarrow/libarrow.so.2400
7fbf19f49000-7fbf19f85000 rw-p 02982000 08:02 22810369                   /home/ubuntu/dev/workspace/koarf/.venv/lib/python3.10/site-packages/pyarrow/libarrow.so.2400
7fbf19f85000-7fbf1a1b5000 rw-p 00000000 00:00 0 
7fbf1a1b5000-7fbf1a261000 r--p 00000000 08:02 22810371                   /home/ubuntu/dev/workspace/koarf/.venv/lib/python3.10/site-packages/pyarrow/libarrow_compute.so.2400
7fbf1a261000-7fbf1ad7b000 r-xp 000ac000 08:02 22810371                   /home/ubuntu/dev/workspace/koarf/.venv/lib/python3.10/site-packages/pyarrow/libarrow_compute.so.2400
7fbf1ad7b000-7fbf1af7d000 r--p 00bc6000 08:02 22810371                   /home/ubuntu/dev/workspace/koarf/.venv/lib/python3.10/site-packages/pyarrow/libarrow_compute.so.2400
7fbf1af7d000-7fbf1af9d000 r--p 00dc7000 08:02 22810371                   /home/ubuntu/dev/workspace/koarf/.venv/lib/python3.10/site-packages/pyarrow/libarrow_compute.so.2400
7fbf1af9d000-7fbf1afa0000 rw-p 00de7000 08:02 22810371                   /home/ubuntu/dev/workspace/koarf/.venv/lib/python3.10/site-packages/pyarrow/libarrow_compute.so.2400
7fbf1afa0000-7fbf1afad000 rw-p 00000000 00:00 0 
7fbf1afad000-7fbf1afd9000 r--p 00000000 08:02 22810370                   /home/ubuntu/dev/workspace/koarf/.venv/lib/python3.10/site-packages/pyarrow/libarrow_acero.so.2400
7fbf1afd9000-7fbf1b0c3000 r-xp 0002c000 08:02 22810370                   /home/ubuntu/dev/workspace/koarf/.venv/lib/python3.10/site-packages/pyarrow/libarrow_acero.so.2400
7fbf1b0c3000-7fbf1b0fb000 r--p 00116000 08:02 22810370                   /home/ubuntu/dev/workspace/koarf/.venv/lib/python3.10/site-packages/pyarrow/libarrow_acero.so.2400
7fbf1b0fb000-7fbf1b101000 r--p 0014d000 08:02 22810370                   /home/ubuntu/dev/workspace/koarf/.venv/lib/python3.10/site-packages/pyarrow/libarrow_acero.so.2400
7fbf1b101000-7fbf1b103000 rw-p 00153000 08:02 22810370                   /home/ubuntu/dev/workspace/koarf/.venv/lib/python3.10/site-packages/pyarrow/libarrow_acero.so.2400
7fbf1b103000-7fbf1b2b1000 r--p 00000000 08:02 22810384                   /home/ubuntu/dev/workspace/koarf/.venv/lib/python3.10/site-packages/pyarrow/libparquet.so.2400
7fbf1b2b1000-7fbf1b869000 r-xp 001ae000 08:02 22810384                   /home/ubuntu/dev/workspace/koarf/.venv/lib/python3.10/site-packages/pyarrow/libparquet.so.2400
7fbf1b869000-7fbf1ba37000 r--p 00766000 08:02 22810384                   /home/ubuntu/dev/workspace/koarf/.venv/lib/python3.10/site-packages/pyarrow/libparquet.so.2400
7fbf1ba37000-7fbf1bad3000 r--p 00934000 08:02 22810384                   /home/ubuntu/dev/workspace/koarf/.venv/lib/python3.10/site-packages/pyarrow/libparquet.so.2400
7fbf1bad3000-7fbf1badf000 rw-p 009d0000 08:02 22810384                   /home/ubuntu/dev/workspace/koarf/.venv/lib/python3.10/site-packages/pyarrow/libparquet.so.2400
7fbf1badf000-7fbf1bae3000 rw-p 00000000 00:00 0 
7fbf1bae3000-7fbf1bb25000 r--p 00000000 08:02 22810372                   /home/ubuntu/dev/workspace/koarf/.venv/lib/python3.10/site-packages/pyarrow/libarrow_dataset.so.2400
7fbf1bb25000-7fbf1bc01000 r-xp 00042000 08:02 22810372                   /home/ubuntu/dev/workspace/koarf/.venv/lib/python3.10/site-packages/pyarrow/libarrow_dataset.so.2400
7fbf1bc01000-7fbf1bc44000 r--p 0011e000 08:02 22810372                   /home/ubuntu/dev/workspace/koarf/.venv/lib/python3.10/site-packages/pyarrow/libarrow_dataset.so.2400
7fbf1bc44000-7fbf1bc4c000 r--p 00161000 08:02 22810372                   /home/ubuntu/dev/workspace/koarf/.venv/lib/python3.10/site-packages/pyarrow/libarrow_dataset.so.2400
7fbf1bc4c000-7fbf1bc4d000 rw-p 00169000 08:02 22810372                   /home/ubuntu/dev/workspace/koarf/.venv/lib/python3.10/site-packages/pyarrow/libarrow_dataset.so.2400
7fbf1bc4d000-7fbf1bc98000 r--p 00000000 08:02 22810383                   /home/ubuntu/dev/workspace/koarf/.venv/lib/python3.10/site-packages/pyarrow/libarrow_substrait.so.2400
7fbf1bc98000-7fbf1bf75000 r-xp 0004b000 08:02 22810383                   /home/ubuntu/dev/workspace/koarf/.venv/lib/python3.10/site-packages/pyarrow/libarrow_substrait.so.2400
7fbf1bf75000-7fbf1c022000 r--p 00328000 08:02 22810383                   /home/ubuntu/dev/workspace/koarf/.venv/lib/python3.10/site-packages/pyarrow/libarrow_substrait.so.2400
7fbf1c022000-7fbf1c030000 r--p 003d4000 08:02 22810383                   /home/ubuntu/dev/workspace/koarf/.venv/lib/python3.10/site-packages/pyarrow/libarrow_substrait.so.2400
7fbf1c030000-7fbf1c046000 rw-p 003e2000 08:02 22810383                   /home/ubuntu/dev/workspace/koarf/.venv/lib/python3.10/site-packages/pyarrow/libarrow_substrait.so.2400
7fbf1c046000-7fbf1c047000 rw-p 00000000 00:00 0 
7fbf1c047000-7fbf1c08a000 r--p 00000000 08:02 22810375                   /home/ubuntu/dev/workspace/koarf/.venv/lib/python3.10/site-packages/pyarrow/libarrow_python.so.2400
7fbf1c08a000-7fbf1c18c000 r-xp 00043000 08:02 22810375                   /home/ubuntu/dev/workspace/koarf/.venv/lib/python3.10/site-packages/pyarrow/libarrow_python.so.2400
7fbf1c18c000-7fbf1c1cf000 r--p 00145000 08:02 22810375                   /home/ubuntu/dev/workspace/koarf/.venv/lib/python3.10/site-packages/pyarrow/libarrow_python.so.2400
7fbf1c1cf000-7fbf1c1db000 r--p 00187000 08:02 22810375                   /home/ubuntu/dev/workspace/koarf/.venv/lib/python3.10/site-packages/pyarrow/libarrow_python.so.2400
7fbf1c1db000-7fbf1c1dd000 rw-p 00193000 08:02 22810375                   /home/ubuntu/dev/workspace/koarf/.venv/lib/python3.10/site-packages/pyarrow/libarrow_python.so.2400
7fbf1c1dd000-7fbf1c21c000 r--p 00000000 08:02 22810366                   /home/ubuntu/dev/workspace/koarf/.venv/lib/python3.10/site-packages/pyarrow/lib.cpython-310-x86_64-linux-gnu.so
7fbf1c21c000-7fbf1c46a000 r-xp 0003f000 08:02 22810366                   /home/ubuntu/dev/workspace/koarf/.venv/lib/python3.10/site-packages/pyarrow/lib.cpython-310-x86_64-linux-gnu.so
7fbf1c46a000-7fbf1c51e000 r--p 0028d000 08:02 22810366                   /home/ubuntu/dev/workspace/koarf/.venv/lib/python3.10/site-packages/pyarrow/lib.cpython-310-x86_64-linux-gnu.so
7fbf1c51e000-7fbf1c520000 r--p 00341000 08:02 22810366                   /home/ubuntu/dev/workspace/koarf/.venv/lib/python3.10/site-packages/pyarrow/lib.cpython-310-x86_64-linux-gnu.so
7fbf1c520000-7fbf1c549000 rw-p 00343000 08:02 22810366                   /home/ubuntu/dev/workspace/koarf/.venv/lib/python3.10/site-packages/pyarrow/lib.cpython-310-x86_64-linux-gnu.so
7fbf1c549000-7fbf1c657000 rw-p 00000000 00:00 0 
7fbf1c657000-7fbf1c65c000 r--p 00000000 08:02 22182140                   /home/ubuntu/dev/workspace/koarf/.venv/lib/python3.10/site-packages/scipy/ndimage/_ni_label.cpython-310-x86_64-linux-gnu.so
7fbf1c65c000-7fbf1c6a8000 r-xp 00005000 08:02 22182140                   /home/ubuntu/dev/workspace/koarf/.venv/lib/python3.10/site-packages/scipy/ndimage/_ni_label.cpython-310-x86_64-linux-gnu.so
7fbf1c6a8000-7fbf1c6b1000 r--p 00051000 08:02 22182140                   /home/ubuntu/dev/workspace/koarf/.venv/lib/python3.10/site-packages/scipy/ndimage/_ni_label.cpython-310-x86_64-linux-gnu.so
7fbf1c6b1000-7fbf1c6b2000 ---p 0005a000 08:02 22182140                   /home/ubuntu/dev/workspace/koarf/.venv/lib/python3.10/site-packages/scipy/ndimage/_ni_label.cpython-310-x86_64-linux-gnu.so
7fbf1c6b2000-7fbf1c6b3000 r--p 0005a000 08:02 22182140                   /home/ubuntu/dev/workspace/koarf/.venv/lib/python3.10/site-packages/scipy/ndimage/_ni_label.cpython-310-x86_64-linux-gnu.so
7fbf1c6b3000-7fbf1c6b6000 rw-p 0005b000 08:02 22182140                   /home/ubuntu/dev/workspace/koarf/.venv/lib/python3.10/site-packages/scipy/ndimage/_ni_label.cpython-310-x86_64-linux-gnu.so
7fbf1c6b6000-7fbf1c6b8000 r--p 00000000 08:02 22182154                   /home/ubuntu/dev/workspace/koarf/.venv/lib/python3.10/site-packages/scipy/ndimage/_nd_image.cpython-310-x86_64-linux-gnu.so
7fbf1c6b8000-7fbf1c6d3000 r-xp 00002000 08:02 22182154                   /home/ubuntu/dev/workspace/koarf/.venv/lib/python3.10/site-packages/scipy/ndimage/_nd_image.cpython-310-x86_64-linux-gnu.so
7fbf1c6d3000-7fbf1c6d7000 r--p 0001d000 08:02 22182154                   /home/ubuntu/dev/workspace/koarf/.venv/lib/python3.10/site-packages/scipy/ndimage/_nd_image.cpython-310-x86_64-linux-gnu.so
7fbf1c6d7000-7fbf1c6d8000 r--p 00020000 08:02 22182154                   /home/ubuntu/dev/workspace/koarf/.venv/lib/python3.10/site-packages/scipy/ndimage/_nd_image.cpython-310-x86_64-linux-gnu.so
7fbf1c6d8000-7fbf1c6d9000 rw-p 00021000 08:02 22182154                   /home/ubuntu/dev/workspace/koarf/.venv/lib/python3.10/site-packages/scipy/ndimage/_nd_image.cpython-310-x86_64-linux-gnu.so
7fbf1c6d9000-7fbf1c6de000 r--p 00000000 08:02 22182776                   /home/ubuntu/dev/workspace/koarf/.venv/lib/python3.10/site-packages/scipy/stats/_rcont/rcont.cpython-310-x86_64-linux-gnu.so
7fbf1c6de000-7fbf1c706000 r-xp 00005000 08:02 22182776                   /home/ubuntu/dev/workspace/koarf/.venv/lib/python3.10/site-packages/scipy/stats/_rcont/rcont.cpython-310-x86_64-linux-gnu.so
7fbf1c706000-7fbf1c70f000 r--p 0002d000 08:02 22182776                   /home/ubuntu/dev/workspace/koarf/.venv/lib/python3.10/site-packages/scipy/stats/_rcont/rcont.cpython-310-x86_64-linux-gnu.so
7fbf1c70f000-7fbf1c710000 ---p 00036000 08:02 22182776                   /home/ubuntu/dev/workspace/koarf/.venv/lib/python3.10/site-packages/scipy/stats/_rcont/rcont.cpython-310-x86_64-linux-gnu.so
7fbf1c710000-7fbf1c711000 r--p 00036000 08:02 22182776                   /home/ubuntu/dev/workspace/koarf/.venv/lib/python3.10/site-packages/scipy/stats/_rcont/rcont.cpython-310-x86_64-linux-gnu.so
7fbf1c711000-7fbf1c713000 rw-p 00037000 08:02 22182776                   /home/ubuntu/dev/workspace/koarf/.venv/lib/python3.10/site-packages/scipy/stats/_rcont/rcont.cpython-310-x86_64-linux-gnu.so
7fbf1c713000-7fbf1c714000 rw-p 00000000 00:00 0 
7fbf1c714000-7fbf1c716000 r--p 00000000 08:02 22182657                   /home/ubuntu/dev/workspace/koarf/.venv/lib/python3.10/site-packages/scipy/stats/_mvn.cpython-310-x86_64-linux-gnu.so
7fbf1c716000-7fbf1c71f000 r-xp 00002000 08:02 22182657                   /home/ubuntu/dev/workspace/koarf/.venv/lib/python3.10/site-packages/scipy/stats/_mvn.cpython-310-x86_64-linux-gnu.so
7fbf1c71f000-7fbf1c725000 r--p 0000b000 08:02 22182657                   /home/ubuntu/dev/workspace/koarf/.venv/lib/python3.10/site-packages/scipy/stats/_mvn.cpython-310-x86_64-linux-gnu.so
7fbf1c725000-7fbf1c726000 r--p 00010000 08:02 22182657                   /home/ubuntu/dev/workspace/koarf/.venv/lib/python3.10/site-packages/scipy/stats/_mvn.cpython-310-x86_64-linux-gnu.so
7fbf1c726000-7fbf1c728000 rw-p 00011000 08:02 22182657                   /home/ubuntu/dev/workspace/koarf/.venv/lib/python3.10/site-packages/scipy/stats/_mvn.cpython-310-x86_64-linux-gnu.so
7fbf1c728000-7fbf1c91f000 rw-p 00000000 00:00 0 
7fbf1c91f000-7fbf1c924000 r--p 00000000 08:02 22182645                   /home/ubuntu/dev/workspace/koarf/.venv/lib/python3.10/site-packages/scipy/stats/_ansari_swilk_statistics.cpython-310-x86_64-linux-gnu.so
7fbf1c924000-7fbf1c951000 r-xp 00005000 08:02 22182645                   /home/ubuntu/dev/workspace/koarf/.venv/lib/python3.10/site-packages/scipy/stats/_ansari_swilk_statistics.cpython-310-x86_64-linux-gnu.so
7fbf1c951000-7fbf1c959000 r--p 00032000 08:02 22182645                   /home/ubuntu/dev/workspace/koarf/.venv/lib/python3.10/site-packages/scipy/stats/_ansari_swilk_statistics.cpython-310-x86_64-linux-gnu.so
7fbf1c959000-7fbf1c95a000 r--p 00039000 08:02 22182645                   /home/ubuntu/dev/workspace/koarf/.venv/lib/python3.10/site-packages/scipy/stats/_ansari_swilk_statistics.cpython-310-x86_64-linux-gnu.so
7fbf1c95a000-7fbf1c95c000 rw-p 0003a000 08:02 22182645                   /home/ubuntu/dev/workspace/koarf/.venv/lib/python3.10/site-packages/scipy/stats/_ansari_swilk_statistics.cpython-310-x86_64-linux-gnu.so
7fbf1c95c000-7fbf1ca5d000 rw-p 00000000 00:00 0 
7fbf1ca5d000-7fbf1ca61000 r--p 00000000 08:02 22182688                   /home/ubuntu/dev/workspace/koarf/.venv/lib/python3.10/site-packages/scipy/stats/_stats_pythran.cpython-310-x86_64-linux-gnu.so
7fbf1ca61000-7fbf1ca7b000 r-xp 00004000 08:02 22182688                   /home/ubuntu/dev/workspace/koarf/.venv/lib/python3.10/site-packages/scipy/stats/_stats_pythran.cpython-310-x86_64-linux-gnu.so
7fbf1ca7b000-7fbf1ca81000 r--p 0001e000 08:02 22182688                   /home/ubuntu/dev/workspace/koarf/.venv/lib/python3.10/site-packages/scipy/stats/_stats_pythran.cpython-310-x86_64-linux-gnu.so
7fbf1ca81000-7fbf1ca82000 r--p 00023000 08:02 22182688                   /home/ubuntu/dev/workspace/koarf/.venv/lib/python3.10/site-packages/scipy/stats/_stats_pythran.cpython-310-x86_64-linux-gnu.so
7fbf1ca82000-7fbf1ca83000 rw-p 00024000 08:02 22182688                   /home/ubuntu/dev/workspace/koarf/.venv/lib/python3.10/site-packages/scipy/stats/_stats_pythran.cpython-310-x86_64-linux-gnu.so
7fbf1ca83000-7fbf1ca88000 r--p 00000000 08:02 22182667                   /home/ubuntu/dev/workspace/koarf/.venv/lib/python3.10/site-packages/scipy/stats/_biasedurn.cpython-310-x86_64-linux-gnu.so
7fbf1ca88000-7fbf1cab2000 r-xp 00005000 08:02 22182667                   /home/ubuntu/dev/workspace/koarf/.venv/lib/python3.10/site-packages/scipy/stats/_biasedurn.cpython-310-x86_64-linux-gnu.so
7fbf1cab2000-7fbf1cabe000 r--p 0002f000 08:02 22182667                   /home/ubuntu/dev/workspace/koarf/.venv/lib/python3.10/site-packages/scipy/stats/_biasedurn.cpython-310-x86_64-linux-gnu.so
7fbf1cabe000-7fbf1cabf000 r--p 0003a000 08:02 22182667                   /home/ubuntu/dev/workspace/koarf/.venv/lib/python3.10/site-packages/scipy/stats/_biasedurn.cpython-310-x86_64-linux-gnu.so
7fbf1cabf000-7fbf1cac2000 rw-p 0003b000 08:02 22182667                   /home/ubuntu/dev/workspace/koarf/.venv/lib/python3.10/site-packages/scipy/stats/_biasedurn.cpython-310-x86_64-linux-gnu.so
7fbf1cac2000-7fbf1cbc5000 rw-p 00000000 00:00 0 
7fbf1cbc5000-7fbf1cbcb000 r--p 00000000 08:02 22182703                   /home/ubuntu/dev/workspace/koarf/.venv/lib/python3.10/site-packages/scipy/stats/_qmc_cy.cpython-310-x86_64-linux-gnu.so
7fbf1cbcb000-7fbf1cbf6000 r-xp 00006000 08:02 22182703                   /home/ubuntu/dev/workspace/koarf/.venv/lib/python3.10/site-packages/scipy/stats/_qmc_cy.cpython-310-x86_64-linux-gnu.so
7fbf1cbf6000-7fbf1cbff000 r--p 00031000 08:02 22182703                   /home/ubuntu/dev/workspace/koarf/.venv/lib/python3.10/site-packages/scipy/stats/_qmc_cy.cpython-310-x86_64-linux-gnu.so
7fbf1cbff000-7fbf1cc00000 r--p 00039000 08:02 22182703                   /home/ubuntu/dev/workspace/koarf/.venv/lib/python3.10/site-packages/scipy/stats/_qmc_cy.cpython-310-x86_64-linux-gnu.so
7fbf1cc00000-7fbf1cc02000 rw-p 0003a000 08:02 22182703                   /home/ubuntu/dev/workspace/koarf/.venv/lib/python3.10/site-packages/scipy/stats/_qmc_cy.cpython-310-x86_64-linux-gnu.so
7fbf1cc02000-7fbf1cc03000 rw-p 00000000 00:00 0 
7fbf1cc03000-7fbf1cc08000 r--p 00000000 08:02 22182685                   /home/ubuntu/dev/workspace/koarf/.venv/lib/python3.10/site-packages/scipy/stats/_sobol.cpython-310-x86_64-linux-gnu.so
7fbf1cc08000-7fbf1cc50000 r-xp 00005000 08:02 22182685                   /home/ubuntu/dev/workspace/koarf/.venv/lib/python3.10/site-packages/scipy/stats/_sobol.cpython-310-x86_64-linux-gnu.so
7fbf1cc50000-7fbf1cc5a000 r--p 0004d000 08:02 22182685                   /home/ubuntu/dev/workspace/koarf/.venv/lib/python3.10/site-packages/scipy/stats/_sobol.cpython-310-x86_64-linux-gnu.so
7fbf1cc5a000-7fbf1cc5b000 r--p 00056000 08:02 22182685                   /home/ubuntu/dev/workspace/koarf/.venv/lib/python3.10/site-packages/scipy/stats/_sobol.cpython-310-x86_64-linux-gnu.so
7fbf1cc5b000-7fbf1cc5e000 rw-p 00057000 08:02 22182685                   /home/ubuntu/dev/workspace/koarf/.venv/lib/python3.10/site-packages/scipy/stats/_sobol.cpython-310-x86_64-linux-gnu.so
7fbf1cc5e000-7fbf1cc6c000 r--p 00000000 08:02 22181852                   /home/ubuntu/dev/workspace/koarf/.venv/lib/python3.10/site-packages/scipy/special/cython_special.cpython-310-x86_64-linux-gnu.so
7fbf1cc6c000-7fbf1cf31000 r-xp 0000e000 08:02 22181852                   /home/ubuntu/dev/workspace/koarf/.venv/lib/python3.10/site-packages/scipy/special/cython_special.cpython-310-x86_64-linux-gnu.so
7fbf1cf31000-7fbf1cf79000 r--p 002d3000 08:02 22181852                   /home/ubuntu/dev/workspace/koarf/.venv/lib/python3.10/site-packages/scipy/special/cython_special.cpython-310-x86_64-linux-gnu.so
7fbf1cf79000-7fbf1cf7a000 r--p 0031a000 08:02 22181852                   /home/ubuntu/dev/workspace/koarf/.venv/lib/python3.10/site-packages/scipy/special/cython_special.cpython-310-x86_64-linux-gnu.so
7fbf1cf7a000-7fbf1cf7f000 rw-p 0031b000 08:02 22181852                   /home/ubuntu/dev/workspace/koarf/.venv/lib/python3.10/site-packages/scipy/special/cython_special.cpython-310-x86_64-linux-gnu.so
7fbf1cf7f000-7fbf1cf82000 rw-p 00000000 00:00 0 
7fbf1cf82000-7fbf1cf88000 r--p 00000000 08:02 22182651                   /home/ubuntu/dev/workspace/koarf/.venv/lib/python3.10/site-packages/scipy/stats/_stats.cpython-310-x86_64-linux-gnu.so
7fbf1cf88000-7fbf1d01c000 r-xp 00006000 08:02 22182651                   /home/ubuntu/dev/workspace/koarf/.venv/lib/python3.10/site-packages/scipy/stats/_stats.cpython-310-x86_64-linux-gnu.so
7fbf1d01c000-7fbf1d02a000 r--p 0009a000 08:02 22182651                   /home/ubuntu/dev/workspace/koarf/.venv/lib/python3.10/site-packages/scipy/stats/_stats.cpython-310-x86_64-linux-gnu.so
7fbf1d02a000-7fbf1d02b000 r--p 000a7000 08:02 22182651                   /home/ubuntu/dev/workspace/koarf/.venv/lib/python3.10/site-packages/scipy/stats/_stats.cpython-310-x86_64-linux-gnu.so
7fbf1d02b000-7fbf1d02e000 rw-p 000a8000 08:02 22182651                   /home/ubuntu/dev/workspace/koarf/.venv/lib/python3.10/site-packages/scipy/stats/_stats.cpython-310-x86_64-linux-gnu.so
7fbf1d02e000-7fbf1d130000 rw-p 00000000 00:00 0 
7fbf1d130000-7fbf1d136000 r--p 00000000 08:02 22182902                   /home/ubuntu/dev/workspace/koarf/.venv/lib/python3.10/site-packages/scipy/interpolate/_bspl.cpython-310-x86_64-linux-gnu.so
7fbf1d136000-7fbf1d16c000 r-xp 00006000 08:02 22182902                   /home/ubuntu/dev/workspace/koarf/.venv/lib/python3.10/site-packages/scipy/interpolate/_bspl.cpython-310-x86_64-linux-gnu.so
7fbf1d16c000-7fbf1d179000 r--p 0003c000 08:02 22182902                   /home/ubuntu/dev/workspace/koarf/.venv/lib/python3.10/site-packages/scipy/interpolate/_bspl.cpython-310-x86_64-linux-gnu.so
7fbf1d179000-7fbf1d17a000 r--p 00048000 08:02 22182902                   /home/ubuntu/dev/workspace/koarf/.venv/lib/python3.10/site-packages/scipy/interpolate/_bspl.cpython-310-x86_64-linux-gnu.so
7fbf1d17a000-7fbf1d17c000 rw-p 00049000 08:02 22182902                   /home/ubuntu/dev/workspace/koarf/.venv/lib/python3.10/site-packages/scipy/interpolate/_bspl.cpython-310-x86_64-linux-gnu.so
7fbf1d17c000-7fbf1d17d000 rw-p 00000000 00:00 0 
7fbf1d17d000-7fbf1d182000 rw-p 0005f000 08:02 22182902                   /home/ubuntu/dev/workspace/koarf/.venv/lib/python3.10/site-packages/scipy/interpolate/_bspl.cpython-310-x86_64-linux-gnu.so
7fbf1d182000-7fbf1d187000 r--p 00000000 08:02 22182905                   /home/ubuntu/dev/workspace/koarf/.venv/lib/python3.10/site-packages/scipy/interpolate/_rgi_cython.cpython-310-x86_64-linux-gnu.so
7fbf1d187000-7fbf1d1b8000 r-xp 00005000 08:02 22182905                   /home/ubuntu/dev/workspace/koarf/.venv/lib/python3.10/site-packages/scipy/interpolate/_rgi_cython.cpython-310-x86_64-linux-gnu.so
7fbf1d1b8000-7fbf1d1c0000 r--p 00036000 08:02 22182905                   /home/ubuntu/dev/workspace/koarf/.venv/lib/python3.10/site-packages/scipy/interpolate/_rgi_cython.cpython-310-x86_64-linux-gnu.so
7fbf1d1c0000-7fbf1d1c1000 r--p 0003d000 08:02 22182905                   /home/ubuntu/dev/workspace/koarf/.venv/lib/python3.10/site-packages/scipy/interpolate/_rgi_cython.cpython-310-x86_64-linux-gnu.so
7fbf1d1c1000-7fbf1d1c3000 rw-p 0003e000 08:02 22182905                   /home/ubuntu/dev/workspace/koarf/.venv/lib/python3.10/site-packages/scipy/interpolate/_rgi_cython.cpython-310-x86_64-linux-gnu.so
7fbf1d1c3000-7fbf1d1c4000 rw-p 00000000 00:00 0 
7fbf1d1c4000-7fbf1d1c8000 r--p 00000000 08:02 22182895                   /home/ubuntu/dev/workspace/koarf/.venv/lib/python3.10/site-packages/scipy/interpolate/_rbfinterp_pythran.cpython-310-x86_64-linux-gnu.so
7fbf1d1c8000-7fbf1d1f3000 r-xp 00004000 08:02 22182895                   /home/ubuntu/dev/workspace/koarf/.venv/lib/python3.10/site-packages/scipy/interpolate/_rbfinterp_pythran.cpython-310-x86_64-linux-gnu.so
7fbf1d1f3000-7fbf1d1f9000 r--p 0002f000 08:02 22182895                   /home/ubuntu/dev/workspace/koarf/.venv/lib/python3.10/site-packages/scipy/interpolate/_rbfinterp_pythran.cpython-310-x86_64-linux-gnu.so
7fbf1d1f9000-7fbf1d1fa000 r--p 00034000 08:02 22182895                   /home/ubuntu/dev/workspace/koarf/.venv/lib/python3.10/site-packages/scipy/interpolate/_rbfinterp_pythran.cpython-310-x86_64-linux-gnu.so
7fbf1d1fa000-7fbf1d1fb000 rw-p 00035000 08:02 22182895                   /home/ubuntu/dev/workspace/koarf/.venv/lib/python3.10/site-packages/scipy/interpolate/_rbfinterp_pythran.cpython-310-x86_64-linux-gnu.so
7fbf1d1fb000-7fbf1d201000 r--p 00000000 08:02 22182909                   /home/ubuntu/dev/workspace/koarf/.venv/lib/python3.10/site-packages/scipy/interpolate/_interpnd.cpython-310-x86_64-linux-gnu.so
7fbf1d201000-7fbf1d251000 r-xp 00006000 08:02 22182909                   /home/ubuntu/dev/workspace/koarf/.venv/lib/python3.10/site-packages/scipy/interpolate/_interpnd.cpython-310-x86_64-linux-gnu.so
7fbf1d251000-7fbf1d25d000 r--p 00056000 08:02 22182909                   /home/ubuntu/dev/workspace/koarf/.venv/lib/python3.10/site-packages/scipy/interpolate/_interpnd.cpython-310-x86_64-linux-gnu.so
7fbf1d25d000-7fbf1d25e000 r--p 00061000 08:02 22182909                   /home/ubuntu/dev/workspace/koarf/.venv/lib/python3.10/site-packages/scipy/interpolate/_interpnd.cpython-310-x86_64-linux-gnu.so
7fbf1d25e000-7fbf1d261000 rw-p 00062000 08:02 22182909                   /home/ubuntu/dev/workspace/koarf/.venv/lib/python3.10/site-packages/scipy/interpolate/_interpnd.cpython-310-x86_64-linux-gnu.so
7fbf1d261000-7fbf1d262000 rw-p 00000000 00:00 0 
7fbf1d262000-7fbf1d267000 r--p 00000000 08:02 22182882                   /home/ubuntu/dev/workspace/koarf/.venv/lib/python3.10/site-packages/scipy/interpolate/_ppoly.cpython-310-x86_64-linux-gnu.so
7fbf1d267000-7fbf1d2bd000 r-xp 00005000 08:02 22182882                   /home/ubuntu/dev/workspace/koarf/.venv/lib/python3.10/site-packages/scipy/interpolate/_ppoly.cpython-310-x86_64-linux-gnu.so
7fbf1d2bd000-7fbf1d2c8000 r--p 0005b000 08:02 22182882                   /home/ubuntu/dev/workspace/koarf/.venv/lib/python3.10/site-packages/scipy/interpolate/_ppoly.cpython-310-x86_64-linux-gnu.so
7fbf1d2c8000-7fbf1d2c9000 r--p 00065000 08:02 22182882                   /home/ubuntu/dev/workspace/koarf/.venv/lib/python3.10/site-packages/scipy/interpolate/_ppoly.cpython-310-x86_64-linux-gnu.so
7fbf1d2c9000-7fbf1d2cb000 rw-p 00066000 08:02 22182882                   /home/ubuntu/dev/workspace/koarf/.venv/lib/python3.10/site-packages/scipy/interpolate/_ppoly.cpython-310-x86_64-linux-gnu.so
7fbf1d2cb000-7fbf1d2cc000 rw-p 00000000 00:00 0 
7fbf1d2cc000-7fbf1d2cf000 r--p 00000000 08:02 22182903                   /home/ubuntu/dev/workspace/koarf/.venv/lib/python3.10/site-packages/scipy/interpolate/_dierckx.cpython-310-x86_64-linux-gnu.so
7fbf1d2cf000-7fbf1d2db000 r-xp 00003000 08:02 22182903                   /home/ubuntu/dev/workspace/koarf/.venv/lib/python3.10/site-packages/scipy/interpolate/_dierckx.cpython-310-x86_64-linux-gnu.so
7fbf1d2db000-7fbf1d2e0000 r--p 0000f000 08:02 22182903                   /home/ubuntu/dev/workspace/koarf/.venv/lib/python3.10/site-packages/scipy/interpolate/_dierckx.cpython-310-x86_64-linux-gnu.so
7fbf1d2e0000-7fbf1d2e1000 r--p 00013000 08:02 22182903                   /home/ubuntu/dev/workspace/koarf/.venv/lib/python3.10/site-packages/scipy/interpolate/_dierckx.cpython-310-x86_64-linux-gnu.so
7fbf1d2e1000-7fbf1d2e3000 rw-p 00014000 08:02 22182903                   /home/ubuntu/dev/workspace/koarf/.venv/lib/python3.10/site-packages/scipy/interpolate/_dierckx.cpython-310-x86_64-linux-gnu.so
7fbf1d2e3000-7fbf1d2e6000 rw-p 00020000 08:02 22182903                   /home/ubuntu/dev/workspace/koarf/.venv/lib/python3.10/site-packages/scipy/interpolate/_dierckx.cpython-310-x86_64-linux-gnu.so
7fbf1d2e6000-7fbf1d2ea000 r--p 00000000 08:02 22182890                   /home/ubuntu/dev/workspace/koarf/.venv/lib/python3.10/site-packages/scipy/interpolate/_dfitpack.cpython-310-x86_64-linux-gnu.so
7fbf1d2ea000-7fbf1d320000 r-xp 00004000 08:02 22182890                   /home/ubuntu/dev/workspace/koarf/.venv/lib/python3.10/site-packages/scipy/interpolate/_dfitpack.cpython-310-x86_64-linux-gnu.so
7fbf1d320000-7fbf1d32c000 r--p 0003a000 08:02 22182890                   /home/ubuntu/dev/workspace/koarf/.venv/lib/python3.10/site-packages/scipy/interpolate/_dfitpack.cpython-310-x86_64-linux-gnu.so
7fbf1d32c000-7fbf1d32d000 ---p 00046000 08:02 22182890                   /home/ubuntu/dev/workspace/koarf/.venv/lib/python3.10/site-packages/scipy/interpolate/_dfitpack.cpython-310-x86_64-linux-gnu.so
7fbf1d32d000-7fbf1d32e000 r--p 00046000 08:02 22182890                   /home/ubuntu/dev/workspace/koarf/.venv/lib/python3.10/site-packages/scipy/interpolate/_dfitpack.cpython-310-x86_64-linux-gnu.so
7fbf1d32e000-7fbf1d336000 rw-p 00047000 08:02 22182890                   /home/ubuntu/dev/workspace/koarf/.venv/lib/python3.10/site-packages/scipy/interpolate/_dfitpack.cpython-310-x86_64-linux-gnu.so
7fbf1d336000-7fbf1d339000 rw-p 00052000 08:02 22182890                   /home/ubuntu/dev/workspace/koarf/.venv/lib/python3.10/site-packages/scipy/interpolate/_dfitpack.cpython-310-x86_64-linux-gnu.so
7fbf1d339000-7fbf1d33a000 r--p 00000000 08:02 22182886                   /home/ubuntu/dev/workspace/koarf/.venv/lib/python3.10/site-packages/scipy/interpolate/_fitpack.cpython-310-x86_64-linux-gnu.so
7fbf1d33a000-7fbf1d34a000 r-xp 00001000 08:02 22182886                   /home/ubuntu/dev/workspace/koarf/.venv/lib/python3.10/site-packages/scipy/interpolate/_fitpack.cpython-310-x86_64-linux-gnu.so
7fbf1d34a000-7fbf1d34c000 r--p 00011000 08:02 22182886                   /home/ubuntu/dev/workspace/koarf/.venv/lib/python3.10/site-packages/scipy/interpolate/_fitpack.cpython-310-x86_64-linux-gnu.so
7fbf1d34c000-7fbf1d34d000 r--p 00012000 08:02 22182886                   /home/ubuntu/dev/workspace/koarf/.venv/lib/python3.10/site-packages/scipy/interpolate/_fitpack.cpython-310-x86_64-linux-gnu.so
7fbf1d34d000-7fbf1d34e000 rw-p 00013000 08:02 22182886                   /home/ubuntu/dev/workspace/koarf/.venv/lib/python3.10/site-packages/scipy/interpolate/_fitpack.cpython-310-x86_64-linux-gnu.so
7fbf1d34e000-7fbf1d350000 rw-p 00015000 08:02 22182886                   /home/ubuntu/dev/workspace/koarf/.venv/lib/python3.10/site-packages/scipy/interpolate/_fitpack.cpython-310-x86_64-linux-gnu.so
7fbf1d350000-7fbf1d450000 rw-p 00000000 00:00 0 
7fbf1d450000-7fbf1d46c000 r--p 00000000 08:02 22181488                   /home/ubuntu/dev/workspace/koarf/.venv/lib/python3.10/site-packages/scipy/integrate/_lsoda.cpython-310-x86_64-linux-gnu.so
7fbf1d46c000-7fbf1d487000 r-xp 0001c000 08:02 22181488                   /home/ubuntu/dev/workspace/koarf/.venv/lib/python3.10/site-packages/scipy/integrate/_lsoda.cpython-310-x86_64-linux-gnu.so
7fbf1d487000-7fbf1d496000 r--p 00037000 08:02 22181488                   /home/ubuntu/dev/workspace/koarf/.venv/lib/python3.10/site-packages/scipy/integrate/_lsoda.cpython-310-x86_64-linux-gnu.so
7fbf1d496000-7fbf1d497000 ---p 00046000 08:02 22181488                   /home/ubuntu/dev/workspace/koarf/.venv/lib/python3.10/site-packages/scipy/integrate/_lsoda.cpython-310-x86_64-linux-gnu.so
7fbf1d497000-7fbf1d498000 r--p 00046000 08:02 22181488                   /home/ubuntu/dev/workspace/koarf/.venv/lib/python3.10/site-packages/scipy/integrate/_lsoda.cpython-310-x86_64-linux-gnu.so
7fbf1d498000-7fbf1d49d000 rw-p 00047000 08:02 22181488                   /home/ubuntu/dev/workspace/koarf/.venv/lib/python3.10/site-packages/scipy/integrate/_lsoda.cpython-310-x86_64-linux-gnu.so
7fbf1d49d000-7fbf1d4b5000 rw-p 00067000 08:02 22181488                   /home/ubuntu/dev/workspace/koarf/.venv/lib/python3.10/site-packages/scipy/integrate/_lsoda.cpython-310-x86_64-linux-gnu.so
7fbf1d4b5000-7fbf1d4b8000 r--p 00000000 08:02 22181489                   /home/ubuntu/dev/workspace/koarf/.venv/lib/python3.10/site-packages/scipy/integrate/_dop.cpython-310-x86_64-linux-gnu.so
7fbf1d4b8000-7fbf1d4c6000 r-xp 00003000 08:02 22181489                   /home/ubuntu/dev/workspace/koarf/.venv/lib/python3.10/site-packages/scipy/integrate/_dop.cpython-310-x86_64-linux-gnu.so
7fbf1d4c6000-7fbf1d4ca000 r--p 00011000 08:02 22181489                   /home/ubuntu/dev/workspace/koarf/.venv/lib/python3.10/site-packages/scipy/integrate/_dop.cpython-310-x86_64-linux-gnu.so
7fbf1d4ca000-7fbf1d4cb000 r--p 00014000 08:02 22181489                   /home/ubuntu/dev/workspace/koarf/.venv/lib/python3.10/site-packages/scipy/integrate/_dop.cpython-310-x86_64-linux-gnu.so
7fbf1d4cb000-7fbf1d4cd000 rw-p 00015000 08:02 22181489                   /home/ubuntu/dev/workspace/koarf/.venv/lib/python3.10/site-packages/scipy/integrate/_dop.cpython-310-x86_64-linux-gnu.so
7fbf1d4cd000-7fbf1d4d0000 rw-p 0001a000 08:02 22181489                   /home/ubuntu/dev/workspace/koarf/.venv/lib/python3.10/site-packages/scipy/integrate/_dop.cpython-310-x86_64-linux-gnu.so
7fbf1d4d0000-7fbf1d4ec000 r--p 00000000 08:02 22181499                   /home/ubuntu/dev/workspace/koarf/.venv/lib/python3.10/site-packages/scipy/integrate/_vode.cpython-310-x86_64-linux-gnu.so
7fbf1d4ec000-7fbf1d511000 r-xp 0001c000 08:02 22181499                   /home/ubuntu/dev/workspace/koarf/.venv/lib/python3.10/site-packages/scipy/integrate/_vode.cpython-310-x86_64-linux-gnu.so
7fbf1d511000-7fbf1d522000 r--p 00041000 08:02 22181499                   /home/ubuntu/dev/workspace/koarf/.venv/lib/python3.10/site-packages/scipy/integrate/_vode.cpython-310-x86_64-linux-gnu.so
7fbf1d522000-7fbf1d523000 r--p 00051000 08:02 22181499                   /home/ubuntu/dev/workspace/koarf/.venv/lib/python3.10/site-packages/scipy/integrate/_vode.cpython-310-x86_64-linux-gnu.so
7fbf1d523000-7fbf1d528000 rw-p 00052000 08:02 22181499                   /home/ubuntu/dev/workspace/koarf/.venv/lib/python3.10/site-packages/scipy/integrate/_vode.cpython-310-x86_64-linux-gnu.so
7fbf1d528000-7fbf1d540000 rw-p 00073000 08:02 22181499                   /home/ubuntu/dev/workspace/koarf/.venv/lib/python3.10/site-packages/scipy/integrate/_vode.cpython-310-x86_64-linux-gnu.so
7fbf1d540000-7fbf1d542000 r--p 00000000 08:02 22181500                   /home/ubuntu/dev/workspace/koarf/.venv/lib/python3.10/site-packages/scipy/integrate/_quadpack.cpython-310-x86_64-linux-gnu.so
7fbf1d542000-7fbf1d556000 r-xp 00002000 08:02 22181500                   /home/ubuntu/dev/workspace/koarf/.venv/lib/python3.10/site-packages/scipy/integrate/_quadpack.cpython-310-x86_64-linux-gnu.so
7fbf1d556000-7fbf1d559000 r--p 00016000 08:02 22181500                   /home/ubuntu/dev/workspace/koarf/.venv/lib/python3.10/site-packages/scipy/integrate/_quadpack.cpython-310-x86_64-linux-gnu.so
7fbf1d559000-7fbf1d55a000 r--p 00018000 08:02 22181500                   /home/ubuntu/dev/workspace/koarf/.venv/lib/python3.10/site-packages/scipy/integrate/_quadpack.cpython-310-x86_64-linux-gnu.so
7fbf1d55a000-7fbf1d55b000 rw-p 00019000 08:02 22181500                   /home/ubuntu/dev/workspace/koarf/.venv/lib/python3.10/site-packages/scipy/integrate/_quadpack.cpython-310-x86_64-linux-gnu.so
7fbf1d55b000-7fbf1d576000 r--p 00000000 08:02 22181496                   /home/ubuntu/dev/workspace/koarf/.venv/lib/python3.10/site-packages/scipy/integrate/_odepack.cpython-310-x86_64-linux-gnu.so
7fbf1d576000-7fbf1d58e000 r-xp 0001b000 08:02 22181496                   /home/ubuntu/dev/workspace/koarf/.venv/lib/python3.10/site-packages/scipy/integrate/_odepack.cpython-310-x86_64-linux-gnu.so
7fbf1d58e000-7fbf1d59c000 r--p 00033000 08:02 22181496                   /home/ubuntu/dev/workspace/koarf/.venv/lib/python3.10/site-packages/scipy/integrate/_odepack.cpython-310-x86_64-linux-gnu.so
7fbf1d59c000-7fbf1d59d000 r--p 00040000 08:02 22181496                   /home/ubuntu/dev/workspace/koarf/.venv/lib/python3.10/site-packages/scipy/integrate/_odepack.cpython-310-x86_64-linux-gnu.so
7fbf1d59d000-7fbf1d5a1000 rw-p 00041000 08:02 22181496                   /home/ubuntu/dev/workspace/koarf/.venv/lib/python3.10/site-packages/scipy/integrate/_odepack.cpython-310-x86_64-linux-gnu.so
7fbf1d5a1000-7fbf1d5a2000 rw-p 00000000 00:00 0 
7fbf1d5a2000-7fbf1d5b8000 rw-p 0005f000 08:02 22181496                   /home/ubuntu/dev/workspace/koarf/.venv/lib/python3.10/site-packages/scipy/integrate/_odepack.cpython-310-x86_64-linux-gnu.so
7fbf1d5b8000-7fbf1d6b8000 rw-p 00000000 00:00 0 
7fbf1d6b8000-7fbf1d6bd000 r--p 00000000 08:02 22181606                   /home/ubuntu/dev/workspace/koarf/.venv/lib/python3.10/site-packages/scipy/optimize/_pava_pybind.cpython-310-x86_64-linux-gnu.so
7fbf1d6bd000-7fbf1d6d6000 r-xp 00005000 08:02 22181606                   /home/ubuntu/dev/workspace/koarf/.venv/lib/python3.10/site-packages/scipy/optimize/_pava_pybind.cpython-310-x86_64-linux-gnu.so
7fbf1d6d6000-7fbf1d6df000 r--p 0001e000 08:02 22181606                   /home/ubuntu/dev/workspace/koarf/.venv/lib/python3.10/site-packages/scipy/optimize/_pava_pybind.cpython-310-x86_64-linux-gnu.so
7fbf1d6df000-7fbf1d6e0000 r--p 00026000 08:02 22181606                   /home/ubuntu/dev/workspace/koarf/.venv/lib/python3.10/site-packages/scipy/optimize/_pava_pybind.cpython-310-x86_64-linux-gnu.so
7fbf1d6e0000-7fbf1d6e1000 rw-p 00027000 08:02 22181606                   /home/ubuntu/dev/workspace/koarf/.venv/lib/python3.10/site-packages/scipy/optimize/_pava_pybind.cpython-310-x86_64-linux-gnu.so
7fbf1d6e1000-7fbf1d6e7000 r--p 00000000 08:02 22181602                   /home/ubuntu/dev/workspace/koarf/.venv/lib/python3.10/site-packages/scipy/optimize/_bglu_dense.cpython-310-x86_64-linux-gnu.so
7fbf1d6e7000-7fbf1d722000 r-xp 00006000 08:02 22181602                   /home/ubuntu/dev/workspace/koarf/.venv/lib/python3.10/site-packages/scipy/optimize/_bglu_dense.cpython-310-x86_64-linux-gnu.so
7fbf1d722000-7fbf1d72c000 r--p 00041000 08:02 22181602                   /home/ubuntu/dev/workspace/koarf/.venv/lib/python3.10/site-packages/scipy/optimize/_bglu_dense.cpython-310-x86_64-linux-gnu.so
7fbf1d72c000-7fbf1d72d000 ---p 0004b000 08:02 22181602                   /home/ubuntu/dev/workspace/koarf/.venv/lib/python3.10/site-packages/scipy/optimize/_bglu_dense.cpython-310-x86_64-linux-gnu.so
7fbf1d72d000-7fbf1d72e000 r--p 0004b000 08:02 22181602                   /home/ubuntu/dev/workspace/koarf/.venv/lib/python3.10/site-packages/scipy/optimize/_bglu_dense.cpython-310-x86_64-linux-gnu.so
7fbf1d72e000-7fbf1d731000 rw-p 0004c000 08:02 22181602                   /home/ubuntu/dev/workspace/koarf/.venv/lib/python3.10/site-packages/scipy/optimize/_bglu_dense.cpython-310-x86_64-linux-gnu.so
7fbf1d731000-7fbf1d732000 rw-p 00000000 00:00 0 
7fbf1d732000-7fbf1d739000 r--p 00000000 08:02 22182871                   /home/ubuntu/dev/workspace/koarf/.venv/lib/python3.10/site-packages/scipy/fft/_pocketfft/pypocketfft.cpython-310-x86_64-linux-gnu.so
7fbf1d739000-7fbf1d812000 r-xp 00007000 08:02 22182871                   /home/ubuntu/dev/workspace/koarf/.venv/lib/python3.10/site-packages/scipy/fft/_pocketfft/pypocketfft.cpython-310-x86_64-linux-gnu.so
7fbf1d812000-7fbf1d82c000 r--p 000e0000 08:02 22182871                   /home/ubuntu/dev/workspace/koarf/.venv/lib/python3.10/site-packages/scipy/fft/_pocketfft/pypocketfft.cpython-310-x86_64-linux-gnu.so
7fbf1d82c000-7fbf1d82d000 ---p 000fa000 08:02 22182871                   /home/ubuntu/dev/workspace/koarf/.venv/lib/python3.10/site-packages/scipy/fft/_pocketfft/pypocketfft.cpython-310-x86_64-linux-gnu.so
7fbf1d82d000-7fbf1d82e000 r--p 000fa000 08:02 22182871                   /home/ubuntu/dev/workspace/koarf/.venv/lib/python3.10/site-packages/scipy/fft/_pocketfft/pypocketfft.cpython-310-x86_64-linux-gnu.so
7fbf1d82e000-7fbf1d82f000 rw-p 000fb000 08:02 22182871                   /home/ubuntu/dev/workspace/koarf/.venv/lib/python3.10/site-packages/scipy/fft/_pocketfft/pypocketfft.cpython-310-x86_64-linux-gnu.so
7fbf1d82f000-7fbf1d831000 rw-p 00000000 00:00 0 
7fbf1d831000-7fbf1d835000 r--p 00000000 08:02 22182049                   /home/ubuntu/dev/workspace/koarf/.venv/lib/python3.10/site-packages/scipy/_lib/_uarray/_uarray.cpython-310-x86_64-linux-gnu.so
7fbf1d835000-7fbf1d848000 r-xp 00004000 08:02 22182049                   /home/ubuntu/dev/workspace/koarf/.venv/lib/python3.10/site-packages/scipy/_lib/_uarray/_uarray.cpython-310-x86_64-linux-gnu.so
7fbf1d848000-7fbf1d84e000 r--p 00017000 08:02 22182049                   /home/ubuntu/dev/workspace/koarf/.venv/lib/python3.10/site-packages/scipy/_lib/_uarray/_uarray.cpython-310-x86_64-linux-gnu.so
7fbf1d84e000-7fbf1d84f000 r--p 0001c000 08:02 22182049                   /home/ubuntu/dev/workspace/koarf/.venv/lib/python3.10/site-packages/scipy/_lib/_uarray/_uarray.cpython-310-x86_64-linux-gnu.so
7fbf1d84f000-7fbf1d850000 rw-p 0001d000 08:02 22182049                   /home/ubuntu/dev/workspace/koarf/.venv/lib/python3.10/site-packages/scipy/_lib/_uarray/_uarray.cpython-310-x86_64-linux-gnu.so
7fbf1d850000-7fbf1d855000 r--p 00000000 08:02 22181775                   /home/ubuntu/dev/workspace/koarf/.venv/lib/python3.10/site-packages/scipy/linalg/_decomp_interpolative.cpython-310-x86_64-linux-gnu.so
7fbf1d855000-7fbf1d932000 r-xp 00005000 08:02 22181775                   /home/ubuntu/dev/workspace/koarf/.venv/lib/python3.10/site-packages/scipy/linalg/_decomp_interpolative.cpython-310-x86_64-linux-gnu.so
7fbf1d932000-7fbf1d93f000 r--p 000e2000 08:02 22181775                   /home/ubuntu/dev/workspace/koarf/.venv/lib/python3.10/site-packages/scipy/linalg/_decomp_interpolative.cpython-310-x86_64-linux-gnu.so
7fbf1d93f000-7fbf1d940000 r--p 000ee000 08:02 22181775                   /home/ubuntu/dev/workspace/koarf/.venv/lib/python3.10/site-packages/scipy/linalg/_decomp_interpolative.cpython-310-x86_64-linux-gnu.so
7fbf1d940000-7fbf1d942000 rw-p 000ef000 08:02 22181775                   /home/ubuntu/dev/workspace/koarf/.venv/lib/python3.10/site-packages/scipy/linalg/_decomp_interpolative.cpython-310-x86_64-linux-gnu.so
7fbf1d942000-7fbf1d944000 rw-p 00000000 00:00 0 
7fbf1d944000-7fbf1d94a000 r--p 00000000 08:02 22181614                   /home/ubuntu/dev/workspace/koarf/.venv/lib/python3.10/site-packages/scipy/optimize/_highspy/_highs_options.cpython-310-x86_64-linux-gnu.so
7fbf1d94a000-7fbf1d97f000 r-xp 00006000 08:02 22181614                   /home/ubuntu/dev/workspace/koarf/.venv/lib/python3.10/site-packages/scipy/optimize/_highspy/_highs_options.cpython-310-x86_64-linux-gnu.so
7fbf1d97f000-7fbf1d990000 r--p 0003b000 08:02 22181614                   /home/ubuntu/dev/workspace/koarf/.venv/lib/python3.10/site-packages/scipy/optimize/_highspy/_highs_options.cpython-310-x86_64-linux-gnu.so
7fbf1d990000-7fbf1d991000 r--p 0004b000 08:02 22181614                   /home/ubuntu/dev/workspace/koarf/.venv/lib/python3.10/site-packages/scipy/optimize/_highspy/_highs_options.cpython-310-x86_64-linux-gnu.so
7fbf1d991000-7fbf1d992000 rw-p 0004c000 08:02 22181614                   /home/ubuntu/dev/workspace/koarf/.venv/lib/python3.10/site-packages/scipy/optimize/_highspy/_highs_options.cpython-310-x86_64-linux-gnu.so
7fbf1d992000-7fbf1da92000 rw-p 00000000 00:00 0 
7fbf1da92000-7fbf1daa4000 r--p 00000000 08:02 22181613                   /home/ubuntu/dev/workspace/koarf/.venv/lib/python3.10/site-packages/scipy/optimize/_highspy/_core.cpython-310-x86_64-linux-gnu.so
7fbf1daa4000-7fbf1de91000 r-xp 00012000 08:02 22181613                   /home/ubuntu/dev/workspace/koarf/.venv/lib/python3.10/site-packages/scipy/optimize/_highspy/_core.cpython-310-x86_64-linux-gnu.so
7fbf1de91000-7fbf1df32000 r--p 003ff000 08:02 22181613                   /home/ubuntu/dev/workspace/koarf/.venv/lib/python3.10/site-packages/scipy/optimize/_highspy/_core.cpython-310-x86_64-linux-gnu.so
7fbf1df32000-7fbf1df37000 r--p 0049f000 08:02 22181613                   /home/ubuntu/dev/workspace/koarf/.venv/lib/python3.10/site-packages/scipy/optimize/_highspy/_core.cpython-310-x86_64-linux-gnu.so
7fbf1df37000-7fbf1df38000 rw-p 004a4000 08:02 22181613                   /home/ubuntu/dev/workspace/koarf/.venv/lib/python3.10/site-packages/scipy/optimize/_highspy/_core.cpython-310-x86_64-linux-gnu.so
7fbf1df38000-7fbf1df3d000 rw-p 00000000 00:00 0 
7fbf1df3d000-7fbf1df40000 r--p 00000000 08:02 22181574                   /home/ubuntu/dev/workspace/koarf/.venv/lib/python3.10/site-packages/scipy/optimize/_cython_nnls.cpython-310-x86_64-linux-gnu.so
7fbf1df40000-7fbf1df52000 r-xp 00003000 08:02 22181574                   /home/ubuntu/dev/workspace/koarf/.venv/lib/python3.10/site-packages/scipy/optimize/_cython_nnls.cpython-310-x86_64-linux-gnu.so
7fbf1df52000-7fbf1df56000 r--p 00015000 08:02 22181574                   /home/ubuntu/dev/workspace/koarf/.venv/lib/python3.10/site-packages/scipy/optimize/_cython_nnls.cpython-310-x86_64-linux-gnu.so
7fbf1df56000-7fbf1df57000 r--p 00018000 08:02 22181574                   /home/ubuntu/dev/workspace/koarf/.venv/lib/python3.10/site-packages/scipy/optimize/_cython_nnls.cpython-310-x86_64-linux-gnu.so
7fbf1df57000-7fbf1df58000 rw-p 00019000 08:02 22181574                   /home/ubuntu/dev/workspace/koarf/.venv/lib/python3.10/site-packages/scipy/optimize/_cython_nnls.cpython-310-x86_64-linux-gnu.so
7fbf1df58000-7fbf1df5d000 r--p 00000000 08:02 22181617                   /home/ubuntu/dev/workspace/koarf/.venv/lib/python3.10/site-packages/scipy/optimize/_lsq/givens_elimination.cpython-310-x86_64-linux-gnu.so
7fbf1df5d000-7fbf1df80000 r-xp 00005000 08:02 22181617                   /home/ubuntu/dev/workspace/koarf/.venv/lib/python3.10/site-packages/scipy/optimize/_lsq/givens_elimination.cpython-310-x86_64-linux-gnu.so
7fbf1df80000-7fbf1df87000 r--p 00028000 08:02 22181617                   /home/ubuntu/dev/workspace/koarf/.venv/lib/python3.10/site-packages/scipy/optimize/_lsq/givens_elimination.cpython-310-x86_64-linux-gnu.so
7fbf1df87000-7fbf1df88000 ---p 0002f000 08:02 22181617                   /home/ubuntu/dev/workspace/koarf/.venv/lib/python3.10/site-packages/scipy/optimize/_lsq/givens_elimination.cpython-310-x86_64-linux-gnu.so
7fbf1df88000-7fbf1df89000 r--p 0002f000 08:02 22181617                   /home/ubuntu/dev/workspace/koarf/.venv/lib/python3.10/site-packages/scipy/optimize/_lsq/givens_elimination.cpython-310-x86_64-linux-gnu.so
7fbf1df89000-7fbf1df8b000 rw-p 00030000 08:02 22181617                   /home/ubuntu/dev/workspace/koarf/.venv/lib/python3.10/site-packages/scipy/optimize/_lsq/givens_elimination.cpython-310-x86_64-linux-gnu.so
7fbf1df8b000-7fbf1df8d000 r--p 00000000 08:02 22181605                   /home/ubuntu/dev/workspace/koarf/.venv/lib/python3.10/site-packages/scipy/optimize/_minpack.cpython-310-x86_64-linux-gnu.so
7fbf1df8d000-7fbf1df9f000 r-xp 00002000 08:02 22181605                   /home/ubuntu/dev/workspace/koarf/.venv/lib/python3.10/site-packages/scipy/optimize/_minpack.cpython-310-x86_64-linux-gnu.so
7fbf1df9f000-7fbf1dfa1000 r--p 00014000 08:02 22181605                   /home/ubuntu/dev/workspace/koarf/.venv/lib/python3.10/site-packages/scipy/optimize/_minpack.cpython-310-x86_64-linux-gnu.so
7fbf1dfa1000-7fbf1dfa2000 r--p 00015000 08:02 22181605                   /home/ubuntu/dev/workspace/koarf/.venv/lib/python3.10/site-packages/scipy/optimize/_minpack.cpython-310-x86_64-linux-gnu.so
7fbf1dfa2000-7fbf1dfa3000 rw-p 00016000 08:02 22181605                   /home/ubuntu/dev/workspace/koarf/.venv/lib/python3.10/site-packages/scipy/optimize/_minpack.cpython-310-x86_64-linux-gnu.so
7fbf1dfa3000-7fbf1dfbe000 r--p 00000000 08:02 22181599                   /home/ubuntu/dev/workspace/koarf/.venv/lib/python3.10/site-packages/scipy/optimize/_lbfgsb.cpython-310-x86_64-linux-gnu.so
7fbf1dfbe000-7fbf1dfd3000 r-xp 0001b000 08:02 22181599                   /home/ubuntu/dev/workspace/koarf/.venv/lib/python3.10/site-packages/scipy/optimize/_lbfgsb.cpython-310-x86_64-linux-gnu.so
7fbf1dfd3000-7fbf1dfdf000 r--p 00030000 08:02 22181599                   /home/ubuntu/dev/workspace/koarf/.venv/lib/python3.10/site-packages/scipy/optimize/_lbfgsb.cpython-310-x86_64-linux-gnu.so
7fbf1dfdf000-7fbf1dfe0000 ---p 0003c000 08:02 22181599                   /home/ubuntu/dev/workspace/koarf/.venv/lib/python3.10/site-packages/scipy/optimize/_lbfgsb.cpython-310-x86_64-linux-gnu.so
7fbf1dfe0000-7fbf1dfe1000 r--p 0003c000 08:02 22181599                   /home/ubuntu/dev/workspace/koarf/.venv/lib/python3.10/site-packages/scipy/optimize/_lbfgsb.cpython-310-x86_64-linux-gnu.so
7fbf1dfe1000-7fbf1dfe5000 rw-p 0003d000 08:02 22181599                   /home/ubuntu/dev/workspace/koarf/.venv/lib/python3.10/site-packages/scipy/optimize/_lbfgsb.cpython-310-x86_64-linux-gnu.so
7fbf1dfe5000-7fbf1dffb000 rw-p 0005b000 08:02 22181599                   /home/ubuntu/dev/workspace/koarf/.venv/lib/python3.10/site-packages/scipy/optimize/_lbfgsb.cpython-310-x86_64-linux-gnu.so
7fbf1dffb000-7fbf1e000000 r--p 00000000 08:02 22181696                   /home/ubuntu/dev/workspace/koarf/.venv/lib/python3.10/site-packages/scipy/optimize/_trlib/_trlib.cpython-310-x86_64-linux-gnu.so
7fbf1e000000-7fbf1e03f000 r-xp 00005000 08:02 22181696                   /home/ubuntu/dev/workspace/koarf/.venv/lib/python3.10/site-packages/scipy/optimize/_trlib/_trlib.cpython-310-x86_64-linux-gnu.so
7fbf1e03f000-7fbf1e049000 r--p 00044000 08:02 22181696                   /home/ubuntu/dev/workspace/koarf/.venv/lib/python3.10/site-packages/scipy/optimize/_trlib/_trlib.cpython-310-x86_64-linux-gnu.so
7fbf1e049000-7fbf1e04a000 r--p 0004d000 08:02 22181696                   /home/ubuntu/dev/workspace/koarf/.venv/lib/python3.10/site-packages/scipy/optimize/_trlib/_trlib.cpython-310-x86_64-linux-gnu.so
7fbf1e04a000-7fbf1e04c000 rw-p 0004e000 08:02 22181696                   /home/ubuntu/dev/workspace/koarf/.venv/lib/python3.10/site-packages/scipy/optimize/_trlib/_trlib.cpython-310-x86_64-linux-gnu.so
7fbf1e04c000-7fbf1e04d000 rw-p 00000000 00:00 0 
7fbf1e04d000-7fbf1e052000 rw-p 00059000 08:02 22181696                   /home/ubuntu/dev/workspace/koarf/.venv/lib/python3.10/site-packages/scipy/optimize/_trlib/_trlib.cpython-310-x86_64-linux-gnu.so
7fbf1e052000-7fbf1e152000 rw-p 00000000 00:00 0 
7fbf1e152000-7fbf1e159000 r--p 00000000 08:02 22182996                   /home/ubuntu/dev/workspace/koarf/.venv/lib/python3.10/site-packages/scipy/spatial/transform/_rotation.cpython-310-x86_64-linux-gnu.so
7fbf1e159000-7fbf1e206000 r-xp 00007000 08:02 22182996                   /home/ubuntu/dev/workspace/koarf/.venv/lib/python3.10/site-packages/scipy/spatial/transform/_rotation.cpython-310-x86_64-linux-gnu.so
7fbf1e206000-7fbf1e239000 r--p 000b4000 08:02 22182996                   /home/ubuntu/dev/workspace/koarf/.venv/lib/python3.10/site-packages/scipy/spatial/transform/_rotation.cpython-310-x86_64-linux-gnu.so
7fbf1e239000-7fbf1e23a000 r--p 000e6000 08:02 22182996                   /home/ubuntu/dev/workspace/koarf/.venv/lib/python3.10/site-packages/scipy/spatial/transform/_rotation.cpython-310-x86_64-linux-gnu.so
7fbf1e23a000-7fbf1e23e000 rw-p 000e7000 08:02 22182996                   /home/ubuntu/dev/workspace/koarf/.venv/lib/python3.10/site-packages/scipy/spatial/transform/_rotation.cpython-310-x86_64-linux-gnu.so
7fbf1e23e000-7fbf1e240000 rw-p 00000000 00:00 0 
7fbf1e240000-7fbf1e246000 r--p 00000000 08:02 22182931                   /home/ubuntu/dev/workspace/koarf/.venv/lib/python3.10/site-packages/scipy/spatial/_distance_pybind.cpython-310-x86_64-linux-gnu.so
7fbf1e246000-7fbf1e2ac000 r-xp 00006000 08:02 22182931                   /home/ubuntu/dev/workspace/koarf/.venv/lib/python3.10/site-packages/scipy/spatial/_distance_pybind.cpython-310-x86_64-linux-gnu.so
7fbf1e2ac000-7fbf1e2bd000 r--p 0006c000 08:02 22182931                   /home/ubuntu/dev/workspace/koarf/.venv/lib/python3.10/site-packages/scipy/spatial/_distance_pybind.cpython-310-x86_64-linux-gnu.so
7fbf1e2bd000-7fbf1e2be000 r--p 0007c000 08:02 22182931                   /home/ubuntu/dev/workspace/koarf/.venv/lib/python3.10/site-packages/scipy/spatial/_distance_pybind.cpython-310-x86_64-linux-gnu.so
7fbf1e2be000-7fbf1e2bf000 rw-p 0007d000 08:02 22182931                   /home/ubuntu/dev/workspace/koarf/.venv/lib/python3.10/site-packages/scipy/spatial/_distance_pybind.cpython-310-x86_64-linux-gnu.so
7fbf1e2bf000-7fbf1e2c4000 r--p 00000000 08:02 22182945                   /home/ubuntu/dev/workspace/koarf/.venv/lib/python3.10/site-packages/scipy/spatial/_hausdorff.cpython-310-x86_64-linux-gnu.so
7fbf1e2c4000-7fbf1e2eb000 r-xp 00005000 08:02 22182945                   /home/ubuntu/dev/workspace/koarf/.venv/lib/python3.10/site-packages/scipy/spatial/_hausdorff.cpython-310-x86_64-linux-gnu.so
7fbf1e2eb000-7fbf1e2f2000 r--p 0002c000 08:02 22182945                   /home/ubuntu/dev/workspace/koarf/.venv/lib/python3.10/site-packages/scipy/spatial/_hausdorff.cpython-310-x86_64-linux-gnu.so
7fbf1e2f2000-7fbf1e2f3000 ---p 00033000 08:02 22182945                   /home/ubuntu/dev/workspace/koarf/.venv/lib/python3.10/site-packages/scipy/spatial/_hausdorff.cpython-310-x86_64-linux-gnu.so
7fbf1e2f3000-7fbf1e2f4000 r--p 00033000 08:02 22182945                   /home/ubuntu/dev/workspace/koarf/.venv/lib/python3.10/site-packages/scipy/spatial/_hausdorff.cpython-310-x86_64-linux-gnu.so
7fbf1e2f4000-7fbf1e2f6000 rw-p 00034000 08:02 22182945                   /home/ubuntu/dev/workspace/koarf/.venv/lib/python3.10/site-packages/scipy/spatial/_hausdorff.cpython-310-x86_64-linux-gnu.so
7fbf1e2f6000-7fbf1e2f7000 rw-p 00000000 00:00 0 
7fbf1e2f7000-7fbf1e2fe000 r--p 00000000 08:02 22182940                   /home/ubuntu/dev/workspace/koarf/.venv/lib/python3.10/site-packages/scipy/spatial/_qhull.cpython-310-x86_64-linux-gnu.so
7fbf1e2fe000-7fbf1e3c9000 r-xp 00007000 08:02 22182940                   /home/ubuntu/dev/workspace/koarf/.venv/lib/python3.10/site-packages/scipy/spatial/_qhull.cpython-310-x86_64-linux-gnu.so
7fbf1e3c9000-7fbf1e401000 r--p 000d2000 08:02 22182940                   /home/ubuntu/dev/workspace/koarf/.venv/lib/python3.10/site-packages/scipy/spatial/_qhull.cpython-310-x86_64-linux-gnu.so
7fbf1e401000-7fbf1e402000 r--p 00109000 08:02 22182940                   /home/ubuntu/dev/workspace/koarf/.venv/lib/python3.10/site-packages/scipy/spatial/_qhull.cpython-310-x86_64-linux-gnu.so
7fbf1e402000-7fbf1e405000 rw-p 0010a000 08:02 22182940                   /home/ubuntu/dev/workspace/koarf/.venv/lib/python3.10/site-packages/scipy/spatial/_qhull.cpython-310-x86_64-linux-gnu.so
7fbf1e405000-7fbf1e407000 rw-p 00000000 00:00 0 
7fbf1e407000-7fbf1e40f000 r--p 00000000 08:02 22182946                   /home/ubuntu/dev/workspace/koarf/.venv/lib/python3.10/site-packages/scipy/spatial/_ckdtree.cpython-310-x86_64-linux-gnu.so
7fbf1e40f000-7fbf1e4b9000 r-xp 00008000 08:02 22182946                   /home/ubuntu/dev/workspace/koarf/.venv/lib/python3.10/site-packages/scipy/spatial/_ckdtree.cpython-310-x86_64-linux-gnu.so
7fbf1e4b9000-7fbf1e4d8000 r--p 000b2000 08:02 22182946                   /home/ubuntu/dev/workspace/koarf/.venv/lib/python3.10/site-packages/scipy/spatial/_ckdtree.cpython-310-x86_64-linux-gnu.so
7fbf1e4d8000-7fbf1e4d9000 ---p 000d1000 08:02 22182946                   /home/ubuntu/dev/workspace/koarf/.venv/lib/python3.10/site-packages/scipy/spatial/_ckdtree.cpython-310-x86_64-linux-gnu.so
7fbf1e4d9000-7fbf1e4da000 r--p 000d1000 08:02 22182946                   /home/ubuntu/dev/workspace/koarf/.venv/lib/python3.10/site-packages/scipy/spatial/_ckdtree.cpython-310-x86_64-linux-gnu.so
7fbf1e4da000-7fbf1e4de000 rw-p 000d2000 08:02 22182946                   /home/ubuntu/dev/workspace/koarf/.venv/lib/python3.10/site-packages/scipy/spatial/_ckdtree.cpython-310-x86_64-linux-gnu.so
7fbf1e4de000-7fbf1e5df000 rw-p 00000000 00:00 0 
7fbf1e5df000-7fbf1e5e4000 r--p 00000000 08:02 22181839                   /home/ubuntu/dev/workspace/koarf/.venv/lib/python3.10/site-packages/scipy/special/_specfun.cpython-310-x86_64-linux-gnu.so
7fbf1e5e4000-7fbf1e617000 r-xp 00005000 08:02 22181839                   /home/ubuntu/dev/workspace/koarf/.venv/lib/python3.10/site-packages/scipy/special/_specfun.cpython-310-x86_64-linux-gnu.so
7fbf1e617000-7fbf1e61e000 r--p 00038000 08:02 22181839                   /home/ubuntu/dev/workspace/koarf/.venv/lib/python3.10/site-packages/scipy/special/_specfun.cpython-310-x86_64-linux-gnu.so
7fbf1e61e000-7fbf1e61f000 r--p 0003e000 08:02 22181839                   /home/ubuntu/dev/workspace/koarf/.venv/lib/python3.10/site-packages/scipy/special/_specfun.cpython-310-x86_64-linux-gnu.so
7fbf1e61f000-7fbf1e621000 rw-p 0003f000 08:02 22181839                   /home/ubuntu/dev/workspace/koarf/.venv/lib/python3.10/site-packages/scipy/special/_specfun.cpython-310-x86_64-linux-gnu.so
7fbf1e621000-7fbf1e623000 r--p 00000000 08:02 22181832                   /home/ubuntu/dev/workspace/koarf/.venv/lib/python3.10/site-packages/scipy/special/_gufuncs.cpython-310-x86_64-linux-gnu.so
7fbf1e623000-7fbf1e6a9000 r-xp 00002000 08:02 22181832                   /home/ubuntu/dev/workspace/koarf/.venv/lib/python3.10/site-packages/scipy/special/_gufuncs.cpython-310-x86_64-linux-gnu.so
7fbf1e6a9000-7fbf1e6b6000 r--p 00088000 08:02 22181832                   /home/ubuntu/dev/workspace/koarf/.venv/lib/python3.10/site-packages/scipy/special/_gufuncs.cpython-310-x86_64-linux-gnu.so
7fbf1e6b6000-7fbf1e6b7000 r--p 00094000 08:02 22181832                   /home/ubuntu/dev/workspace/koarf/.venv/lib/python3.10/site-packages/scipy/special/_gufuncs.cpython-310-x86_64-linux-gnu.so
7fbf1e6b7000-7fbf1e6b8000 rw-p 00095000 08:02 22181832                   /home/ubuntu/dev/workspace/koarf/.venv/lib/python3.10/site-packages/scipy/special/_gufuncs.cpython-310-x86_64-linux-gnu.so
7fbf1e6b8000-7fbf1e7b8000 rw-p 00000000 00:00 0 
7fbf1e7b8000-7fbf1e7bb000 r--p 00000000 08:02 22181868                   /home/ubuntu/dev/workspace/koarf/.venv/lib/python3.10/site-packages/scipy/special/_special_ufuncs.cpython-310-x86_64-linux-gnu.so
7fbf1e7bb000-7fbf1e8be000 r-xp 00003000 08:02 22181868                   /home/ubuntu/dev/workspace/koarf/.venv/lib/python3.10/site-packages/scipy/special/_special_ufuncs.cpython-310-x86_64-linux-gnu.so
7fbf1e8be000-7fbf1e901000 r--p 00106000 08:02 22181868                   /home/ubuntu/dev/workspace/koarf/.venv/lib/python3.10/site-packages/scipy/special/_special_ufuncs.cpython-310-x86_64-linux-gnu.so
7fbf1e901000-7fbf1e902000 r--p 00148000 08:02 22181868                   /home/ubuntu/dev/workspace/koarf/.venv/lib/python3.10/site-packages/scipy/special/_special_ufuncs.cpython-310-x86_64-linux-gnu.so
7fbf1e902000-7fbf1e903000 rw-p 00149000 08:02 22181868                   /home/ubuntu/dev/workspace/koarf/.venv/lib/python3.10/site-packages/scipy/special/_special_ufuncs.cpython-310-x86_64-linux-gnu.so
7fbf1e903000-7fbf1e908000 r--p 00000000 08:02 22181856                   /home/ubuntu/dev/workspace/koarf/.venv/lib/python3.10/site-packages/scipy/special/_ufuncs_cxx.cpython-310-x86_64-linux-gnu.so
7fbf1e908000-7fbf1ea57000 r-xp 00005000 08:02 22181856                   /home/ubuntu/dev/workspace/koarf/.venv/lib/python3.10/site-packages/scipy/special/_ufuncs_cxx.cpython-310-x86_64-linux-gnu.so
7fbf1ea57000-7fbf1ea8a000 r--p 00154000 08:02 22181856                   /home/ubuntu/dev/workspace/koarf/.venv/lib/python3.10/site-packages/scipy/special/_ufuncs_cxx.cpython-310-x86_64-linux-gnu.so
7fbf1ea8a000-7fbf1ea8b000 r--p 00186000 08:02 22181856                   /home/ubuntu/dev/workspace/koarf/.venv/lib/python3.10/site-packages/scipy/special/_ufuncs_cxx.cpython-310-x86_64-linux-gnu.so
7fbf1ea8b000-7fbf1ea8c000 rw-p 00187000 08:02 22181856                   /home/ubuntu/dev/workspace/koarf/.venv/lib/python3.10/site-packages/scipy/special/_ufuncs_cxx.cpython-310-x86_64-linux-gnu.so
7fbf1ea8c000-7fbf1ea8d000 rw-p 00000000 00:00 0 
7fbf1ea8d000-7fbf1ea93000 r--p 00000000 08:02 22181861                   /home/ubuntu/dev/workspace/koarf/.venv/lib/python3.10/site-packages/scipy/special/_ufuncs.cpython-310-x86_64-linux-gnu.so
7fbf1ea93000-7fbf1eb98000 r-xp 00006000 08:02 22181861                   /home/ubuntu/dev/workspace/koarf/.venv/lib/python3.10/site-packages/scipy/special/_ufuncs.cpython-310-x86_64-linux-gnu.so
7fbf1eb98000-7fbf1ebed000 r--p 0010b000 08:02 22181861                   /home/ubuntu/dev/workspace/koarf/.venv/lib/python3.10/site-packages/scipy/special/_ufuncs.cpython-310-x86_64-linux-gnu.so
7fbf1ebed000-7fbf1ebee000 r--p 0015f000 08:02 22181861                   /home/ubuntu/dev/workspace/koarf/.venv/lib/python3.10/site-packages/scipy/special/_ufuncs.cpython-310-x86_64-linux-gnu.so
7fbf1ebee000-7fbf1ebef000 rw-p 00160000 08:02 22181861                   /home/ubuntu/dev/workspace/koarf/.venv/lib/python3.10/site-packages/scipy/special/_ufuncs.cpython-310-x86_64-linux-gnu.so
7fbf1ebef000-7fbf1ebf7000 rw-p 00000000 00:00 0 
7fbf1ebf7000-7fbf1ebfc000 rw-p 00189000 08:02 22181861                   /home/ubuntu/dev/workspace/koarf/.venv/lib/python3.10/site-packages/scipy/special/_ufuncs.cpython-310-x86_64-linux-gnu.so
7fbf1ebfc000-7fbf1ecfc000 rw-p 00000000 00:00 0 
7fbf1ecfc000-7fbf1ed01000 r--p 00000000 08:02 22182236                   /home/ubuntu/dev/workspace/koarf/.venv/lib/python3.10/site-packages/scipy/sparse/csgraph/_reordering.cpython-310-x86_64-linux-gnu.so
7fbf1ed01000-7fbf1ed38000 r-xp 00005000 08:02 22182236                   /home/ubuntu/dev/workspace/koarf/.venv/lib/python3.10/site-packages/scipy/sparse/csgraph/_reordering.cpython-310-x86_64-linux-gnu.so
7fbf1ed38000-7fbf1ed42000 r--p 0003c000 08:02 22182236                   /home/ubuntu/dev/workspace/koarf/.venv/lib/python3.10/site-packages/scipy/sparse/csgraph/_reordering.cpython-310-x86_64-linux-gnu.so
7fbf1ed42000-7fbf1ed43000 r--p 00045000 08:02 22182236                   /home/ubuntu/dev/workspace/koarf/.venv/lib/python3.10/site-packages/scipy/sparse/csgraph/_reordering.cpython-310-x86_64-linux-gnu.so
7fbf1ed43000-7fbf1ed45000 rw-p 00046000 08:02 22182236                   /home/ubuntu/dev/workspace/koarf/.venv/lib/python3.10/site-packages/scipy/sparse/csgraph/_reordering.cpython-310-x86_64-linux-gnu.so
7fbf1ed45000-7fbf1ed46000 rw-p 00000000 00:00 0 
7fbf1ed46000-7fbf1ed4b000 r--p 00000000 08:02 22182239                   /home/ubuntu/dev/workspace/koarf/.venv/lib/python3.10/site-packages/scipy/sparse/csgraph/_matching.cpython-310-x86_64-linux-gnu.so
7fbf1ed4b000-7fbf1ed84000 r-xp 00005000 08:02 22182239                   /home/ubuntu/dev/workspace/koarf/.venv/lib/python3.10/site-packages/scipy/sparse/csgraph/_matching.cpython-310-x86_64-linux-gnu.so
7fbf1ed84000-7fbf1ed92000 r--p 0003e000 08:02 22182239                   /home/ubuntu/dev/workspace/koarf/.venv/lib/python3.10/site-packages/scipy/sparse/csgraph/_matching.cpython-310-x86_64-linux-gnu.so
7fbf1ed92000-7fbf1ed93000 r--p 0004b000 08:02 22182239                   /home/ubuntu/dev/workspace/koarf/.venv/lib/python3.10/site-packages/scipy/sparse/csgraph/_matching.cpython-310-x86_64-linux-gnu.so
7fbf1ed93000-7fbf1ed95000 rw-p 0004c000 08:02 22182239                   /home/ubuntu/dev/workspace/koarf/.venv/lib/python3.10/site-packages/scipy/sparse/csgraph/_matching.cpython-310-x86_64-linux-gnu.so
7fbf1ed95000-7fbf1ed96000 rw-p 00000000 00:00 0 
7fbf1ed96000-7fbf1ed9b000 r--p 00000000 08:02 22182232                   /home/ubuntu/dev/workspace/koarf/.venv/lib/python3.10/site-packages/scipy/sparse/csgraph/_flow.cpython-310-x86_64-linux-gnu.so
7fbf1ed9b000-7fbf1edd4000 r-xp 00005000 08:02 22182232                   /home/ubuntu/dev/workspace/koarf/.venv/lib/python3.10/site-packages/scipy/sparse/csgraph/_flow.cpython-310-x86_64-linux-gnu.so
7fbf1edd4000-7fbf1ede0000 r--p 0003e000 08:02 22182232                   /home/ubuntu/dev/workspace/koarf/.venv/lib/python3.10/site-packages/scipy/sparse/csgraph/_flow.cpython-310-x86_64-linux-gnu.so
7fbf1ede0000-7fbf1ede1000 ---p 0004a000 08:02 22182232                   /home/ubuntu/dev/workspace/koarf/.venv/lib/python3.10/site-packages/scipy/sparse/csgraph/_flow.cpython-310-x86_64-linux-gnu.so
7fbf1ede1000-7fbf1ede2000 r--p 0004a000 08:02 22182232                   /home/ubuntu/dev/workspace/koarf/.venv/lib/python3.10/site-packages/scipy/sparse/csgraph/_flow.cpython-310-x86_64-linux-gnu.so
7fbf1ede2000-7fbf1ede4000 rw-p 0004b000 08:02 22182232                   /home/ubuntu/dev/workspace/koarf/.venv/lib/python3.10/site-packages/scipy/sparse/csgraph/_flow.cpython-310-x86_64-linux-gnu.so
7fbf1ede4000-7fbf1ede5000 rw-p 00000000 00:00 0 
7fbf1ede5000-7fbf1edea000 r--p 00000000 08:02 22182241                   /home/ubuntu/dev/workspace/koarf/.venv/lib/python3.10/site-packages/scipy/sparse/csgraph/_traversal.cpython-310-x86_64-linux-gnu.so
7fbf1edea000-7fbf1ee68000 r-xp 00005000 08:02 22182241                   /home/ubuntu/dev/workspace/koarf/.venv/lib/python3.10/site-packages/scipy/sparse/csgraph/_traversal.cpython-310-x86_64-linux-gnu.so
7fbf1ee68000-7fbf1ee79000 r--p 00083000 08:02 22182241                   /home/ubuntu/dev/workspace/koarf/.venv/lib/python3.10/site-packages/scipy/sparse/csgraph/_traversal.cpython-310-x86_64-linux-gnu.so
7fbf1ee79000-7fbf1ee7a000 r--p 00093000 08:02 22182241                   /home/ubuntu/dev/workspace/koarf/.venv/lib/python3.10/site-packages/scipy/sparse/csgraph/_traversal.cpython-310-x86_64-linux-gnu.so
7fbf1ee7a000-7fbf1ee7c000 rw-p 00094000 08:02 22182241                   /home/ubuntu/dev/workspace/koarf/.venv/lib/python3.10/site-packages/scipy/sparse/csgraph/_traversal.cpython-310-x86_64-linux-gnu.so
7fbf1ee7c000-7fbf1ee7d000 rw-p 00000000 00:00 0 
7fbf1ee7d000-7fbf1ee82000 r--p 00000000 08:02 22182237                   /home/ubuntu/dev/workspace/koarf/.venv/lib/python3.10/site-packages/scipy/sparse/csgraph/_shortest_path.cpython-310-x86_64-linux-gnu.so
7fbf1ee82000-7fbf1eee5000 r-xp 00005000 08:02 22182237                   /home/ubuntu/dev/workspace/koarf/.venv/lib/python3.10/site-packages/scipy/sparse/csgraph/_shortest_path.cpython-310-x86_64-linux-gnu.so
7fbf1eee5000-7fbf1eefa000 r--p 00068000 08:02 22182237                   /home/ubuntu/dev/workspace/koarf/.venv/lib/python3.10/site-packages/scipy/sparse/csgraph/_shortest_path.cpython-310-x86_64-linux-gnu.so
7fbf1eefa000-7fbf1eefb000 ---p 0007d000 08:02 22182237                   /home/ubuntu/dev/workspace/koarf/.venv/lib/python3.10/site-packages/scipy/sparse/csgraph/_shortest_path.cpython-310-x86_64-linux-gnu.so
7fbf1eefb000-7fbf1eefc000 r--p 0007d000 08:02 22182237                   /home/ubuntu/dev/workspace/koarf/.venv/lib/python3.10/site-packages/scipy/sparse/csgraph/_shortest_path.cpython-310-x86_64-linux-gnu.so
7fbf1eefc000-7fbf1eefe000 rw-p 0007e000 08:02 22182237                   /home/ubuntu/dev/workspace/koarf/.venv/lib/python3.10/site-packages/scipy/sparse/csgraph/_shortest_path.cpython-310-x86_64-linux-gnu.so
7fbf1eefe000-7fbf1f000000 rw-p 00000000 00:00 0 
7fbf1f000000-7fbf1f03b000 r-xp 00000000 08:02 22183007                   /home/ubuntu/dev/workspace/koarf/.venv/lib/python3.10/site-packages/scipy.libs/libquadmath-96973f99.so.0.0.0
7fbf1f03b000-7fbf1f23a000 ---p 0003b000 08:02 22183007                   /home/ubuntu/dev/workspace/koarf/.venv/lib/python3.10/site-packages/scipy.libs/libquadmath-96973f99.so.0.0.0
7fbf1f23a000-7fbf1f23b000 r--p 0003a000 08:02 22183007                   /home/ubuntu/dev/workspace/koarf/.venv/lib/python3.10/site-packages/scipy.libs/libquadmath-96973f99.so.0.0.0
7fbf1f23b000-7fbf1f23d000 rw-p 0003b000 08:02 22183007                   /home/ubuntu/dev/workspace/koarf/.venv/lib/python3.10/site-packages/scipy.libs/libquadmath-96973f99.so.0.0.0
7fbf1f243000-7fbf1f246000 r--p 00000000 08:02 22827804                   /home/ubuntu/dev/workspace/koarf/.venv/lib/python3.10/site-packages/pandas/_libs/tslibs/base.cpython-310-x86_64-linux-gnu.so
7fbf1f246000-7fbf1f24d000 r-xp 00003000 08:02 22827804                   /home/ubuntu/dev/workspace/koarf/.venv/lib/python3.10/site-packages/pandas/_libs/tslibs/base.cpython-310-x86_64-linux-gnu.so
7fbf1f24d000-7fbf1f24f000 r--p 0000a000 08:02 22827804                   /home/ubuntu/dev/workspace/koarf/.venv/lib/python3.10/site-packages/pandas/_libs/tslibs/base.cpython-310-x86_64-linux-gnu.so
7fbf1f24f000-7fbf1f250000 r--p 0000c000 08:02 22827804                   /home/ubuntu/dev/workspace/koarf/.venv/lib/python3.10/site-packages/pandas/_libs/tslibs/base.cpython-310-x86_64-linux-gnu.so
7fbf1f250000-7fbf1f251000 rw-p 0000d000 08:02 22827804                   /home/ubuntu/dev/workspace/koarf/.venv/lib/python3.10/site-packages/pandas/_libs/tslibs/base.cpython-310-x86_64-linux-gnu.so
7fbf1f251000-7fbf1f253000 r--p 00000000 08:02 22181592                   /home/ubuntu/dev/workspace/koarf/.venv/lib/python3.10/site-packages/scipy/optimize/_cobyla.cpython-310-x86_64-linux-gnu.so
7fbf1f253000-7fbf1f261000 r-xp 00002000 08:02 22181592                   /home/ubuntu/dev/workspace/koarf/.venv/lib/python3.10/site-packages/scipy/optimize/_cobyla.cpython-310-x86_64-linux-gnu.so
7fbf1f261000-7fbf1f264000 r--p 00010000 08:02 22181592                   /home/ubuntu/dev/workspace/koarf/.venv/lib/python3.10/site-packages/scipy/optimize/_cobyla.cpython-310-x86_64-linux-gnu.so
7fbf1f264000-7fbf1f265000 r--p 00012000 08:02 22181592                   /home/ubuntu/dev/workspace/koarf/.venv/lib/python3.10/site-packages/scipy/optimize/_cobyla.cpython-310-x86_64-linux-gnu.so
7fbf1f265000-7fbf1f266000 rw-p 00013000 08:02 22181592                   /home/ubuntu/dev/workspace/koarf/.venv/lib/python3.10/site-packages/scipy/optimize/_cobyla.cpython-310-x86_64-linux-gnu.so
7fbf1f266000-7fbf1f267000 rw-p 00017000 08:02 22181592                   /home/ubuntu/dev/workspace/koarf/.venv/lib/python3.10/site-packages/scipy/optimize/_cobyla.cpython-310-x86_64-linux-gnu.so
7fbf1f267000-7fbf1f268000 rw-p 00019000 08:02 22181592                   /home/ubuntu/dev/workspace/koarf/.venv/lib/python3.10/site-packages/scipy/optimize/_cobyla.cpython-310-x86_64-linux-gnu.so
7fbf1f268000-7fbf1f285000 r--p 00000000 08:02 22182351                   /home/ubuntu/dev/workspace/koarf/.venv/lib/python3.10/site-packages/scipy/sparse/linalg/_propack/_zpropack.cpython-310-x86_64-linux-gnu.so
7fbf1f285000-7fbf1f2a4000 r-xp 0001d000 08:02 22182351                   /home/ubuntu/dev/workspace/koarf/.venv/lib/python3.10/site-packages/scipy/sparse/linalg/_propack/_zpropack.cpython-310-x86_64-linux-gnu.so
7fbf1f2a4000-7fbf1f2b4000 r--p 0003c000 08:02 22182351                   /home/ubuntu/dev/workspace/koarf/.venv/lib/python3.10/site-packages/scipy/sparse/linalg/_propack/_zpropack.cpython-310-x86_64-linux-gnu.so
7fbf1f2b4000-7fbf1f2b5000 ---p 0004c000 08:02 22182351                   /home/ubuntu/dev/workspace/koarf/.venv/lib/python3.10/site-packages/scipy/sparse/linalg/_propack/_zpropack.cpython-310-x86_64-linux-gnu.so
7fbf1f2b5000-7fbf1f2b6000 r--p 0004c000 08:02 22182351                   /home/ubuntu/dev/workspace/koarf/.venv/lib/python3.10/site-packages/scipy/sparse/linalg/_propack/_zpropack.cpython-310-x86_64-linux-gnu.so
7fbf1f2b6000-7fbf1f2be000 rw-p 0004d000 08:02 22182351                   /home/ubuntu/dev/workspace/koarf/.venv/lib/python3.10/site-packages/scipy/sparse/linalg/_propack/_zpropack.cpython-310-x86_64-linux-gnu.so
7fbf1f2be000-7fbf1f2f4000 rw-p 00000000 00:00 0 
7fbf1f2f4000-7fbf1f30c000 rw-p 00071000 08:02 22182351                   /home/ubuntu/dev/workspace/koarf/.venv/lib/python3.10/site-packages/scipy/sparse/linalg/_propack/_zpropack.cpython-310-x86_64-linux-gnu.so
7fbf1f30c000-7fbf1f329000 r--p 00000000 08:02 22182350                   /home/ubuntu/dev/workspace/koarf/.venv/lib/python3.10/site-packages/scipy/sparse/linalg/_propack/_cpropack.cpython-310-x86_64-linux-gnu.so
7fbf1f329000-7fbf1f34a000 r-xp 0001d000 08:02 22182350                   /home/ubuntu/dev/workspace/koarf/.venv/lib/python3.10/site-packages/scipy/sparse/linalg/_propack/_cpropack.cpython-310-x86_64-linux-gnu.so
7fbf1f34a000-7fbf1f35a000 r--p 0003e000 08:02 22182350                   /home/ubuntu/dev/workspace/koarf/.venv/lib/python3.10/site-packages/scipy/sparse/linalg/_propack/_cpropack.cpython-310-x86_64-linux-gnu.so
7fbf1f35a000-7fbf1f35b000 ---p 0004e000 08:02 22182350                   /home/ubuntu/dev/workspace/koarf/.venv/lib/python3.10/site-packages/scipy/sparse/linalg/_propack/_cpropack.cpython-310-x86_64-linux-gnu.so
7fbf1f35b000-7fbf1f35c000 r--p 0004e000 08:02 22182350                   /home/ubuntu/dev/workspace/koarf/.venv/lib/python3.10/site-packages/scipy/sparse/linalg/_propack/_cpropack.cpython-310-x86_64-linux-gnu.so
7fbf1f35c000-7fbf1f364000 rw-p 0004f000 08:02 22182350                   /home/ubuntu/dev/workspace/koarf/.venv/lib/python3.10/site-packages/scipy/sparse/linalg/_propack/_cpropack.cpython-310-x86_64-linux-gnu.so
7fbf1f364000-7fbf1f37f000 rw-p 00000000 00:00 0 
7fbf1f37f000-7fbf1f397000 rw-p 00073000 08:02 22182350                   /home/ubuntu/dev/workspace/koarf/.venv/lib/python3.10/site-packages/scipy/sparse/linalg/_propack/_cpropack.cpython-310-x86_64-linux-gnu.so
7fbf1f397000-7fbf1f3b4000 r--p 00000000 08:02 22182349                   /home/ubuntu/dev/workspace/koarf/.venv/lib/python3.10/site-packages/scipy/sparse/linalg/_propack/_dpropack.cpython-310-x86_64-linux-gnu.so
7fbf1f3b4000-7fbf1f3cf000 r-xp 0001d000 08:02 22182349                   /home/ubuntu/dev/workspace/koarf/.venv/lib/python3.10/site-packages/scipy/sparse/linalg/_propack/_dpropack.cpython-310-x86_64-linux-gnu.so
7fbf1f3cf000-7fbf1f3df000 r--p 00038000 08:02 22182349                   /home/ubuntu/dev/workspace/koarf/.venv/lib/python3.10/site-packages/scipy/sparse/linalg/_propack/_dpropack.cpython-310-x86_64-linux-gnu.so
7fbf1f3df000-7fbf1f3e0000 r--p 00047000 08:02 22182349                   /home/ubuntu/dev/workspace/koarf/.venv/lib/python3.10/site-packages/scipy/sparse/linalg/_propack/_dpropack.cpython-310-x86_64-linux-gnu.so
7fbf1f3e0000-7fbf1f3e8000 rw-p 00048000 08:02 22182349                   /home/ubuntu/dev/workspace/koarf/.venv/lib/python3.10/site-packages/scipy/sparse/linalg/_propack/_dpropack.cpython-310-x86_64-linux-gnu.so
7fbf1f3e8000-7fbf1f400000 rw-p 0006b000 08:02 22182349                   /home/ubuntu/dev/workspace/koarf/.venv/lib/python3.10/site-packages/scipy/sparse/linalg/_propack/_dpropack.cpython-310-x86_64-linux-gnu.so
7fbf1f400000-7fbf1f676000 r-xp 00000000 08:02 22183008                   /home/ubuntu/dev/workspace/koarf/.venv/lib/python3.10/site-packages/scipy.libs/libgfortran-040039e1.so.5.0.0
7fbf1f676000-7fbf1f875000 ---p 00276000 08:02 22183008                   /home/ubuntu/dev/workspace/koarf/.venv/lib/python3.10/site-packages/scipy.libs/libgfortran-040039e1.so.5.0.0
7fbf1f875000-7fbf1f876000 r--p 00275000 08:02 22183008                   /home/ubuntu/dev/workspace/koarf/.venv/lib/python3.10/site-packages/scipy.libs/libgfortran-040039e1.so.5.0.0
7fbf1f876000-7fbf1f878000 rw-p 00276000 08:02 22183008                   /home/ubuntu/dev/workspace/koarf/.venv/lib/python3.10/site-packages/scipy.libs/libgfortran-040039e1.so.5.0.0
7fbf1f878000-7fbf1f88d000 rw-p 0027b000 08:02 22183008                   /home/ubuntu/dev/workspace/koarf/.venv/lib/python3.10/site-packages/scipy.libs/libgfortran-040039e1.so.5.0.0
7fbf1f892000-7fbf1f895000 r--p 00000000 08:02 22181594                   /home/ubuntu/dev/workspace/koarf/.venv/lib/python3.10/site-packages/scipy/optimize/_moduleTNC.cpython-310-x86_64-linux-gnu.so
7fbf1f895000-7fbf1f8ae000 r-xp 00003000 08:02 22181594                   /home/ubuntu/dev/workspace/koarf/.venv/lib/python3.10/site-packages/scipy/optimize/_moduleTNC.cpython-310-x86_64-linux-gnu.so
7fbf1f8ae000-7fbf1f8b2000 r--p 0001c000 08:02 22181594                   /home/ubuntu/dev/workspace/koarf/.venv/lib/python3.10/site-packages/scipy/optimize/_moduleTNC.cpython-310-x86_64-linux-gnu.so
7fbf1f8b2000-7fbf1f8b3000 r--p 0001f000 08:02 22181594                   /home/ubuntu/dev/workspace/koarf/.venv/lib/python3.10/site-packages/scipy/optimize/_moduleTNC.cpython-310-x86_64-linux-gnu.so
7fbf1f8b3000-7fbf1f8b4000 rw-p 00020000 08:02 22181594                   /home/ubuntu/dev/workspace/koarf/.venv/lib/python3.10/site-packages/scipy/optimize/_moduleTNC.cpython-310-x86_64-linux-gnu.so
7fbf1f8b4000-7fbf1f8d1000 r--p 00000000 08:02 22182352                   /home/ubuntu/dev/workspace/koarf/.venv/lib/python3.10/site-packages/scipy/sparse/linalg/_propack/_spropack.cpython-310-x86_64-linux-gnu.so
7fbf1f8d1000-7fbf1f8ec000 r-xp 0001d000 08:02 22182352                   /home/ubuntu/dev/workspace/koarf/.venv/lib/python3.10/site-packages/scipy/sparse/linalg/_propack/_spropack.cpython-310-x86_64-linux-gnu.so
7fbf1f8ec000-7fbf1f8fc000 r--p 00038000 08:02 22182352                   /home/ubuntu/dev/workspace/koarf/.venv/lib/python3.10/site-packages/scipy/sparse/linalg/_propack/_spropack.cpython-310-x86_64-linux-gnu.so
7fbf1f8fc000-7fbf1f8fd000 r--p 00047000 08:02 22182352                   /home/ubuntu/dev/workspace/koarf/.venv/lib/python3.10/site-packages/scipy/sparse/linalg/_propack/_spropack.cpython-310-x86_64-linux-gnu.so
7fbf1f8fd000-7fbf1f905000 rw-p 00048000 08:02 22182352                   /home/ubuntu/dev/workspace/koarf/.venv/lib/python3.10/site-packages/scipy/sparse/linalg/_propack/_spropack.cpython-310-x86_64-linux-gnu.so
7fbf1f905000-7fbf1f91d000 rw-p 0006b000 08:02 22182352                   /home/ubuntu/dev/workspace/koarf/.venv/lib/python3.10/site-packages/scipy/sparse/linalg/_propack/_spropack.cpython-310-x86_64-linux-gnu.so
7fbf1f91d000-7fbf1f93b000 r--p 00000000 08:02 22182314                   /home/ubuntu/dev/workspace/koarf/.venv/lib/python3.10/site-packages/scipy/sparse/linalg/_eigen/arpack/_arpack.cpython-310-x86_64-linux-gnu.so
7fbf1f93b000-7fbf1f992000 r-xp 0001e000 08:02 22182314                   /home/ubuntu/dev/workspace/koarf/.venv/lib/python3.10/site-packages/scipy/sparse/linalg/_eigen/arpack/_arpack.cpython-310-x86_64-linux-gnu.so
7fbf1f992000-7fbf1f9ae000 r--p 00075000 08:02 22182314                   /home/ubuntu/dev/workspace/koarf/.venv/lib/python3.10/site-packages/scipy/sparse/linalg/_eigen/arpack/_arpack.cpython-310-x86_64-linux-gnu.so
7fbf1f9ae000-7fbf1f9af000 r--p 00090000 08:02 22182314                   /home/ubuntu/dev/workspace/koarf/.venv/lib/python3.10/site-packages/scipy/sparse/linalg/_eigen/arpack/_arpack.cpython-310-x86_64-linux-gnu.so
7fbf1f9af000-7fbf1f9bd000 rw-p 00091000 08:02 22182314                   /home/ubuntu/dev/workspace/koarf/.venv/lib/python3.10/site-packages/scipy/sparse/linalg/_eigen/arpack/_arpack.cpython-310-x86_64-linux-gnu.so
7fbf1f9bd000-7fbf1f9be000 rw-p 00000000 00:00 0 
7fbf1f9be000-7fbf1f9d6000 rw-p 000bf000 08:02 22182314                   /home/ubuntu/dev/workspace/koarf/.venv/lib/python3.10/site-packages/scipy/sparse/linalg/_eigen/arpack/_arpack.cpython-310-x86_64-linux-gnu.so
7fbf1f9d6000-7fbf1f9f2000 r--p 00000000 08:02 22182322                   /home/ubuntu/dev/workspace/koarf/.venv/lib/python3.10/site-packages/scipy/sparse/linalg/_dsolve/_superlu.cpython-310-x86_64-linux-gnu.so
7fbf1f9f2000-7fbf1fa4b000 r-xp 0001c000 08:02 22182322                   /home/ubuntu/dev/workspace/koarf/.venv/lib/python3.10/site-packages/scipy/sparse/linalg/_dsolve/_superlu.cpython-310-x86_64-linux-gnu.so
7fbf1fa4b000-7fbf1fa61000 r--p 00075000 08:02 22182322                   /home/ubuntu/dev/workspace/koarf/.venv/lib/python3.10/site-packages/scipy/sparse/linalg/_dsolve/_superlu.cpython-310-x86_64-linux-gnu.so
7fbf1fa61000-7fbf1fa62000 r--p 0008a000 08:02 22182322                   /home/ubuntu/dev/workspace/koarf/.venv/lib/python3.10/site-packages/scipy/sparse/linalg/_dsolve/_superlu.cpython-310-x86_64-linux-gnu.so
7fbf1fa62000-7fbf1fa67000 rw-p 0008b000 08:02 22182322                   /home/ubuntu/dev/workspace/koarf/.venv/lib/python3.10/site-packages/scipy/sparse/linalg/_dsolve/_superlu.cpython-310-x86_64-linux-gnu.so
7fbf1fa67000-7fbf1fa7f000 rw-p 000af000 08:02 22182322                   /home/ubuntu/dev/workspace/koarf/.venv/lib/python3.10/site-packages/scipy/sparse/linalg/_dsolve/_superlu.cpython-310-x86_64-linux-gnu.so
7fbf1fa7f000-7fbf1fa86000 r--p 00000000 08:02 22181761                   /home/ubuntu/dev/workspace/koarf/.venv/lib/python3.10/site-packages/scipy/linalg/cython_blas.cpython-310-x86_64-linux-gnu.so
7fbf1fa86000-7fbf1fab2000 r-xp 00007000 08:02 22181761                   /home/ubuntu/dev/workspace/koarf/.venv/lib/python3.10/site-packages/scipy/linalg/cython_blas.cpython-310-x86_64-linux-gnu.so
7fbf1fab2000-7fbf1fac0000 r--p 00033000 08:02 22181761                   /home/ubuntu/dev/workspace/koarf/.venv/lib/python3.10/site-packages/scipy/linalg/cython_blas.cpython-310-x86_64-linux-gnu.so
7fbf1fac0000-7fbf1fac1000 ---p 00041000 08:02 22181761                   /home/ubuntu/dev/workspace/koarf/.venv/lib/python3.10/site-packages/scipy/linalg/cython_blas.cpython-310-x86_64-linux-gnu.so
7fbf1fac1000-7fbf1fac2000 r--p 00041000 08:02 22181761                   /home/ubuntu/dev/workspace/koarf/.venv/lib/python3.10/site-packages/scipy/linalg/cython_blas.cpython-310-x86_64-linux-gnu.so
7fbf1fac2000-7fbf1fac4000 rw-p 00042000 08:02 22181761                   /home/ubuntu/dev/workspace/koarf/.venv/lib/python3.10/site-packages/scipy/linalg/cython_blas.cpython-310-x86_64-linux-gnu.so
7fbf1fac4000-7fbf1fac5000 rw-p 00000000 00:00 0 
7fbf1fac5000-7fbf1facb000 rw-p 00051000 08:02 22181761                   /home/ubuntu/dev/workspace/koarf/.venv/lib/python3.10/site-packages/scipy/linalg/cython_blas.cpython-310-x86_64-linux-gnu.so
7fbf1facb000-7fbf1facf000 r--p 00000000 08:02 22181781                   /home/ubuntu/dev/workspace/koarf/.venv/lib/python3.10/site-packages/scipy/linalg/_decomp_update.cpython-310-x86_64-linux-gnu.so
7fbf1facf000-7fbf1fb0d000 r-xp 00004000 08:02 22181781                   /home/ubuntu/dev/workspace/koarf/.venv/lib/python3.10/site-packages/scipy/linalg/_decomp_update.cpython-310-x86_64-linux-gnu.so
7fbf1fb0d000-7fbf1fb1d000 r--p 00042000 08:02 22181781                   /home/ubuntu/dev/workspace/koarf/.venv/lib/python3.10/site-packages/scipy/linalg/_decomp_update.cpython-310-x86_64-linux-gnu.so
7fbf1fb1d000-7fbf1fb1e000 r--p 00051000 08:02 22181781                   /home/ubuntu/dev/workspace/koarf/.venv/lib/python3.10/site-packages/scipy/linalg/_decomp_update.cpython-310-x86_64-linux-gnu.so
7fbf1fb1e000-7fbf1fb1f000 rw-p 00052000 08:02 22181781                   /home/ubuntu/dev/workspace/koarf/.venv/lib/python3.10/site-packages/scipy/linalg/_decomp_update.cpython-310-x86_64-linux-gnu.so
7fbf1fb1f000-7fbf1fb20000 rw-p 00000000 00:00 0 
7fbf1fb20000-7fbf1fb3b000 r--p 00000000 08:02 22181751                   /home/ubuntu/dev/workspace/koarf/.venv/lib/python3.10/site-packages/scipy/linalg/_matfuncs_expm.cpython-310-x86_64-linux-gnu.so
7fbf1fb3b000-7fbf1fb5b000 r-xp 0001b000 08:02 22181751                   /home/ubuntu/dev/workspace/koarf/.venv/lib/python3.10/site-packages/scipy/linalg/_matfuncs_expm.cpython-310-x86_64-linux-gnu.so
7fbf1fb5b000-7fbf1fb69000 r--p 0003b000 08:02 22181751                   /home/ubuntu/dev/workspace/koarf/.venv/lib/python3.10/site-packages/scipy/linalg/_matfuncs_expm.cpython-310-x86_64-linux-gnu.so
7fbf1fb69000-7fbf1fb6a000 r--p 00048000 08:02 22181751                   /home/ubuntu/dev/workspace/koarf/.venv/lib/python3.10/site-packages/scipy/linalg/_matfuncs_expm.cpython-310-x86_64-linux-gnu.so
7fbf1fb6a000-7fbf1fb6e000 rw-p 00049000 08:02 22181751                   /home/ubuntu/dev/workspace/koarf/.venv/lib/python3.10/site-packages/scipy/linalg/_matfuncs_expm.cpython-310-x86_64-linux-gnu.so
7fbf1fb6e000-7fbf1fb84000 rw-p 00067000 08:02 22181751                   /home/ubuntu/dev/workspace/koarf/.venv/lib/python3.10/site-packages/scipy/linalg/_matfuncs_expm.cpython-310-x86_64-linux-gnu.so
7fbf1fb84000-7fbf1fb89000 r--p 00000000 08:02 22181747                   /home/ubuntu/dev/workspace/koarf/.venv/lib/python3.10/site-packages/scipy/linalg/_matfuncs_sqrtm_triu.cpython-310-x86_64-linux-gnu.so
7fbf1fb89000-7fbf1fbb7000 r-xp 00005000 08:02 22181747                   /home/ubuntu/dev/workspace/koarf/.venv/lib/python3.10/site-packages/scipy/linalg/_matfuncs_sqrtm_triu.cpython-310-x86_64-linux-gnu.so
7fbf1fbb7000-7fbf1fbbf000 r--p 00033000 08:02 22181747                   /home/ubuntu/dev/workspace/koarf/.venv/lib/python3.10/site-packages/scipy/linalg/_matfuncs_sqrtm_triu.cpython-310-x86_64-linux-gnu.so
7fbf1fbbf000-7fbf1fbc0000 r--p 0003a000 08:02 22181747                   /home/ubuntu/dev/workspace/koarf/.venv/lib/python3.10/site-packages/scipy/linalg/_matfuncs_sqrtm_triu.cpython-310-x86_64-linux-gnu.so
7fbf1fbc0000-7fbf1fbc2000 rw-p 0003b000 08:02 22181747                   /home/ubuntu/dev/workspace/koarf/.venv/lib/python3.10/site-packages/scipy/linalg/_matfuncs_sqrtm_triu.cpython-310-x86_64-linux-gnu.so
7fbf1fbc2000-7fbf1fbc3000 rw-p 00000000 00:00 0 
7fbf1fbc3000-7fbf1fbc8000 r--p 00000000 08:02 22181742                   /home/ubuntu/dev/workspace/koarf/.venv/lib/python3.10/site-packages/scipy/linalg/_decomp_lu_cython.cpython-310-x86_64-linux-gnu.so
7fbf1fbc8000-7fbf1fbf4000 r-xp 00005000 08:02 22181742                   /home/ubuntu/dev/workspace/koarf/.venv/lib/python3.10/site-packages/scipy/linalg/_decomp_lu_cython.cpython-310-x86_64-linux-gnu.so
7fbf1fbf4000-7fbf1fbfc000 r--p 00031000 08:02 22181742                   /home/ubuntu/dev/workspace/koarf/.venv/lib/python3.10/site-packages/scipy/linalg/_decomp_lu_cython.cpython-310-x86_64-linux-gnu.so
7fbf1fbfc000-7fbf1fbfd000 r--p 00038000 08:02 22181742                   /home/ubuntu/dev/workspace/koarf/.venv/lib/python3.10/site-packages/scipy/linalg/_decomp_lu_cython.cpython-310-x86_64-linux-gnu.so
7fbf1fbfd000-7fbf1fbff000 rw-p 00039000 08:02 22181742                   /home/ubuntu/dev/workspace/koarf/.venv/lib/python3.10/site-packages/scipy/linalg/_decomp_lu_cython.cpython-310-x86_64-linux-gnu.so
7fbf1fbff000-7fbf1fc00000 rw-p 00000000 00:00 0 
7fbf1fc00000-7fbf1fc05000 r--p 00000000 08:02 22181770                   /home/ubuntu/dev/workspace/koarf/.venv/lib/python3.10/site-packages/scipy/linalg/_solve_toeplitz.cpython-310-x86_64-linux-gnu.so
7fbf1fc05000-7fbf1fc36000 r-xp 00005000 08:02 22181770                   /home/ubuntu/dev/workspace/koarf/.venv/lib/python3.10/site-packages/scipy/linalg/_solve_toeplitz.cpython-310-x86_64-linux-gnu.so
7fbf1fc36000-7fbf1fc3e000 r--p 00036000 08:02 22181770                   /home/ubuntu/dev/workspace/koarf/.venv/lib/python3.10/site-packages/scipy/linalg/_solve_toeplitz.cpython-310-x86_64-linux-gnu.so
7fbf1fc3e000-7fbf1fc3f000 ---p 0003e000 08:02 22181770                   /home/ubuntu/dev/workspace/koarf/.venv/lib/python3.10/site-packages/scipy/linalg/_solve_toeplitz.cpython-310-x86_64-linux-gnu.so
7fbf1fc3f000-7fbf1fc40000 r--p 0003e000 08:02 22181770                   /home/ubuntu/dev/workspace/koarf/.venv/lib/python3.10/site-packages/scipy/linalg/_solve_toeplitz.cpython-310-x86_64-linux-gnu.so
7fbf1fc40000-7fbf1fc42000 rw-p 0003f000 08:02 22181770                   /home/ubuntu/dev/workspace/koarf/.venv/lib/python3.10/site-packages/scipy/linalg/_solve_toeplitz.cpython-310-x86_64-linux-gnu.so
7fbf1fc42000-7fbf1fc43000 rw-p 00000000 00:00 0 
7fbf1fc43000-7fbf1fc5d000 r--p 00000000 08:02 22181741                   /home/ubuntu/dev/workspace/koarf/.venv/lib/python3.10/site-packages/scipy/linalg/cython_lapack.cpython-310-x86_64-linux-gnu.so
7fbf1fc5d000-7fbf1fc7c000 r-xp 0001a000 08:02 22181741                   /home/ubuntu/dev/workspace/koarf/.venv/lib/python3.10/site-packages/scipy/linalg/cython_lapack.cpython-310-x86_64-linux-gnu.so
7fbf1fc7c000-7fbf1fcd4000 r--p 00039000 08:02 22181741                   /home/ubuntu/dev/workspace/koarf/.venv/lib/python3.10/site-packages/scipy/linalg/cython_lapack.cpython-310-x86_64-linux-gnu.so
7fbf1fcd4000-7fbf1fcd5000 ---p 00091000 08:02 22181741                   /home/ubuntu/dev/workspace/koarf/.venv/lib/python3.10/site-packages/scipy/linalg/cython_lapack.cpython-310-x86_64-linux-gnu.so
7fbf1fcd5000-7fbf1fcd6000 r--p 00091000 08:02 22181741                   /home/ubuntu/dev/workspace/koarf/.venv/lib/python3.10/site-packages/scipy/linalg/cython_lapack.cpython-310-x86_64-linux-gnu.so
7fbf1fcd6000-7fbf1fcda000 rw-p 00092000 08:02 22181741                   /home/ubuntu/dev/workspace/koarf/.venv/lib/python3.10/site-packages/scipy/linalg/cython_lapack.cpython-310-x86_64-linux-gnu.so
7fbf1fcda000-7fbf1fcf0000 rw-p 000c1000 08:02 22181741                   /home/ubuntu/dev/workspace/koarf/.venv/lib/python3.10/site-packages/scipy/linalg/cython_lapack.cpython-310-x86_64-linux-gnu.so
7fbf1fcf0000-7fbf1fcf6000 r--p 00000000 08:02 22181773                   /home/ubuntu/dev/workspace/koarf/.venv/lib/python3.10/site-packages/scipy/linalg/_cythonized_array_utils.cpython-310-x86_64-linux-gnu.so
7fbf1fcf6000-7fbf1fd6a000 r-xp 00006000 08:02 22181773                   /home/ubuntu/dev/workspace/koarf/.venv/lib/python3.10/site-packages/scipy/linalg/_cythonized_array_utils.cpython-310-x86_64-linux-gnu.so
7fbf1fd6a000-7fbf1fd78000 r--p 0007a000 08:02 22181773                   /home/ubuntu/dev/workspace/koarf/.venv/lib/python3.10/site-packages/scipy/linalg/_cythonized_array_utils.cpython-310-x86_64-linux-gnu.so
7fbf1fd78000-7fbf1fd79000 ---p 00088000 08:02 22181773                   /home/ubuntu/dev/workspace/koarf/.venv/lib/python3.10/site-packages/scipy/linalg/_cythonized_array_utils.cpython-310-x86_64-linux-gnu.so
7fbf1fd79000-7fbf1fd7a000 r--p 00088000 08:02 22181773                   /home/ubuntu/dev/workspace/koarf/.venv/lib/python3.10/site-packages/scipy/linalg/_cythonized_array_utils.cpython-310-x86_64-linux-gnu.so
7fbf1fd7a000-7fbf1fd7d000 rw-p 00089000 08:02 22181773                   /home/ubuntu/dev/workspace/koarf/.venv/lib/python3.10/site-packages/scipy/linalg/_cythonized_array_utils.cpython-310-x86_64-linux-gnu.so
7fbf1fd7d000-7fbf1fe7e000 rw-p 00000000 00:00 0 
7fbf1fe7e000-7fbf1febb000 r--p 00000000 08:02 22181759                   /home/ubuntu/dev/workspace/koarf/.venv/lib/python3.10/site-packages/scipy/linalg/_flapack.cpython-310-x86_64-linux-gnu.so
7fbf1febb000-7fbf1ff88000 r-xp 0003d000 08:02 22181759                   /home/ubuntu/dev/workspace/koarf/.venv/lib/python3.10/site-packages/scipy/linalg/_flapack.cpython-310-x86_64-linux-gnu.so
7fbf1ff88000-7fbf20008000 r--p 0010a000 08:02 22181759                   /home/ubuntu/dev/workspace/koarf/.venv/lib/python3.10/site-packages/scipy/linalg/_flapack.cpython-310-x86_64-linux-gnu.so
7fbf20008000-7fbf20009000 r--p 00189000 08:02 22181759                   /home/ubuntu/dev/workspace/koarf/.venv/lib/python3.10/site-packages/scipy/linalg/_flapack.cpython-310-x86_64-linux-gnu.so
7fbf20009000-7fbf20098000 rw-p 0018a000 08:02 22181759                   /home/ubuntu/dev/workspace/koarf/.venv/lib/python3.10/site-packages/scipy/linalg/_flapack.cpython-310-x86_64-linux-gnu.so
7fbf20098000-7fbf200b0000 rw-p 00246000 08:02 22181759                   /home/ubuntu/dev/workspace/koarf/.venv/lib/python3.10/site-packages/scipy/linalg/_flapack.cpython-310-x86_64-linux-gnu.so
7fbf200b0000-7fbf200b1000 ---p 00000000 00:00 0 
7fbf200b1000-7fbf208b1000 rw-p 00000000 00:00 0 
7fbf208b1000-7fbf208b2000 ---p 00000000 00:00 0 
7fbf208b2000-7fbf210b2000 rw-p 00000000 00:00 0 
7fbf210b2000-7fbf210b3000 ---p 00000000 00:00 0 
7fbf210b3000-7fbf218b3000 rw-p 00000000 00:00 0 
7fbf218b3000-7fbf298b3000 rw-p 00000000 00:00 0 
7fbf298b3000-7fbf2995e000 r--p 00000000 08:02 22183009                   /home/ubuntu/dev/workspace/koarf/.venv/lib/python3.10/site-packages/scipy.libs/libscipy_openblas-68440149.so
7fbf2995e000-7fbf2aa6f000 r-xp 000ab000 08:02 22183009                   /home/ubuntu/dev/workspace/koarf/.venv/lib/python3.10/site-packages/scipy.libs/libscipy_openblas-68440149.so
7fbf2aa6f000-7fbf2ac1e000 r--p 011bc000 08:02 22183009                   /home/ubuntu/dev/workspace/koarf/.venv/lib/python3.10/site-packages/scipy.libs/libscipy_openblas-68440149.so
7fbf2ac1e000-7fbf2ac24000 r--p 0136a000 08:02 22183009                   /home/ubuntu/dev/workspace/koarf/.venv/lib/python3.10/site-packages/scipy.libs/libscipy_openblas-68440149.so
7fbf2ac24000-7fbf2ac2f000 rw-p 01370000 08:02 22183009                   /home/ubuntu/dev/workspace/koarf/.venv/lib/python3.10/site-packages/scipy.libs/libscipy_openblas-68440149.so
7fbf2ac2f000-7fbf2ac37000 rw-p 00000000 00:00 0 
7fbf2ac37000-7fbf2ad31000 rw-p 01435000 08:02 22183009                   /home/ubuntu/dev/workspace/koarf/.venv/lib/python3.10/site-packages/scipy.libs/libscipy_openblas-68440149.so
7fbf2ad31000-7fbf2ad58000 r--p 00000000 08:02 22181774                   /home/ubuntu/dev/workspace/koarf/.venv/lib/python3.10/site-packages/scipy/linalg/_fblas.cpython-310-x86_64-linux-gnu.so
7fbf2ad58000-7fbf2ada0000 r-xp 00027000 08:02 22181774                   /home/ubuntu/dev/workspace/koarf/.venv/lib/python3.10/site-packages/scipy/linalg/_fblas.cpython-310-x86_64-linux-gnu.so
7fbf2ada0000-7fbf2adcd000 r--p 0006f000 08:02 22181774                   /home/ubuntu/dev/workspace/koarf/.venv/lib/python3.10/site-packages/scipy/linalg/_fblas.cpython-310-x86_64-linux-gnu.so
7fbf2adcd000-7fbf2adce000 r--p 0009b000 08:02 22181774                   /home/ubuntu/dev/workspace/koarf/.venv/lib/python3.10/site-packages/scipy/linalg/_fblas.cpython-310-x86_64-linux-gnu.so
7fbf2adce000-7fbf2adf7000 rw-p 0009c000 08:02 22181774                   /home/ubuntu/dev/workspace/koarf/.venv/lib/python3.10/site-packages/scipy/linalg/_fblas.cpython-310-x86_64-linux-gnu.so
7fbf2adf7000-7fbf2ae0f000 rw-p 000e5000 08:02 22181774                   /home/ubuntu/dev/workspace/koarf/.venv/lib/python3.10/site-packages/scipy/linalg/_fblas.cpython-310-x86_64-linux-gnu.so
7fbf2ae0f000-7fbf2ae15000 r--p 00000000 08:02 22182226                   /home/ubuntu/dev/workspace/koarf/.venv/lib/python3.10/site-packages/scipy/sparse/_csparsetools.cpython-310-x86_64-linux-gnu.so
7fbf2ae15000-7fbf2aeb9000 r-xp 00006000 08:02 22182226                   /home/ubuntu/dev/workspace/koarf/.venv/lib/python3.10/site-packages/scipy/sparse/_csparsetools.cpython-310-x86_64-linux-gnu.so
7fbf2aeb9000-7fbf2aec8000 r--p 000aa000 08:02 22182226                   /home/ubuntu/dev/workspace/koarf/.venv/lib/python3.10/site-packages/scipy/sparse/_csparsetools.cpython-310-x86_64-linux-gnu.so
7fbf2aec8000-7fbf2aec9000 r--p 000b8000 08:02 22182226                   /home/ubuntu/dev/workspace/koarf/.venv/lib/python3.10/site-packages/scipy/sparse/_csparsetools.cpython-310-x86_64-linux-gnu.so
7fbf2aec9000-7fbf2aecc000 rw-p 000b9000 08:02 22182226                   /home/ubuntu/dev/workspace/koarf/.venv/lib/python3.10/site-packages/scipy/sparse/_csparsetools.cpython-310-x86_64-linux-gnu.so
7fbf2aecc000-7fbf2aece000 rw-p 00000000 00:00 0 
7fbf2aece000-7fbf2aed1000 r--p 00000000 08:02 22182198                   /home/ubuntu/dev/workspace/koarf/.venv/lib/python3.10/site-packages/scipy/sparse/_sparsetools.cpython-310-x86_64-linux-gnu.so
7fbf2aed1000-7fbf2b288000 r-xp 00003000 08:02 22182198                   /home/ubuntu/dev/workspace/koarf/.venv/lib/python3.10/site-packages/scipy/sparse/_sparsetools.cpython-310-x86_64-linux-gnu.so
7fbf2b288000-7fbf2b2da000 r--p 003ba000 08:02 22182198                   /home/ubuntu/dev/workspace/koarf/.venv/lib/python3.10/site-packages/scipy/sparse/_sparsetools.cpython-310-x86_64-linux-gnu.so
7fbf2b2da000-7fbf2b2db000 r--p 0040b000 08:02 22182198                   /home/ubuntu/dev/workspace/koarf/.venv/lib/python3.10/site-packages/scipy/sparse/_sparsetools.cpython-310-x86_64-linux-gnu.so
7fbf2b2db000-7fbf2b2dc000 rw-p 0040c000 08:02 22182198                   /home/ubuntu/dev/workspace/koarf/.venv/lib/python3.10/site-packages/scipy/sparse/_sparsetools.cpython-310-x86_64-linux-gnu.so
7fbf2b2dc000-7fbf2b4dc000 rw-p 00000000 00:00 0 
7fbf2b4dc000-7fbf2b4e8000 r--p 00000000 08:02 22177274                   /home/ubuntu/dev/workspace/koarf/.venv/lib/python3.10/site-packages/numpy/random/_generator.cpython-310-x86_64-linux-gnu.so
7fbf2b4e8000-7fbf2b55d000 r-xp 0000c000 08:02 22177274                   /home/ubuntu/dev/workspace/koarf/.venv/lib/python3.10/site-packages/numpy/random/_generator.cpython-310-x86_64-linux-gnu.so
7fbf2b55d000-7fbf2b5b4000 r--p 00081000 08:02 22177274                   /home/ubuntu/dev/workspace/koarf/.venv/lib/python3.10/site-packages/numpy/random/_generator.cpython-310-x86_64-linux-gnu.so
7fbf2b5b4000-7fbf2b5b5000 ---p 000d8000 08:02 22177274                   /home/ubuntu/dev/workspace/koarf/.venv/lib/python3.10/site-packages/numpy/random/_generator.cpython-310-x86_64-linux-gnu.so
7fbf2b5b5000-7fbf2b5b8000 r--p 000d8000 08:02 22177274                   /home/ubuntu/dev/workspace/koarf/.venv/lib/python3.10/site-packages/numpy/random/_generator.cpython-310-x86_64-linux-gnu.so
7fbf2b5b8000-7fbf2b5bb000 rw-p 000db000 08:02 22177274                   /home/ubuntu/dev/workspace/koarf/.venv/lib/python3.10/site-packages/numpy/random/_generator.cpython-310-x86_64-linux-gnu.so
7fbf2b5bb000-7fbf2c1bd000 rw-p 00000000 00:00 0 
7fbf2c1bf000-7fbf2c1c2000 r--p 00000000 08:02 22286046                   /home/ubuntu/dev/workspace/koarf/.venv/lib/python3.10/site-packages/aiohttp/_http_writer.cpython-310-x86_64-linux-gnu.so
7fbf2c1c2000-7fbf2c1cb000 r-xp 00003000 08:02 22286046                   /home/ubuntu/dev/workspace/koarf/.venv/lib/python3.10/site-packages/aiohttp/_http_writer.cpython-310-x86_64-linux-gnu.so
7fbf2c1cb000-7fbf2c1cd000 r--p 0000c000 08:02 22286046                   /home/ubuntu/dev/workspace/koarf/.venv/lib/python3.10/site-packages/aiohttp/_http_writer.cpython-310-x86_64-linux-gnu.so
7fbf2c1cd000-7fbf2c1ce000 r--p 0000d000 08:02 22286046                   /home/ubuntu/dev/workspace/koarf/.venv/lib/python3.10/site-packages/aiohttp/_http_writer.cpython-310-x86_64-linux-gnu.so
7fbf2c1ce000-7fbf2c1cf000 rw-p 0000e000 08:02 22286046                   /home/ubuntu/dev/workspace/koarf/.venv/lib/python3.10/site-packages/aiohttp/_http_writer.cpython-310-x86_64-linux-gnu.so
7fbf2c1cf000-7fbf2c1d2000 r--p 00000000 08:02 22810381                   /home/ubuntu/dev/workspace/koarf/.venv/lib/python3.10/site-packages/pyarrow/libarrow_python_parquet_encryption.so.2400
7fbf2c1d2000-7fbf2c1d4000 r-xp 00003000 08:02 22810381                   /home/ubuntu/dev/workspace/koarf/.venv/lib/python3.10/site-packages/pyarrow/libarrow_python_parquet_encryption.so.2400
7fbf2c1d4000-7fbf2c1d5000 r--p 00005000 08:02 22810381                   /home/ubuntu/dev/workspace/koarf/.venv/lib/python3.10/site-packages/pyarrow/libarrow_python_parquet_encryption.so.2400
7fbf2c1d5000-7fbf2c1d6000 r--p 00005000 08:02 22810381                   /home/ubuntu/dev/workspace/koarf/.venv/lib/python3.10/site-packages/pyarrow/libarrow_python_parquet_encryption.so.2400
7fbf2c1d6000-7fbf2c1d7000 rw-p 00006000 08:02 22810381                   /home/ubuntu/dev/workspace/koarf/.venv/lib/python3.10/site-packages/pyarrow/libarrow_python_parquet_encryption.so.2400
7fbf2c1d7000-7fbf2c1dc000 r--p 00000000 08:02 22810308                   /home/ubuntu/dev/workspace/koarf/.venv/lib/python3.10/site-packages/pyarrow/_dataset_parquet_encryption.cpython-310-x86_64-linux-gnu.so
7fbf2c1dc000-7fbf2c1e8000 r-xp 00005000 08:02 22810308                   /home/ubuntu/dev/workspace/koarf/.venv/lib/python3.10/site-packages/pyarrow/_dataset_parquet_encryption.cpython-310-x86_64-linux-gnu.so
7fbf2c1e8000-7fbf2c1ec000 r--p 00011000 08:02 22810308                   /home/ubuntu/dev/workspace/koarf/.venv/lib/python3.10/site-packages/pyarrow/_dataset_parquet_encryption.cpython-310-x86_64-linux-gnu.so
7fbf2c1ec000-7fbf2c1ed000 r--p 00015000 08:02 22810308                   /home/ubuntu/dev/workspace/koarf/.venv/lib/python3.10/site-packages/pyarrow/_dataset_parquet_encryption.cpython-310-x86_64-linux-gnu.so
7fbf2c1ed000-7fbf2c1ee000 rw-p 00016000 08:02 22810308                   /home/ubuntu/dev/workspace/koarf/.venv/lib/python3.10/site-packages/pyarrow/_dataset_parquet_encryption.cpython-310-x86_64-linux-gnu.so
7fbf2c1ee000-7fbf2c1ef000 rw-p 00000000 00:00 0 
7fbf2c1ef000-7fbf2c1fc000 r--p 00000000 08:02 22810329                   /home/ubuntu/dev/workspace/koarf/.venv/lib/python3.10/site-packages/pyarrow/_parquet.cpython-310-x86_64-linux-gnu.so
7fbf2c1fc000-7fbf2c255000 r-xp 0000d000 08:02 22810329                   /home/ubuntu/dev/workspace/koarf/.venv/lib/python3.10/site-packages/pyarrow/_parquet.cpython-310-x86_64-linux-gnu.so
7fbf2c255000-7fbf2c268000 r--p 00066000 08:02 22810329                   /home/ubuntu/dev/workspace/koarf/.venv/lib/python3.10/site-packages/pyarrow/_parquet.cpython-310-x86_64-linux-gnu.so
7fbf2c268000-7fbf2c269000 r--p 00079000 08:02 22810329                   /home/ubuntu/dev/workspace/koarf/.venv/lib/python3.10/site-packages/pyarrow/_parquet.cpython-310-x86_64-linux-gnu.so
7fbf2c269000-7fbf2c26e000 rw-p 0007a000 08:02 22810329                   /home/ubuntu/dev/workspace/koarf/.venv/lib/python3.10/site-packages/pyarrow/_parquet.cpython-310-x86_64-linux-gnu.so
7fbf2c26e000-7fbf2c270000 rw-p 00000000 00:00 0 
7fbf2c270000-7fbf2c279000 r--p 00000000 08:02 22810305                   /home/ubuntu/dev/workspace/koarf/.venv/lib/python3.10/site-packages/pyarrow/_dataset_parquet.cpython-310-x86_64-linux-gnu.so
7fbf2c279000-7fbf2c2a5000 r-xp 00009000 08:02 22810305                   /home/ubuntu/dev/workspace/koarf/.venv/lib/python3.10/site-packages/pyarrow/_dataset_parquet.cpython-310-x86_64-linux-gnu.so
7fbf2c2a5000-7fbf2c2b1000 r--p 00035000 08:02 22810305                   /home/ubuntu/dev/workspace/koarf/.venv/lib/python3.10/site-packages/pyarrow/_dataset_parquet.cpython-310-x86_64-linux-gnu.so
7fbf2c2b1000-7fbf2c2b2000 r--p 00041000 08:02 22810305                   /home/ubuntu/dev/workspace/koarf/.venv/lib/python3.10/site-packages/pyarrow/_dataset_parquet.cpython-310-x86_64-linux-gnu.so
7fbf2c2b2000-7fbf2c2b5000 rw-p 00042000 08:02 22810305                   /home/ubuntu/dev/workspace/koarf/.venv/lib/python3.10/site-packages/pyarrow/_dataset_parquet.cpython-310-x86_64-linux-gnu.so
7fbf2c2b5000-7fbf2c2b6000 rw-p 00000000 00:00 0 
7fbf2c2b6000-7fbf2c2ba000 r--p 00000000 08:02 22810303                   /home/ubuntu/dev/workspace/koarf/.venv/lib/python3.10/site-packages/pyarrow/_dataset_orc.cpython-310-x86_64-linux-gnu.so
7fbf2c2ba000-7fbf2c2c1000 r-xp 00004000 08:02 22810303                   /home/ubuntu/dev/workspace/koarf/.venv/lib/python3.10/site-packages/pyarrow/_dataset_orc.cpython-310-x86_64-linux-gnu.so
7fbf2c2c1000-7fbf2c2c4000 r--p 0000b000 08:02 22810303                   /home/ubuntu/dev/workspace/koarf/.venv/lib/python3.10/site-packages/pyarrow/_dataset_orc.cpython-310-x86_64-linux-gnu.so
7fbf2c2c4000-7fbf2c2c5000 r--p 0000d000 08:02 22810303                   /home/ubuntu/dev/workspace/koarf/.venv/lib/python3.10/site-packages/pyarrow/_dataset_orc.cpython-310-x86_64-linux-gnu.so
7fbf2c2c5000-7fbf2c2c6000 rw-p 0000e000 08:02 22810303                   /home/ubuntu/dev/workspace/koarf/.venv/lib/python3.10/site-packages/pyarrow/_dataset_orc.cpython-310-x86_64-linux-gnu.so
7fbf2c2c6000-7fbf2c2c7000 rw-p 00000000 00:00 0 
7fbf2c2c7000-7fbf2c2d7000 rw-p 00000000 00:00 0 
7fbf2c2d7000-7fbf2c2de000 r--p 00000000 08:02 22810340                   /home/ubuntu/dev/workspace/koarf/.venv/lib/python3.10/site-packages/pyarrow/_substrait.cpython-310-x86_64-linux-gnu.so
7fbf2c2de000-7fbf2c2f6000 r-xp 00007000 08:02 22810340                   /home/ubuntu/dev/workspace/koarf/.venv/lib/python3.10/site-packages/pyarrow/_substrait.cpython-310-x86_64-linux-gnu.so
7fbf2c2f6000-7fbf2c2fd000 r--p 0001f000 08:02 22810340                   /home/ubuntu/dev/workspace/koarf/.venv/lib/python3.10/site-packages/pyarrow/_substrait.cpython-310-x86_64-linux-gnu.so
7fbf2c2fd000-7fbf2c2fe000 r--p 00025000 08:02 22810340                   /home/ubuntu/dev/workspace/koarf/.venv/lib/python3.10/site-packages/pyarrow/_substrait.cpython-310-x86_64-linux-gnu.so
7fbf2c2fe000-7fbf2c300000 rw-p 00026000 08:02 22810340                   /home/ubuntu/dev/workspace/koarf/.venv/lib/python3.10/site-packages/pyarrow/_substrait.cpython-310-x86_64-linux-gnu.so
7fbf2c300000-7fbf2c305000 r--p 00000000 08:02 22810323                   /home/ubuntu/dev/workspace/koarf/.venv/lib/python3.10/site-packages/pyarrow/_json.cpython-310-x86_64-linux-gnu.so
7fbf2c305000-7fbf2c314000 r-xp 00005000 08:02 22810323                   /home/ubuntu/dev/workspace/koarf/.venv/lib/python3.10/site-packages/pyarrow/_json.cpython-310-x86_64-linux-gnu.so
7fbf2c314000-7fbf2c319000 r--p 00014000 08:02 22810323                   /home/ubuntu/dev/workspace/koarf/.venv/lib/python3.10/site-packages/pyarrow/_json.cpython-310-x86_64-linux-gnu.so
7fbf2c319000-7fbf2c31a000 r--p 00018000 08:02 22810323                   /home/ubuntu/dev/workspace/koarf/.venv/lib/python3.10/site-packages/pyarrow/_json.cpython-310-x86_64-linux-gnu.so
7fbf2c31a000-7fbf2c31c000 rw-p 00019000 08:02 22810323                   /home/ubuntu/dev/workspace/koarf/.venv/lib/python3.10/site-packages/pyarrow/_json.cpython-310-x86_64-linux-gnu.so
7fbf2c31c000-7fbf2c324000 r--p 00000000 08:02 22810295                   /home/ubuntu/dev/workspace/koarf/.venv/lib/python3.10/site-packages/pyarrow/_csv.cpython-310-x86_64-linux-gnu.so
7fbf2c324000-7fbf2c355000 r-xp 00008000 08:02 22810295                   /home/ubuntu/dev/workspace/koarf/.venv/lib/python3.10/site-packages/pyarrow/_csv.cpython-310-x86_64-linux-gnu.so
7fbf2c355000-7fbf2c365000 r--p 00039000 08:02 22810295                   /home/ubuntu/dev/workspace/koarf/.venv/lib/python3.10/site-packages/pyarrow/_csv.cpython-310-x86_64-linux-gnu.so
7fbf2c365000-7fbf2c366000 r--p 00048000 08:02 22810295                   /home/ubuntu/dev/workspace/koarf/.venv/lib/python3.10/site-packages/pyarrow/_csv.cpython-310-x86_64-linux-gnu.so
7fbf2c366000-7fbf2c369000 rw-p 00049000 08:02 22810295                   /home/ubuntu/dev/workspace/koarf/.venv/lib/python3.10/site-packages/pyarrow/_csv.cpython-310-x86_64-linux-gnu.so
7fbf2c369000-7fbf2c36a000 rw-p 00000000 00:00 0 
7fbf2c36a000-7fbf2c375000 r--p 00000000 08:02 22810315                   /home/ubuntu/dev/workspace/koarf/.venv/lib/python3.10/site-packages/pyarrow/_fs.cpython-310-x86_64-linux-gnu.so
7fbf2c375000-7fbf2c3ab000 r-xp 0000b000 08:02 22810315                   /home/ubuntu/dev/workspace/koarf/.venv/lib/python3.10/site-packages/pyarrow/_fs.cpython-310-x86_64-linux-gnu.so
7fbf2c3ab000-7fbf2c3bb000 r--p 00041000 08:02 22810315                   /home/ubuntu/dev/workspace/koarf/.venv/lib/python3.10/site-packages/pyarrow/_fs.cpython-310-x86_64-linux-gnu.so
7fbf2c3bb000-7fbf2c3bc000 r--p 00051000 08:02 22810315                   /home/ubuntu/dev/workspace/koarf/.venv/lib/python3.10/site-packages/pyarrow/_fs.cpython-310-x86_64-linux-gnu.so
7fbf2c3bc000-7fbf2c3bf000 rw-p 00052000 08:02 22810315                   /home/ubuntu/dev/workspace/koarf/.venv/lib/python3.10/site-packages/pyarrow/_fs.cpython-310-x86_64-linux-gnu.so
7fbf2c3bf000-7fbf2c3c0000 rw-p 00000000 00:00 0 
7fbf2c3c0000-7fbf2c3c8000 r--p 00000000 08:02 22810286                   /home/ubuntu/dev/workspace/koarf/.venv/lib/python3.10/site-packages/pyarrow/_acero.cpython-310-x86_64-linux-gnu.so
7fbf2c3c8000-7fbf2c3eb000 r-xp 00008000 08:02 22810286                   /home/ubuntu/dev/workspace/koarf/.venv/lib/python3.10/site-packages/pyarrow/_acero.cpython-310-x86_64-linux-gnu.so
7fbf2c3eb000-7fbf2c3f4000 r--p 0002b000 08:02 22810286                   /home/ubuntu/dev/workspace/koarf/.venv/lib/python3.10/site-packages/pyarrow/_acero.cpython-310-x86_64-linux-gnu.so
7fbf2c3f4000-7fbf2c3f5000 r--p 00033000 08:02 22810286                   /home/ubuntu/dev/workspace/koarf/.venv/lib/python3.10/site-packages/pyarrow/_acero.cpython-310-x86_64-linux-gnu.so
7fbf2c3f5000-7fbf2c3f8000 rw-p 00034000 08:02 22810286                   /home/ubuntu/dev/workspace/koarf/.venv/lib/python3.10/site-packages/pyarrow/_acero.cpython-310-x86_64-linux-gnu.so
7fbf2c3f8000-7fbf2c3f9000 rw-p 00000000 00:00 0 
7fbf2c3f9000-7fbf2c40b000 r--p 00000000 08:02 22810300                   /home/ubuntu/dev/workspace/koarf/.venv/lib/python3.10/site-packages/pyarrow/_dataset.cpython-310-x86_64-linux-gnu.so
7fbf2c40b000-7fbf2c489000 r-xp 00012000 08:02 22810300                   /home/ubuntu/dev/workspace/koarf/.venv/lib/python3.10/site-packages/pyarrow/_dataset.cpython-310-x86_64-linux-gnu.so
7fbf2c489000-7fbf2c4b2000 r--p 00090000 08:02 22810300                   /home/ubuntu/dev/workspace/koarf/.venv/lib/python3.10/site-packages/pyarrow/_dataset.cpython-310-x86_64-linux-gnu.so
7fbf2c4b2000-7fbf2c4b3000 r--p 000b9000 08:02 22810300                   /home/ubuntu/dev/workspace/koarf/.venv/lib/python3.10/site-packages/pyarrow/_dataset.cpython-310-x86_64-linux-gnu.so
7fbf2c4b3000-7fbf2c4bb000 rw-p 000ba000 08:02 22810300                   /home/ubuntu/dev/workspace/koarf/.venv/lib/python3.10/site-packages/pyarrow/_dataset.cpython-310-x86_64-linux-gnu.so
7fbf2c4bb000-7fbf2dfbe000 rw-p 00000000 00:00 0 
7fbf2dfbe000-7fbf2dfcb000 r--p 00000000 08:02 22185582                   /home/ubuntu/dev/workspace/koarf/.venv/lib/python3.10/site-packages/cuda/bindings/_bindings/cyruntime.cpython-310-x86_64-linux-gnu.so
7fbf2dfcb000-7fbf2e069000 r-xp 0000d000 08:02 22185582                   /home/ubuntu/dev/workspace/koarf/.venv/lib/python3.10/site-packages/cuda/bindings/_bindings/cyruntime.cpython-310-x86_64-linux-gnu.so
7fbf2e069000-7fbf2e09c000 r--p 000ab000 08:02 22185582                   /home/ubuntu/dev/workspace/koarf/.venv/lib/python3.10/site-packages/cuda/bindings/_bindings/cyruntime.cpython-310-x86_64-linux-gnu.so
7fbf2e09c000-7fbf2e0a1000 r--p 000de000 08:02 22185582                   /home/ubuntu/dev/workspace/koarf/.venv/lib/python3.10/site-packages/cuda/bindings/_bindings/cyruntime.cpython-310-x86_64-linux-gnu.so
7fbf2e0a1000-7fbf2e0a3000 rw-p 000e3000 08:02 22185582                   /home/ubuntu/dev/workspace/koarf/.venv/lib/python3.10/site-packages/cuda/bindings/_bindings/cyruntime.cpython-310-x86_64-linux-gnu.so
7fbf2e0a3000-7fbf2e0a6000 rw-p 00000000 00:00 0 
7fbf2e0a6000-7fbf2e0ea000 r--p 00000000 08:02 22185564                   /home/ubuntu/dev/workspace/koarf/.venv/lib/python3.10/site-packages/cuda/bindings/driver.cpython-310-x86_64-linux-gnu.so
7fbf2e0ea000-7fbf2e5fd000 r-xp 00044000 08:02 22185564                   /home/ubuntu/dev/workspace/koarf/.venv/lib/python3.10/site-packages/cuda/bindings/driver.cpython-310-x86_64-linux-gnu.so
7fbf2e5fd000-7fbf2e7a9000 r--p 00557000 08:02 22185564                   /home/ubuntu/dev/workspace/koarf/.venv/lib/python3.10/site-packages/cuda/bindings/driver.cpython-310-x86_64-linux-gnu.so
7fbf2e7a9000-7fbf2e7aa000 r--p 00703000 08:02 22185564                   /home/ubuntu/dev/workspace/koarf/.venv/lib/python3.10/site-packages/cuda/bindings/driver.cpython-310-x86_64-linux-gnu.so
7fbf2e7aa000-7fbf2e7f2000 rw-p 00704000 08:02 22185564                   /home/ubuntu/dev/workspace/koarf/.venv/lib/python3.10/site-packages/cuda/bindings/driver.cpython-310-x86_64-linux-gnu.so
7fbf2e7f2000-7fbf2e805000 rw-p 00000000 00:00 0 
7fbf2e805000-7fbf2e836000 r--p 00000000 08:02 22185576                   /home/ubuntu/dev/workspace/koarf/.venv/lib/python3.10/site-packages/cuda/bindings/runtime.cpython-310-x86_64-linux-gnu.so
7fbf2e836000-7fbf2ec02000 r-xp 00031000 08:02 22185576                   /home/ubuntu/dev/workspace/koarf/.venv/lib/python3.10/site-packages/cuda/bindings/runtime.cpython-310-x86_64-linux-gnu.so
7fbf2ec02000-7fbf2ed23000 r--p 003fd000 08:02 22185576                   /home/ubuntu/dev/workspace/koarf/.venv/lib/python3.10/site-packages/cuda/bindings/runtime.cpython-310-x86_64-linux-gnu.so
7fbf2ed23000-7fbf2ed24000 r--p 0051e000 08:02 22185576                   /home/ubuntu/dev/workspace/koarf/.venv/lib/python3.10/site-packages/cuda/bindings/runtime.cpython-310-x86_64-linux-gnu.so
7fbf2ed24000-7fbf2ed51000 rw-p 0051f000 08:02 22185576                   /home/ubuntu/dev/workspace/koarf/.venv/lib/python3.10/site-packages/cuda/bindings/runtime.cpython-310-x86_64-linux-gnu.so
7fbf2ed51000-7fbf2ed60000 rw-p 00000000 00:00 0 
7fbf2ed60000-7fbf2ed73000 r--p 00000000 08:02 22297907                   /home/ubuntu/dev/workspace/koarf/.venv/lib/python3.10/site-packages/torch/lib/libtorch_nvshmem.so
7fbf2ed73000-7fbf2ed9b000 r-xp 00013000 08:02 22297907                   /home/ubuntu/dev/workspace/koarf/.venv/lib/python3.10/site-packages/torch/lib/libtorch_nvshmem.so
7fbf2ed9b000-7fbf2f10e000 r--p 0003b000 08:02 22297907                   /home/ubuntu/dev/workspace/koarf/.venv/lib/python3.10/site-packages/torch/lib/libtorch_nvshmem.so
7fbf2f10e000-7fbf2f110000 r--p 003ad000 08:02 22297907                   /home/ubuntu/dev/workspace/koarf/.venv/lib/python3.10/site-packages/torch/lib/libtorch_nvshmem.so
7fbf2f110000-7fbf2f111000 rw-p 003af000 08:02 22297907                   /home/ubuntu/dev/workspace/koarf/.venv/lib/python3.10/site-packages/torch/lib/libtorch_nvshmem.so
7fbf2f111000-7fbf2f114000 rw-p 00000000 00:00 0 
7fbf2f114000-7fbf2f11f000 rw-p 003c8000 08:02 22297907                   /home/ubuntu/dev/workspace/koarf/.venv/lib/python3.10/site-packages/torch/lib/libtorch_nvshmem.so
7fbf2f11f000-7fbf2f759000 r--p 00000000 08:02 22297904                   /home/ubuntu/dev/workspace/koarf/.venv/lib/python3.10/site-packages/torch/lib/libtorch_cuda.so
7fbf2f759000-7fbf32ea0000 r-xp 0063a000 08:02 22297904                   /home/ubuntu/dev/workspace/koarf/.venv/lib/python3.10/site-packages/torch/lib/libtorch_cuda.so
7fbf32ea0000-7fbf467d5000 r--p 03d81000 08:02 22297904                   /home/ubuntu/dev/workspace/koarf/.venv/lib/python3.10/site-packages/torch/lib/libtorch_cuda.so
7fbf467d5000-7fbf46830000 r--p 176b6000 08:02 22297904                   /home/ubuntu/dev/workspace/koarf/.venv/lib/python3.10/site-packages/torch/lib/libtorch_cuda.so
7fbf46830000-7fbf46851000 rw-p 17711000 08:02 22297904                   /home/ubuntu/dev/workspace/koarf/.venv/lib/python3.10/site-packages/torch/lib/libtorch_cuda.so
7fbf46851000-7fbf4761c000 rw-p 00000000 00:00 0 
7fbf4761c000-7fbf47a6c000 rw-p 1bbc6000 08:02 22297904                   /home/ubuntu/dev/workspace/koarf/.venv/lib/python3.10/site-packages/torch/lib/libtorch_cuda.so
7fbf47a6c000-7fbf489c1000 r--p 00000000 08:02 22297903                   /home/ubuntu/dev/workspace/koarf/.venv/lib/python3.10/site-packages/torch/lib/libtorch_cpu.so
7fbf489c1000-7fbf59504000 r-xp 00f55000 08:02 22297903                   /home/ubuntu/dev/workspace/koarf/.venv/lib/python3.10/site-packages/torch/lib/libtorch_cpu.so
7fbf59504000-7fbf5befe000 r--p 11a98000 08:02 22297903                   /home/ubuntu/dev/workspace/koarf/.venv/lib/python3.10/site-packages/torch/lib/libtorch_cpu.so
7fbf5befe000-7fbf5c19e000 r--p 14492000 08:02 22297903                   /home/ubuntu/dev/workspace/koarf/.venv/lib/python3.10/site-packages/torch/lib/libtorch_cpu.so
7fbf5c19e000-7fbf5c208000 rw-p 14732000 08:02 22297903                   /home/ubuntu/dev/workspace/koarf/.venv/lib/python3.10/site-packages/torch/lib/libtorch_cpu.so
7fbf5c208000-7fbf5c30c000 rw-p 00000000 00:00 0 
7fbf5c30c000-7fbf5c875000 rw-p 19cb3000 08:02 22297903                   /home/ubuntu/dev/workspace/koarf/.venv/lib/python3.10/site-packages/torch/lib/libtorch_cpu.so
7fbf5c875000-7fbf5ca1b000 r--p 00000000 08:02 22297908                   /home/ubuntu/dev/workspace/koarf/.venv/lib/python3.10/site-packages/torch/lib/libtorch_python.so
7fbf5ca1b000-7fbf5d8ae000 r-xp 001a6000 08:02 22297908                   /home/ubuntu/dev/workspace/koarf/.venv/lib/python3.10/site-packages/torch/lib/libtorch_python.so
7fbf5d8ae000-7fbf5dd71000 r--p 01039000 08:02 22297908                   /home/ubuntu/dev/workspace/koarf/.venv/lib/python3.10/site-packages/torch/lib/libtorch_python.so
7fbf5dd71000-7fbf5dd98000 r--p 014fb000 08:02 22297908                   /home/ubuntu/dev/workspace/koarf/.venv/lib/python3.10/site-packages/torch/lib/libtorch_python.so
7fbf5dd98000-7fbf5de02000 rw-p 01522000 08:02 22297908                   /home/ubuntu/dev/workspace/koarf/.venv/lib/python3.10/site-packages/torch/lib/libtorch_python.so
7fbf5de02000-7fbf5de76000 rw-p 00000000 00:00 0 
7fbf5de76000-7fbf5df0d000 rw-p 01e15000 08:02 22297908                   /home/ubuntu/dev/workspace/koarf/.venv/lib/python3.10/site-packages/torch/lib/libtorch_python.so
7fbf5df0d000-7fbf5df3f000 r--p 00000000 08:02 22176427                   /home/ubuntu/dev/workspace/koarf/.venv/lib/python3.10/site-packages/nvidia/cu13/lib/libcufile.so.0
7fbf5df3f000-7fbf5e144000 r-xp 00032000 08:02 22176427                   /home/ubuntu/dev/workspace/koarf/.venv/lib/python3.10/site-packages/nvidia/cu13/lib/libcufile.so.0
7fbf5e144000-7fbf5e1e6000 r--p 00237000 08:02 22176427                   /home/ubuntu/dev/workspace/koarf/.venv/lib/python3.10/site-packages/nvidia/cu13/lib/libcufile.so.0
7fbf5e1e6000-7fbf5e1e7000 ---p 002d9000 08:02 22176427                   /home/ubuntu/dev/workspace/koarf/.venv/lib/python3.10/site-packages/nvidia/cu13/lib/libcufile.so.0
7fbf5e1e7000-7fbf5e1ec000 r--p 002d9000 08:02 22176427                   /home/ubuntu/dev/workspace/koarf/.venv/lib/python3.10/site-packages/nvidia/cu13/lib/libcufile.so.0
7fbf5e1ec000-7fbf5e1f5000 rw-p 002de000 08:02 22176427                   /home/ubuntu/dev/workspace/koarf/.venv/lib/python3.10/site-packages/nvidia/cu13/lib/libcufile.so.0
7fbf5e1f5000-7fbf5e200000 rw-p 00000000 00:00 0 
7fbf5e200000-7fbf607f9000 r-xp 00000000 08:02 22176299                   /home/ubuntu/dev/workspace/koarf/.venv/lib/python3.10/site-packages/nvidia/nvshmem/lib/libnvshmem_host.so.3
7fbf607f9000-7fbf609f9000 ---p 025f9000 08:02 22176299                   /home/ubuntu/dev/workspace/koarf/.venv/lib/python3.10/site-packages/nvidia/nvshmem/lib/libnvshmem_host.so.3
7fbf609f9000-7fbf609fe000 r--p 025f9000 08:02 22176299                   /home/ubuntu/dev/workspace/koarf/.venv/lib/python3.10/site-packages/nvidia/nvshmem/lib/libnvshmem_host.so.3
7fbf609fe000-7fbf60a05000 rw-p 025fe000 08:02 22176299                   /home/ubuntu/dev/workspace/koarf/.venv/lib/python3.10/site-packages/nvidia/nvshmem/lib/libnvshmem_host.so.3
7fbf60a05000-7fbf60a2d000 rw-p 00000000 00:00 0 
7fbf60a31000-7fbf60a32000 r--p 00000000 08:02 22827784                   /home/ubuntu/dev/workspace/koarf/.venv/lib/python3.10/site-packages/pandas/_libs/pandas_datetime.cpython-310-x86_64-linux-gnu.so
7fbf60a32000-7fbf60a38000 r-xp 00001000 08:02 22827784                   /home/ubuntu/dev/workspace/koarf/.venv/lib/python3.10/site-packages/pandas/_libs/pandas_datetime.cpython-310-x86_64-linux-gnu.so
7fbf60a38000-7fbf60a39000 r--p 00007000 08:02 22827784                   /home/ubuntu/dev/workspace/koarf/.venv/lib/python3.10/site-packages/pandas/_libs/pandas_datetime.cpython-310-x86_64-linux-gnu.so
7fbf60a39000-7fbf60a3a000 r--p 00008000 08:02 22827784                   /home/ubuntu/dev/workspace/koarf/.venv/lib/python3.10/site-packages/pandas/_libs/pandas_datetime.cpython-310-x86_64-linux-gnu.so
7fbf60a3a000-7fbf60a3b000 rw-p 00009000 08:02 22827784                   /home/ubuntu/dev/workspace/koarf/.venv/lib/python3.10/site-packages/pandas/_libs/pandas_datetime.cpython-310-x86_64-linux-gnu.so
7fbf60a3b000-7fbf60a46000 r--p 00000000 08:02 22185584                   /home/ubuntu/dev/workspace/koarf/.venv/lib/python3.10/site-packages/cuda/bindings/_bindings/cyruntime_ptds.cpython-310-x86_64-linux-gnu.so
7fbf60a46000-7fbf60ad0000 r-xp 0000b000 08:02 22185584                   /home/ubuntu/dev/workspace/koarf/.venv/lib/python3.10/site-packages/cuda/bindings/_bindings/cyruntime_ptds.cpython-310-x86_64-linux-gnu.so
7fbf60ad0000-7fbf60af7000 r--p 00095000 08:02 22185584                   /home/ubuntu/dev/workspace/koarf/.venv/lib/python3.10/site-packages/cuda/bindings/_bindings/cyruntime_ptds.cpython-310-x86_64-linux-gnu.so
7fbf60af7000-7fbf60afc000 r--p 000bc000 08:02 22185584                   /home/ubuntu/dev/workspace/koarf/.venv/lib/python3.10/site-packages/cuda/bindings/_bindings/cyruntime_ptds.cpython-310-x86_64-linux-gnu.so
7fbf60afc000-7fbf60afe000 rw-p 000c1000 08:02 22185584                   /home/ubuntu/dev/workspace/koarf/.venv/lib/python3.10/site-packages/cuda/bindings/_bindings/cyruntime_ptds.cpython-310-x86_64-linux-gnu.so
7fbf60afe000-7fbf60c00000 rw-p 00000000 00:00 0 
7fbf60c00000-7fbf6c5be000 r-xp 00000000 08:02 22176391                   /home/ubuntu/dev/workspace/koarf/.venv/lib/python3.10/site-packages/nvidia/nccl/lib/libnccl.so.2
7fbf6c5be000-7fbf6c7be000 ---p 0b9be000 08:02 22176391                   /home/ubuntu/dev/workspace/koarf/.venv/lib/python3.10/site-packages/nvidia/nccl/lib/libnccl.so.2
7fbf6c7be000-7fbf6c7c8000 r--p 0b9be000 08:02 22176391                   /home/ubuntu/dev/workspace/koarf/.venv/lib/python3.10/site-packages/nvidia/nccl/lib/libnccl.so.2
7fbf6c7c8000-7fbf6c7e7000 rw-p 0b9c8000 08:02 22176391                   /home/ubuntu/dev/workspace/koarf/.venv/lib/python3.10/site-packages/nvidia/nccl/lib/libnccl.so.2
7fbf6c7e7000-7fbf6c846000 rw-p 00000000 00:00 0 
7fbf6c846000-7fbf6c848000 r--p 00000000 08:02 22181544                   /home/ubuntu/dev/workspace/koarf/.venv/lib/python3.10/site-packages/scipy/optimize/_slsqp.cpython-310-x86_64-linux-gnu.so
7fbf6c848000-7fbf6c855000 r-xp 00002000 08:02 22181544                   /home/ubuntu/dev/workspace/koarf/.venv/lib/python3.10/site-packages/scipy/optimize/_slsqp.cpython-310-x86_64-linux-gnu.so
7fbf6c855000-7fbf6c858000 r--p 0000f000 08:02 22181544                   /home/ubuntu/dev/workspace/koarf/.venv/lib/python3.10/site-packages/scipy/optimize/_slsqp.cpython-310-x86_64-linux-gnu.so
7fbf6c858000-7fbf6c859000 r--p 00011000 08:02 22181544                   /home/ubuntu/dev/workspace/koarf/.venv/lib/python3.10/site-packages/scipy/optimize/_slsqp.cpython-310-x86_64-linux-gnu.so
7fbf6c859000-7fbf6c85a000 rw-p 00012000 08:02 22181544                   /home/ubuntu/dev/workspace/koarf/.venv/lib/python3.10/site-packages/scipy/optimize/_slsqp.cpython-310-x86_64-linux-gnu.so
7fbf6c85a000-7fbf6c85d000 r--p 00000000 08:02 22181580                   /home/ubuntu/dev/workspace/koarf/.venv/lib/python3.10/site-packages/scipy/optimize/_group_columns.cpython-310-x86_64-linux-gnu.so
7fbf6c85d000-7fbf6c86a000 r-xp 00003000 08:02 22181580                   /home/ubuntu/dev/workspace/koarf/.venv/lib/python3.10/site-packages/scipy/optimize/_group_columns.cpython-310-x86_64-linux-gnu.so
7fbf6c86a000-7fbf6c86d000 r--p 00010000 08:02 22181580                   /home/ubuntu/dev/workspace/koarf/.venv/lib/python3.10/site-packages/scipy/optimize/_group_columns.cpython-310-x86_64-linux-gnu.so
7fbf6c86d000-7fbf6c86e000 r--p 00012000 08:02 22181580                   /home/ubuntu/dev/workspace/koarf/.venv/lib/python3.10/site-packages/scipy/optimize/_group_columns.cpython-310-x86_64-linux-gnu.so
7fbf6c86e000-7fbf6c86f000 rw-p 00013000 08:02 22181580                   /home/ubuntu/dev/workspace/koarf/.venv/lib/python3.10/site-packages/scipy/optimize/_group_columns.cpython-310-x86_64-linux-gnu.so
7fbf6c86f000-7fbf6c879000 r--p 00000000 08:02 22177554                   /home/ubuntu/dev/workspace/koarf/.venv/lib/python3.10/site-packages/numpy/fft/_pocketfft_umath.cpython-310-x86_64-linux-gnu.so
7fbf6c879000-7fbf6c8f5000 r-xp 0000a000 08:02 22177554                   /home/ubuntu/dev/workspace/koarf/.venv/lib/python3.10/site-packages/numpy/fft/_pocketfft_umath.cpython-310-x86_64-linux-gnu.so
7fbf6c8f5000-7fbf6c8fe000 r--p 00086000 08:02 22177554                   /home/ubuntu/dev/workspace/koarf/.venv/lib/python3.10/site-packages/numpy/fft/_pocketfft_umath.cpython-310-x86_64-linux-gnu.so
7fbf6c8fe000-7fbf6c8ff000 r--p 0008e000 08:02 22177554                   /home/ubuntu/dev/workspace/koarf/.venv/lib/python3.10/site-packages/numpy/fft/_pocketfft_umath.cpython-310-x86_64-linux-gnu.so
7fbf6c8ff000-7fbf6c900000 rw-p 0008f000 08:02 22177554                   /home/ubuntu/dev/workspace/koarf/.venv/lib/python3.10/site-packages/numpy/fft/_pocketfft_umath.cpython-310-x86_64-linux-gnu.so
7fbf6c900000-7fbf6ca00000 rw-p 00000000 00:00 0 
7fbf6ca00000-7fbf7507d000 r-xp 00000000 08:02 22186208                   /home/ubuntu/dev/workspace/koarf/.venv/lib/python3.10/site-packages/nvidia/cu13/lib/libcusolver.so.12
7fbf7507d000-7fbf7527d000 ---p 0867d000 08:02 22186208                   /home/ubuntu/dev/workspace/koarf/.venv/lib/python3.10/site-packages/nvidia/cu13/lib/libcusolver.so.12
7fbf7527d000-7fbf75289000 r--p 0867d000 08:02 22186208                   /home/ubuntu/dev/workspace/koarf/.venv/lib/python3.10/site-packages/nvidia/cu13/lib/libcusolver.so.12
7fbf75289000-7fbf7529d000 rw-p 08689000 08:02 22186208                   /home/ubuntu/dev/workspace/koarf/.venv/lib/python3.10/site-packages/nvidia/cu13/lib/libcusolver.so.12
7fbf7529d000-7fbf752b9000 rw-p 00000000 00:00 0 
7fbf752b9000-7fbf752be000 r--p 00000000 08:02 22182234                   /home/ubuntu/dev/workspace/koarf/.venv/lib/python3.10/site-packages/scipy/sparse/csgraph/_min_spanning_tree.cpython-310-x86_64-linux-gnu.so
7fbf752be000-7fbf752e8000 r-xp 00005000 08:02 22182234                   /home/ubuntu/dev/workspace/koarf/.venv/lib/python3.10/site-packages/scipy/sparse/csgraph/_min_spanning_tree.cpython-310-x86_64-linux-gnu.so
7fbf752e8000-7fbf752f1000 r--p 0002f000 08:02 22182234                   /home/ubuntu/dev/workspace/koarf/.venv/lib/python3.10/site-packages/scipy/sparse/csgraph/_min_spanning_tree.cpython-310-x86_64-linux-gnu.so
7fbf752f1000-7fbf752f2000 r--p 00037000 08:02 22182234                   /home/ubuntu/dev/workspace/koarf/.venv/lib/python3.10/site-packages/scipy/sparse/csgraph/_min_spanning_tree.cpython-310-x86_64-linux-gnu.so
7fbf752f2000-7fbf752f4000 rw-p 00038000 08:02 22182234                   /home/ubuntu/dev/workspace/koarf/.venv/lib/python3.10/site-packages/scipy/sparse/csgraph/_min_spanning_tree.cpython-310-x86_64-linux-gnu.so
7fbf752f4000-7fbf752f5000 rw-p 00000000 00:00 0 
7fbf752f5000-7fbf75590000 r--p 00000000 08:02 22169446                   /home/ubuntu/dev/workspace/koarf/.venv/lib/python3.10/site-packages/nvidia/cusparselt/lib/libcusparseLt.so.0
7fbf75590000-7fbf78a3e000 r-xp 0029b000 08:02 22169446                   /home/ubuntu/dev/workspace/koarf/.venv/lib/python3.10/site-packages/nvidia/cusparselt/lib/libcusparseLt.so.0
7fbf78a3e000-7fbf83110000 r--p 03749000 08:02 22169446                   /home/ubuntu/dev/workspace/koarf/.venv/lib/python3.10/site-packages/nvidia/cusparselt/lib/libcusparseLt.so.0
7fbf83110000-7fbf83111000 ---p 0de1b000 08:02 22169446                   /home/ubuntu/dev/workspace/koarf/.venv/lib/python3.10/site-packages/nvidia/cusparselt/lib/libcusparseLt.so.0
7fbf83111000-7fbf831fe000 r--p 0de1b000 08:02 22169446                   /home/ubuntu/dev/workspace/koarf/.venv/lib/python3.10/site-packages/nvidia/cusparselt/lib/libcusparseLt.so.0
7fbf831fe000-7fbf83207000 rw-p 0df08000 08:02 22169446                   /home/ubuntu/dev/workspace/koarf/.venv/lib/python3.10/site-packages/nvidia/cusparselt/lib/libcusparseLt.so.0
7fbf83207000-7fbf833fe000 rw-p 00000000 00:00 0 
7fbf833fe000-7fbf83400000 rw-p 0df12000 08:02 22169446                   /home/ubuntu/dev/workspace/koarf/.venv/lib/python3.10/site-packages/nvidia/cusparselt/lib/libcusparseLt.so.0
7fbf83400000-7fbf8cedd000 r-xp 00000000 08:02 22184589                   /home/ubuntu/dev/workspace/koarf/.venv/lib/python3.10/site-packages/nvidia/cu13/lib/libcusparse.so.12
7fbf8cedd000-7fbf8d0dd000 ---p 09add000 08:02 22184589                   /home/ubuntu/dev/workspace/koarf/.venv/lib/python3.10/site-packages/nvidia/cu13/lib/libcusparse.so.12
7fbf8d0dd000-7fbf8d0ec000 r--p 09add000 08:02 22184589                   /home/ubuntu/dev/workspace/koarf/.venv/lib/python3.10/site-packages/nvidia/cu13/lib/libcusparse.so.12
7fbf8d0ec000-7fbf8d108000 rw-p 09aec000 08:02 22184589                   /home/ubuntu/dev/workspace/koarf/.venv/lib/python3.10/site-packages/nvidia/cu13/lib/libcusparse.so.12
7fbf8d108000-7fbf8d12d000 rw-p 00000000 00:00 0 
7fbf8d12d000-7fbf8d12e000 r--p 00000000 08:02 8949888                    /usr/lib/x86_64-linux-gnu/libnss_mdns4_minimal.so.2
7fbf8d12e000-7fbf8d130000 r-xp 00001000 08:02 8949888                    /usr/lib/x86_64-linux-gnu/libnss_mdns4_minimal.so.2
7fbf8d130000-7fbf8d131000 r--p 00003000 08:02 8949888                    /usr/lib/x86_64-linux-gnu/libnss_mdns4_minimal.so.2
7fbf8d131000-7fbf8d132000 r--p 00003000 08:02 8949888                    /usr/lib/x86_64-linux-gnu/libnss_mdns4_minimal.so.2
7fbf8d132000-7fbf8d133000 rw-p 00004000 08:02 8949888                    /usr/lib/x86_64-linux-gnu/libnss_mdns4_minimal.so.2
7fbf8d133000-7fbf8d135000 r--p 00000000 08:02 22182949                   /home/ubuntu/dev/workspace/koarf/.venv/lib/python3.10/site-packages/scipy/spatial/_distance_wrap.cpython-310-x86_64-linux-gnu.so
7fbf8d135000-7fbf8d149000 r-xp 00002000 08:02 22182949                   /home/ubuntu/dev/workspace/koarf/.venv/lib/python3.10/site-packages/scipy/spatial/_distance_wrap.cpython-310-x86_64-linux-gnu.so
7fbf8d149000-7fbf8d14b000 r--p 00016000 08:02 22182949                   /home/ubuntu/dev/workspace/koarf/.venv/lib/python3.10/site-packages/scipy/spatial/_distance_wrap.cpython-310-x86_64-linux-gnu.so
7fbf8d14b000-7fbf8d14c000 ---p 00018000 08:02 22182949                   /home/ubuntu/dev/workspace/koarf/.venv/lib/python3.10/site-packages/scipy/spatial/_distance_wrap.cpython-310-x86_64-linux-gnu.so
7fbf8d14c000-7fbf8d14d000 r--p 00018000 08:02 22182949                   /home/ubuntu/dev/workspace/koarf/.venv/lib/python3.10/site-packages/scipy/spatial/_distance_wrap.cpython-310-x86_64-linux-gnu.so
7fbf8d14d000-7fbf8d14e000 rw-p 00019000 08:02 22182949                   /home/ubuntu/dev/workspace/koarf/.venv/lib/python3.10/site-packages/scipy/spatial/_distance_wrap.cpython-310-x86_64-linux-gnu.so
7fbf8d14e000-7fbf8d152000 r--p 00000000 08:02 22177256                   /home/ubuntu/dev/workspace/koarf/.venv/lib/python3.10/site-packages/numpy/random/_bounded_integers.cpython-310-x86_64-linux-gnu.so
7fbf8d152000-7fbf8d193000 r-xp 00004000 08:02 22177256                   /home/ubuntu/dev/workspace/koarf/.venv/lib/python3.10/site-packages/numpy/random/_bounded_integers.cpython-310-x86_64-linux-gnu.so
7fbf8d193000-7fbf8d19c000 r--p 00045000 08:02 22177256                   /home/ubuntu/dev/workspace/koarf/.venv/lib/python3.10/site-packages/numpy/random/_bounded_integers.cpython-310-x86_64-linux-gnu.so
7fbf8d19c000-7fbf8d19d000 r--p 0004d000 08:02 22177256                   /home/ubuntu/dev/workspace/koarf/.venv/lib/python3.10/site-packages/numpy/random/_bounded_integers.cpython-310-x86_64-linux-gnu.so
7fbf8d19d000-7fbf8d19e000 rw-p 0004e000 08:02 22177256                   /home/ubuntu/dev/workspace/koarf/.venv/lib/python3.10/site-packages/numpy/random/_bounded_integers.cpython-310-x86_64-linux-gnu.so
7fbf8d19e000-7fbf8d19f000 rw-p 00000000 00:00 0 
7fbf8d19f000-7fbf8d4bb000 r--p 00000000 08:02 22176320                   /home/ubuntu/dev/workspace/koarf/.venv/lib/python3.10/site-packages/nvidia/cu13/lib/libnvJitLink.so.13
7fbf8d4bb000-7fbf91e3d000 r-xp 0031c000 08:02 22176320                   /home/ubuntu/dev/workspace/koarf/.venv/lib/python3.10/site-packages/nvidia/cu13/lib/libnvJitLink.so.13
7fbf91e3d000-7fbf92b43000 r--p 04c9e000 08:02 22176320                   /home/ubuntu/dev/workspace/koarf/.venv/lib/python3.10/site-packages/nvidia/cu13/lib/libnvJitLink.so.13
7fbf92b43000-7fbf92c16000 r--p 059a3000 08:02 22176320                   /home/ubuntu/dev/workspace/koarf/.venv/lib/python3.10/site-packages/nvidia/cu13/lib/libnvJitLink.so.13
7fbf92c16000-7fbf92eee000 rw-p 05a76000 08:02 22176320                   /home/ubuntu/dev/workspace/koarf/.venv/lib/python3.10/site-packages/nvidia/cu13/lib/libnvJitLink.so.13
7fbf92eee000-7fbf93000000 rw-p 00000000 00:00 0 
7fbf93000000-7fbf99a5b000 r-xp 00000000 08:02 22176417                   /home/ubuntu/dev/workspace/koarf/.venv/lib/python3.10/site-packages/nvidia/cu13/lib/libcurand.so.10
7fbf99a5b000-7fbf99c5b000 ---p 06a5b000 08:02 22176417                   /home/ubuntu/dev/workspace/koarf/.venv/lib/python3.10/site-packages/nvidia/cu13/lib/libcurand.so.10
7fbf99c5b000-7fbf99c61000 r--p 06a5b000 08:02 22176417                   /home/ubuntu/dev/workspace/koarf/.venv/lib/python3.10/site-packages/nvidia/cu13/lib/libcurand.so.10
7fbf99c61000-7fbf9b08d000 rw-p 06a61000 08:02 22176417                   /home/ubuntu/dev/workspace/koarf/.venv/lib/python3.10/site-packages/nvidia/cu13/lib/libcurand.so.10
7fbf9b08d000-7fbf9b6c7000 rw-p 00000000 00:00 0 
7fbf9b6ca000-7fbf9b6cf000 r--p 00000000 08:02 22182938                   /home/ubuntu/dev/workspace/koarf/.venv/lib/python3.10/site-packages/scipy/spatial/_voronoi.cpython-310-x86_64-linux-gnu.so
7fbf9b6cf000-7fbf9b6f4000 r-xp 00005000 08:02 22182938                   /home/ubuntu/dev/workspace/koarf/.venv/lib/python3.10/site-packages/scipy/spatial/_voronoi.cpython-310-x86_64-linux-gnu.so
7fbf9b6f4000-7fbf9b6fb000 r--p 0002a000 08:02 22182938                   /home/ubuntu/dev/workspace/koarf/.venv/lib/python3.10/site-packages/scipy/spatial/_voronoi.cpython-310-x86_64-linux-gnu.so
7fbf9b6fb000-7fbf9b6fc000 ---p 00031000 08:02 22182938                   /home/ubuntu/dev/workspace/koarf/.venv/lib/python3.10/site-packages/scipy/spatial/_voronoi.cpython-310-x86_64-linux-gnu.so
7fbf9b6fc000-7fbf9b6fd000 r--p 00031000 08:02 22182938                   /home/ubuntu/dev/workspace/koarf/.venv/lib/python3.10/site-packages/scipy/spatial/_voronoi.cpython-310-x86_64-linux-gnu.so
7fbf9b6fd000-7fbf9b6ff000 rw-p 00032000 08:02 22182938                   /home/ubuntu/dev/workspace/koarf/.venv/lib/python3.10/site-packages/scipy/spatial/_voronoi.cpython-310-x86_64-linux-gnu.so
7fbf9b6ff000-7fbf9b800000 rw-p 00000000 00:00 0 
7fbf9b800000-7fbf9bd92000 r-xp 00000000 08:02 22184602                   /home/ubuntu/dev/workspace/koarf/.venv/lib/python3.10/site-packages/nvidia/cu13/lib/libcufft.so.12
7fbf9bd92000-7fbf9bf91000 ---p 00592000 08:02 22184602                   /home/ubuntu/dev/workspace/koarf/.venv/lib/python3.10/site-packages/nvidia/cu13/lib/libcufft.so.12
7fbf9bf91000-7fbf9bf9b000 r--p 00591000 08:02 22184602                   /home/ubuntu/dev/workspace/koarf/.venv/lib/python3.10/site-packages/nvidia/cu13/lib/libcufft.so.12
7fbf9bf9b000-7fbf9bf9c000 rw-p 0059b000 08:02 22184602                   /home/ubuntu/dev/workspace/koarf/.venv/lib/python3.10/site-packages/nvidia/cu13/lib/libcufft.so.12
7fbf9bf9c000-7fbf9c314000 rw-p 00000000 00:00 0 
7fbf9c314000-7fbf9c513000 ---p 00b14000 08:02 22184602                   /home/ubuntu/dev/workspace/koarf/.venv/lib/python3.10/site-packages/nvidia/cu13/lib/libcufft.so.12
7fbf9c513000-7fbf9c61e000 r--p 00713000 08:02 22184602                   /home/ubuntu/dev/workspace/koarf/.venv/lib/python3.10/site-packages/nvidia/cu13/lib/libcufft.so.12
7fbf9c61e000-7fbf9c81d000 ---p 00e1e000 08:02 22184602                   /home/ubuntu/dev/workspace/koarf/.venv/lib/python3.10/site-packages/nvidia/cu13/lib/libcufft.so.12
7fbf9c81d000-7fbfad144000 rw-p 0081d000 08:02 22184602                   /home/ubuntu/dev/workspace/koarf/.venv/lib/python3.10/site-packages/nvidia/cu13/lib/libcufft.so.12
7fbfad145000-7fbfad147000 r--p 00000000 08:02 22827785                   /home/ubuntu/dev/workspace/koarf/.venv/lib/python3.10/site-packages/pandas/_libs/pandas_parser.cpython-310-x86_64-linux-gnu.so
7fbfad147000-7fbfad14d000 r-xp 00002000 08:02 22827785                   /home/ubuntu/dev/workspace/koarf/.venv/lib/python3.10/site-packages/pandas/_libs/pandas_parser.cpython-310-x86_64-linux-gnu.so
7fbfad14d000-7fbfad14f000 r--p 00008000 08:02 22827785                   /home/ubuntu/dev/workspace/koarf/.venv/lib/python3.10/site-packages/pandas/_libs/pandas_parser.cpython-310-x86_64-linux-gnu.so
7fbfad14f000-7fbfad150000 r--p 00009000 08:02 22827785                   /home/ubuntu/dev/workspace/koarf/.venv/lib/python3.10/site-packages/pandas/_libs/pandas_parser.cpython-310-x86_64-linux-gnu.so
7fbfad150000-7fbfad151000 rw-p 0000a000 08:02 22827785                   /home/ubuntu/dev/workspace/koarf/.venv/lib/python3.10/site-packages/pandas/_libs/pandas_parser.cpython-310-x86_64-linux-gnu.so
7fbfad151000-7fbfad15a000 r--p 00000000 08:02 22177268                   /home/ubuntu/dev/workspace/koarf/.venv/lib/python3.10/site-packages/numpy/random/mtrand.cpython-310-x86_64-linux-gnu.so
7fbfad15a000-7fbfad1aa000 r-xp 00009000 08:02 22177268                   /home/ubuntu/dev/workspace/koarf/.venv/lib/python3.10/site-packages/numpy/random/mtrand.cpython-310-x86_64-linux-gnu.so
7fbfad1aa000-7fbfad1fd000 r--p 00059000 08:02 22177268                   /home/ubuntu/dev/workspace/koarf/.venv/lib/python3.10/site-packages/numpy/random/mtrand.cpython-310-x86_64-linux-gnu.so
7fbfad1fd000-7fbfad200000 r--p 000ab000 08:02 22177268                   /home/ubuntu/dev/workspace/koarf/.venv/lib/python3.10/site-packages/numpy/random/mtrand.cpython-310-x86_64-linux-gnu.so
7fbfad200000-7fbfad202000 rw-p 000ae000 08:02 22177268                   /home/ubuntu/dev/workspace/koarf/.venv/lib/python3.10/site-packages/numpy/random/mtrand.cpython-310-x86_64-linux-gnu.so
7fbfad202000-7fbfad304000 rw-p 00000000 00:00 0 
7fbfad304000-7fbfad34d000 r--p 00000000 08:02 22176594                   /home/ubuntu/dev/workspace/koarf/.venv/lib/python3.10/site-packages/nvidia/cu13/lib/libcupti.so.13
7fbfad34d000-7fbfad5a7000 r-xp 00049000 08:02 22176594                   /home/ubuntu/dev/workspace/koarf/.venv/lib/python3.10/site-packages/nvidia/cu13/lib/libcupti.so.13
7fbfad5a7000-7fbfad697000 r--p 002a3000 08:02 22176594                   /home/ubuntu/dev/workspace/koarf/.venv/lib/python3.10/site-packages/nvidia/cu13/lib/libcupti.so.13
7fbfad697000-7fbfad6ad000 r--p 00393000 08:02 22176594                   /home/ubuntu/dev/workspace/koarf/.venv/lib/python3.10/site-packages/nvidia/cu13/lib/libcupti.so.13
7fbfad6ad000-7fbfad6fa000 rw-p 003a9000 08:02 22176594                   /home/ubuntu/dev/workspace/koarf/.venv/lib/python3.10/site-packages/nvidia/cu13/lib/libcupti.so.13
7fbfad6fa000-7fbfad800000 rw-p 00000000 00:00 0 
7fbfad800000-7fbfadc2d000 r-xp 00000000 08:02 22176543                   /home/ubuntu/dev/workspace/koarf/.venv/lib/python3.10/site-packages/nvidia/cu13/lib/libnvrtc-builtins.so.13.0
7fbfadc2d000-7fbfade2c000 ---p 0042d000 08:02 22176543                   /home/ubuntu/dev/workspace/koarf/.venv/lib/python3.10/site-packages/nvidia/cu13/lib/libnvrtc-builtins.so.13.0
7fbfade2c000-7fbfade2d000 r--p 0042c000 08:02 22176543                   /home/ubuntu/dev/workspace/koarf/.venv/lib/python3.10/site-packages/nvidia/cu13/lib/libnvrtc-builtins.so.13.0
7fbfade2d000-7fbfade2e000 rw-p 0042d000 08:02 22176543                   /home/ubuntu/dev/workspace/koarf/.venv/lib/python3.10/site-packages/nvidia/cu13/lib/libnvrtc-builtins.so.13.0
7fbfade32000-7fbfade35000 r--p 00000000 08:02 22182778                   /home/ubuntu/dev/workspace/koarf/.venv/lib/python3.10/site-packages/scipy/stats/_levy_stable/levyst.cpython-310-x86_64-linux-gnu.so
7fbfade35000-7fbfade3c000 r-xp 00003000 08:02 22182778                   /home/ubuntu/dev/workspace/koarf/.venv/lib/python3.10/site-packages/scipy/stats/_levy_stable/levyst.cpython-310-x86_64-linux-gnu.so
7fbfade3c000-7fbfade3e000 r--p 0000a000 08:02 22182778                   /home/ubuntu/dev/workspace/koarf/.venv/lib/python3.10/site-packages/scipy/stats/_levy_stable/levyst.cpython-310-x86_64-linux-gnu.so
7fbfade3e000-7fbfade3f000 r--p 0000b000 08:02 22182778                   /home/ubuntu/dev/workspace/koarf/.venv/lib/python3.10/site-packages/scipy/stats/_levy_stable/levyst.cpython-310-x86_64-linux-gnu.so
7fbfade3f000-7fbfade40000 rw-p 0000c000 08:02 22182778                   /home/ubuntu/dev/workspace/koarf/.venv/lib/python3.10/site-packages/scipy/stats/_levy_stable/levyst.cpython-310-x86_64-linux-gnu.so
7fbfade40000-7fbfae2e5000 r--p 00000000 08:02 22176545                   /home/ubuntu/dev/workspace/koarf/.venv/lib/python3.10/site-packages/nvidia/cu13/lib/libnvrtc.so.13
7fbfae2e5000-7fbfb2dac000 r-xp 004a5000 08:02 22176545                   /home/ubuntu/dev/workspace/koarf/.venv/lib/python3.10/site-packages/nvidia/cu13/lib/libnvrtc.so.13
7fbfb2dac000-7fbfb3b78000 r--p 04f6c000 08:02 22176545                   /home/ubuntu/dev/workspace/koarf/.venv/lib/python3.10/site-packages/nvidia/cu13/lib/libnvrtc.so.13
7fbfb3b78000-7fbfb3b79000 ---p 05d38000 08:02 22176545                   /home/ubuntu/dev/workspace/koarf/.venv/lib/python3.10/site-packages/nvidia/cu13/lib/libnvrtc.so.13
7fbfb3b79000-7fbfb444c000 r--p 05d38000 08:02 22176545                   /home/ubuntu/dev/workspace/koarf/.venv/lib/python3.10/site-packages/nvidia/cu13/lib/libnvrtc.so.13
7fbfb444c000-7fbfb4687000 rw-p 0660b000 08:02 22176545                   /home/ubuntu/dev/workspace/koarf/.venv/lib/python3.10/site-packages/nvidia/cu13/lib/libnvrtc.so.13
7fbfb4687000-7fbfb4a00000 rw-p 00000000 00:00 0 
7fbfb4a00000-7fbfb4a1f000 r-xp 00000000 08:02 22285341                   /home/ubuntu/dev/workspace/koarf/.venv/lib/python3.10/site-packages/nvidia/cudnn/lib/libcudnn.so.9
7fbfb4a1f000-7fbfb4c1e000 ---p 0001f000 08:02 22285341                   /home/ubuntu/dev/workspace/koarf/.venv/lib/python3.10/site-packages/nvidia/cudnn/lib/libcudnn.so.9
7fbfb4c1e000-7fbfb4c1f000 r--p 0001e000 08:02 22285341                   /home/ubuntu/dev/workspace/koarf/.venv/lib/python3.10/site-packages/nvidia/cudnn/lib/libcudnn.so.9
7fbfb4c1f000-7fbfb4c20000 rw-p 0001f000 08:02 22285341                   /home/ubuntu/dev/workspace/koarf/.venv/lib/python3.10/site-packages/nvidia/cudnn/lib/libcudnn.so.9
7fbfb4c20000-7fbfb4c22000 r--p 00000000 08:02 22282874                   /home/ubuntu/dev/workspace/koarf/.venv/lib/python3.10/site-packages/sklearn/utils/_heap.cpython-310-x86_64-linux-gnu.so
7fbfb4c22000-7fbfb4c23000 r-xp 00002000 08:02 22282874                   /home/ubuntu/dev/workspace/koarf/.venv/lib/python3.10/site-packages/sklearn/utils/_heap.cpython-310-x86_64-linux-gnu.so
7fbfb4c23000-7fbfb4c24000 r--p 00003000 08:02 22282874                   /home/ubuntu/dev/workspace/koarf/.venv/lib/python3.10/site-packages/sklearn/utils/_heap.cpython-310-x86_64-linux-gnu.so
7fbfb4c24000-7fbfb4c25000 r--p 00003000 08:02 22282874                   /home/ubuntu/dev/workspace/koarf/.venv/lib/python3.10/site-packages/sklearn/utils/_heap.cpython-310-x86_64-linux-gnu.so
7fbfb4c25000-7fbfb4c26000 rw-p 00004000 08:02 22282874                   /home/ubuntu/dev/workspace/koarf/.venv/lib/python3.10/site-packages/sklearn/utils/_heap.cpython-310-x86_64-linux-gnu.so
7fbfb4c26000-7fbfb4c27000 r--p 00000000 08:02 22181564                   /home/ubuntu/dev/workspace/koarf/.venv/lib/python3.10/site-packages/scipy/optimize/_direct.cpython-310-x86_64-linux-gnu.so
7fbfb4c27000-7fbfb4c2d000 r-xp 00001000 08:02 22181564                   /home/ubuntu/dev/workspace/koarf/.venv/lib/python3.10/site-packages/scipy/optimize/_direct.cpython-310-x86_64-linux-gnu.so
7fbfb4c2d000-7fbfb4c2f000 r--p 00007000 08:02 22181564                   /home/ubuntu/dev/workspace/koarf/.venv/lib/python3.10/site-packages/scipy/optimize/_direct.cpython-310-x86_64-linux-gnu.so
7fbfb4c2f000-7fbfb4c30000 r--p 00008000 08:02 22181564                   /home/ubuntu/dev/workspace/koarf/.venv/lib/python3.10/site-packages/scipy/optimize/_direct.cpython-310-x86_64-linux-gnu.so
7fbfb4c30000-7fbfb4c31000 rw-p 00009000 08:02 22181564                   /home/ubuntu/dev/workspace/koarf/.venv/lib/python3.10/site-packages/scipy/optimize/_direct.cpython-310-x86_64-linux-gnu.so
7fbfb4c31000-7fbfb4c34000 r--p 00000000 08:02 22181851                   /home/ubuntu/dev/workspace/koarf/.venv/lib/python3.10/site-packages/scipy/special/_ellip_harm_2.cpython-310-x86_64-linux-gnu.so
7fbfb4c34000-7fbfb4c48000 r-xp 00003000 08:02 22181851                   /home/ubuntu/dev/workspace/koarf/.venv/lib/python3.10/site-packages/scipy/special/_ellip_harm_2.cpython-310-x86_64-linux-gnu.so
7fbfb4c48000-7fbfb4c4b000 r--p 00017000 08:02 22181851                   /home/ubuntu/dev/workspace/koarf/.venv/lib/python3.10/site-packages/scipy/special/_ellip_harm_2.cpython-310-x86_64-linux-gnu.so
7fbfb4c4b000-7fbfb4c4c000 r--p 00019000 08:02 22181851                   /home/ubuntu/dev/workspace/koarf/.venv/lib/python3.10/site-packages/scipy/special/_ellip_harm_2.cpython-310-x86_64-linux-gnu.so
7fbfb4c4c000-7fbfb4c4d000 rw-p 0001a000 08:02 22181851                   /home/ubuntu/dev/workspace/koarf/.venv/lib/python3.10/site-packages/scipy/special/_ellip_harm_2.cpython-310-x86_64-linux-gnu.so
7fbfb4c4d000-7fbfb4c50000 rw-p 0001f000 08:02 22181851                   /home/ubuntu/dev/workspace/koarf/.venv/lib/python3.10/site-packages/scipy/special/_ellip_harm_2.cpython-310-x86_64-linux-gnu.so
7fbfb4c50000-7fbfb4c54000 r--p 00000000 08:02 22177260                   /home/ubuntu/dev/workspace/koarf/.venv/lib/python3.10/site-packages/numpy/random/_common.cpython-310-x86_64-linux-gnu.so
7fbfb4c54000-7fbfb4c80000 r-xp 00004000 08:02 22177260                   /home/ubuntu/dev/workspace/koarf/.venv/lib/python3.10/site-packages/numpy/random/_common.cpython-310-x86_64-linux-gnu.so
7fbfb4c80000-7fbfb4c84000 r--p 00030000 08:02 22177260                   /home/ubuntu/dev/workspace/koarf/.venv/lib/python3.10/site-packages/numpy/random/_common.cpython-310-x86_64-linux-gnu.so
7fbfb4c84000-7fbfb4c85000 ---p 00034000 08:02 22177260                   /home/ubuntu/dev/workspace/koarf/.venv/lib/python3.10/site-packages/numpy/random/_common.cpython-310-x86_64-linux-gnu.so
7fbfb4c85000-7fbfb4c86000 r--p 00034000 08:02 22177260                   /home/ubuntu/dev/workspace/koarf/.venv/lib/python3.10/site-packages/numpy/random/_common.cpython-310-x86_64-linux-gnu.so
7fbfb4c86000-7fbfb4c87000 rw-p 00035000 08:02 22177260                   /home/ubuntu/dev/workspace/koarf/.venv/lib/python3.10/site-packages/numpy/random/_common.cpython-310-x86_64-linux-gnu.so
7fbfb4c87000-7fbfb4c88000 rw-p 00000000 00:00 0 
7fbfb4c88000-7fbfb4c8e000 r--p 00000000 08:02 22185580                   /home/ubuntu/dev/workspace/koarf/.venv/lib/python3.10/site-packages/cuda/bindings/_bindings/cydriver.cpython-310-x86_64-linux-gnu.so
7fbfb4c8e000-7fbfb4cde000 r-xp 00006000 08:02 22185580                   /home/ubuntu/dev/workspace/koarf/.venv/lib/python3.10/site-packages/cuda/bindings/_bindings/cydriver.cpython-310-x86_64-linux-gnu.so
7fbfb4cde000-7fbfb4cfa000 r--p 00056000 08:02 22185580                   /home/ubuntu/dev/workspace/koarf/.venv/lib/python3.10/site-packages/cuda/bindings/_bindings/cydriver.cpython-310-x86_64-linux-gnu.so
7fbfb4cfa000-7fbfb4cfb000 r--p 00072000 08:02 22185580                   /home/ubuntu/dev/workspace/koarf/.venv/lib/python3.10/site-packages/cuda/bindings/_bindings/cydriver.cpython-310-x86_64-linux-gnu.so
7fbfb4cfb000-7fbfb4cfd000 rw-p 00073000 08:02 22185580                   /home/ubuntu/dev/workspace/koarf/.venv/lib/python3.10/site-packages/cuda/bindings/_bindings/cydriver.cpython-310-x86_64-linux-gnu.so
7fbfb4cfd000-7fbfb4e00000 rw-p 00000000 00:00 0 
7fbfb4e00000-7fbfb8198000 r-xp 00000000 08:02 22184618                   /home/ubuntu/dev/workspace/koarf/.venv/lib/python3.10/site-packages/nvidia/cu13/lib/libcublas.so.13
7fbfb8198000-7fbfb8398000 ---p 03398000 08:02 22184618                   /home/ubuntu/dev/workspace/koarf/.venv/lib/python3.10/site-packages/nvidia/cu13/lib/libcublas.so.13
7fbfb8398000-7fbfb83a4000 r--p 03398000 08:02 22184618                   /home/ubuntu/dev/workspace/koarf/.venv/lib/python3.10/site-packages/nvidia/cu13/lib/libcublas.so.13
7fbfb83a4000-7fbfb83ab000 rw-p 033a4000 08:02 22184618                   /home/ubuntu/dev/workspace/koarf/.venv/lib/python3.10/site-packages/nvidia/cu13/lib/libcublas.so.13
7fbfb83ab000-7fbfb83cf000 rw-p 00000000 00:00 0 
7fbfb83cf000-7fbfb83d2000 r--p 00000000 08:02 22182235                   /home/ubuntu/dev/workspace/koarf/.venv/lib/python3.10/site-packages/scipy/sparse/csgraph/_tools.cpython-310-x86_64-linux-gnu.so
7fbfb83d2000-7fbfb83f3000 r-xp 00003000 08:02 22182235                   /home/ubuntu/dev/workspace/koarf/.venv/lib/python3.10/site-packages/scipy/sparse/csgraph/_tools.cpython-310-x86_64-linux-gnu.so
7fbfb83f3000-7fbfb83fd000 r--p 00024000 08:02 22182235                   /home/ubuntu/dev/workspace/koarf/.venv/lib/python3.10/site-packages/scipy/sparse/csgraph/_tools.cpython-310-x86_64-linux-gnu.so
7fbfb83fd000-7fbfb83fe000 r--p 0002d000 08:02 22182235                   /home/ubuntu/dev/workspace/koarf/.venv/lib/python3.10/site-packages/scipy/sparse/csgraph/_tools.cpython-310-x86_64-linux-gnu.so
7fbfb83fe000-7fbfb83ff000 rw-p 0002e000 08:02 22182235                   /home/ubuntu/dev/workspace/koarf/.venv/lib/python3.10/site-packages/scipy/sparse/csgraph/_tools.cpython-310-x86_64-linux-gnu.so
7fbfb83ff000-7fbfb8400000 rw-p 00000000 00:00 0 
7fbfb8400000-7fbfd18ea000 r-xp 00000000 08:02 22184619                   /home/ubuntu/dev/workspace/koarf/.venv/lib/python3.10/site-packages/nvidia/cu13/lib/libcublasLt.so.13
7fbfd18ea000-7fbfd1aea000 ---p 194ea000 08:02 22184619                   /home/ubuntu/dev/workspace/koarf/.venv/lib/python3.10/site-packages/nvidia/cu13/lib/libcublasLt.so.13
7fbfd1aea000-7fbfd1dd7000 r--p 194ea000 08:02 22184619                   /home/ubuntu/dev/workspace/koarf/.venv/lib/python3.10/site-packages/nvidia/cu13/lib/libcublasLt.so.13
7fbfd1dd7000-7fbfd242b000 rw-p 197d7000 08:02 22184619                   /home/ubuntu/dev/workspace/koarf/.venv/lib/python3.10/site-packages/nvidia/cu13/lib/libcublasLt.so.13
7fbfd242b000-7fbfd7866000 rw-p 00000000 00:00 0 
7fbfd7866000-7fbfd7a65000 ---p 1f466000 08:02 22184619                   /home/ubuntu/dev/workspace/koarf/.venv/lib/python3.10/site-packages/nvidia/cu13/lib/libcublasLt.so.13
7fbfd7a65000-7fbfd84b9000 r--p 19e65000 08:02 22184619                   /home/ubuntu/dev/workspace/koarf/.venv/lib/python3.10/site-packages/nvidia/cu13/lib/libcublasLt.so.13
7fbfd84b9000-7fbfd86b8000 ---p 200b9000 08:02 22184619                   /home/ubuntu/dev/workspace/koarf/.venv/lib/python3.10/site-packages/nvidia/cu13/lib/libcublasLt.so.13
7fbfd86b8000-7fbfde284000 rw-p 1a8b8000 08:02 22184619                   /home/ubuntu/dev/workspace/koarf/.venv/lib/python3.10/site-packages/nvidia/cu13/lib/libcublasLt.so.13
7fbfde284000-7fbfde285000 r--p 00000000 08:02 22182151                   /home/ubuntu/dev/workspace/koarf/.venv/lib/python3.10/site-packages/scipy/ndimage/_rank_filter_1d.cpython-310-x86_64-linux-gnu.so
7fbfde285000-7fbfde288000 r-xp 00001000 08:02 22182151                   /home/ubuntu/dev/workspace/koarf/.venv/lib/python3.10/site-packages/scipy/ndimage/_rank_filter_1d.cpython-310-x86_64-linux-gnu.so
7fbfde288000-7fbfde289000 r--p 00004000 08:02 22182151                   /home/ubuntu/dev/workspace/koarf/.venv/lib/python3.10/site-packages/scipy/ndimage/_rank_filter_1d.cpython-310-x86_64-linux-gnu.so
7fbfde289000-7fbfde28a000 r--p 00004000 08:02 22182151                   /home/ubuntu/dev/workspace/koarf/.venv/lib/python3.10/site-packages/scipy/ndimage/_rank_filter_1d.cpython-310-x86_64-linux-gnu.so
7fbfde28a000-7fbfde28b000 rw-p 00005000 08:02 22182151                   /home/ubuntu/dev/workspace/koarf/.venv/lib/python3.10/site-packages/scipy/ndimage/_rank_filter_1d.cpython-310-x86_64-linux-gnu.so
7fbfde28b000-7fbfde28e000 r--p 00000000 08:02 22182042                   /home/ubuntu/dev/workspace/koarf/.venv/lib/python3.10/site-packages/scipy/_lib/messagestream.cpython-310-x86_64-linux-gnu.so
7fbfde28e000-7fbfde298000 r-xp 00003000 08:02 22182042                   /home/ubuntu/dev/workspace/koarf/.venv/lib/python3.10/site-packages/scipy/_lib/messagestream.cpython-310-x86_64-linux-gnu.so
7fbfde298000-7fbfde29b000 r--p 0000d000 08:02 22182042                   /home/ubuntu/dev/workspace/koarf/.venv/lib/python3.10/site-packages/scipy/_lib/messagestream.cpython-310-x86_64-linux-gnu.so
7fbfde29b000-7fbfde29c000 r--p 0000f000 08:02 22182042                   /home/ubuntu/dev/workspace/koarf/.venv/lib/python3.10/site-packages/scipy/_lib/messagestream.cpython-310-x86_64-linux-gnu.so
7fbfde29c000-7fbfde29d000 rw-p 00010000 08:02 22182042                   /home/ubuntu/dev/workspace/koarf/.venv/lib/python3.10/site-packages/scipy/_lib/messagestream.cpython-310-x86_64-linux-gnu.so
7fbfde29d000-7fbfde2a0000 r--p 00000000 08:02 22181788                   /home/ubuntu/dev/workspace/koarf/.venv/lib/python3.10/site-packages/scipy/linalg/_linalg_pythran.cpython-310-x86_64-linux-gnu.so
7fbfde2a0000-7fbfde2b4000 r-xp 00003000 08:02 22181788                   /home/ubuntu/dev/workspace/koarf/.venv/lib/python3.10/site-packages/scipy/linalg/_linalg_pythran.cpython-310-x86_64-linux-gnu.so
7fbfde2b4000-7fbfde2b8000 r--p 00017000 08:02 22181788                   /home/ubuntu/dev/workspace/koarf/.venv/lib/python3.10/site-packages/scipy/linalg/_linalg_pythran.cpython-310-x86_64-linux-gnu.so
7fbfde2b8000-7fbfde2b9000 r--p 0001a000 08:02 22181788                   /home/ubuntu/dev/workspace/koarf/.venv/lib/python3.10/site-packages/scipy/linalg/_linalg_pythran.cpython-310-x86_64-linux-gnu.so
7fbfde2b9000-7fbfde2ba000 rw-p 0001b000 08:02 22181788                   /home/ubuntu/dev/workspace/koarf/.venv/lib/python3.10/site-packages/scipy/linalg/_linalg_pythran.cpython-310-x86_64-linux-gnu.so
7fbfde2ba000-7fbfde2e8000 r--p 00000000 08:02 22297897                   /home/ubuntu/dev/workspace/koarf/.venv/lib/python3.10/site-packages/torch/lib/libc10.so
7fbfde2e8000-7fbfde3a5000 r-xp 0002e000 08:02 22297897                   /home/ubuntu/dev/workspace/koarf/.venv/lib/python3.10/site-packages/torch/lib/libc10.so
7fbfde3a5000-7fbfde3dc000 r--p 000eb000 08:02 22297897                   /home/ubuntu/dev/workspace/koarf/.venv/lib/python3.10/site-packages/torch/lib/libc10.so
7fbfde3dc000-7fbfde3df000 r--p 00122000 08:02 22297897                   /home/ubuntu/dev/workspace/koarf/.venv/lib/python3.10/site-packages/torch/lib/libc10.so
7fbfde3df000-7fbfde3e6000 rw-p 00125000 08:02 22297897                   /home/ubuntu/dev/workspace/koarf/.venv/lib/python3.10/site-packages/torch/lib/libc10.so
7fbfde3e6000-7fbfde3e8000 rw-p 00000000 00:00 0 
7fbfde3e8000-7fbfde400000 rw-p 00175000 08:02 22297897                   /home/ubuntu/dev/workspace/koarf/.venv/lib/python3.10/site-packages/torch/lib/libc10.so
7fbfde400000-7fbfde437000 r-xp 00000000 08:02 22297900                   /home/ubuntu/dev/workspace/koarf/.venv/lib/python3.10/site-packages/torch/lib/libgomp.so.1
7fbfde437000-7fbfde636000 ---p 00037000 08:02 22297900                   /home/ubuntu/dev/workspace/koarf/.venv/lib/python3.10/site-packages/torch/lib/libgomp.so.1
7fbfde636000-7fbfde637000 r--p 00036000 08:02 22297900                   /home/ubuntu/dev/workspace/koarf/.venv/lib/python3.10/site-packages/torch/lib/libgomp.so.1
7fbfde637000-7fbfde638000 rw-p 00037000 08:02 22297900                   /home/ubuntu/dev/workspace/koarf/.venv/lib/python3.10/site-packages/torch/lib/libgomp.so.1
7fbfde638000-7fbfde63d000 rw-p 0003a000 08:02 22297900                   /home/ubuntu/dev/workspace/koarf/.venv/lib/python3.10/site-packages/torch/lib/libgomp.so.1
7fbfde642000-7fbfde646000 r--p 00000000 08:02 22177272                   /home/ubuntu/dev/workspace/koarf/.venv/lib/python3.10/site-packages/numpy/random/_pcg64.cpython-310-x86_64-linux-gnu.so
7fbfde646000-7fbfde657000 r-xp 00004000 08:02 22177272                   /home/ubuntu/dev/workspace/koarf/.venv/lib/python3.10/site-packages/numpy/random/_pcg64.cpython-310-x86_64-linux-gnu.so
7fbfde657000-7fbfde65d000 r--p 00015000 08:02 22177272                   /home/ubuntu/dev/workspace/koarf/.venv/lib/python3.10/site-packages/numpy/random/_pcg64.cpython-310-x86_64-linux-gnu.so
7fbfde65d000-7fbfde65e000 r--p 0001a000 08:02 22177272                   /home/ubuntu/dev/workspace/koarf/.venv/lib/python3.10/site-packages/numpy/random/_pcg64.cpython-310-x86_64-linux-gnu.so
7fbfde65e000-7fbfde65f000 rw-p 0001b000 08:02 22177272                   /home/ubuntu/dev/workspace/koarf/.venv/lib/python3.10/site-packages/numpy/random/_pcg64.cpython-310-x86_64-linux-gnu.so
7fbfde65f000-7fbfde760000 rw-p 00000000 00:00 0 
7fbfde760000-7fbfde76a000 r--p 00000000 08:02 22297898                   /home/ubuntu/dev/workspace/koarf/.venv/lib/python3.10/site-packages/torch/lib/libc10_cuda.so
7fbfde76a000-7fbfde7be000 r-xp 0000a000 08:02 22297898                   /home/ubuntu/dev/workspace/koarf/.venv/lib/python3.10/site-packages/torch/lib/libc10_cuda.so
7fbfde7be000-7fbfde7d4000 r--p 0005e000 08:02 22297898                   /home/ubuntu/dev/workspace/koarf/.venv/lib/python3.10/site-packages/torch/lib/libc10_cuda.so
7fbfde7d4000-7fbfde7d5000 r--p 00074000 08:02 22297898                   /home/ubuntu/dev/workspace/koarf/.venv/lib/python3.10/site-packages/torch/lib/libc10_cuda.so
7fbfde7d5000-7fbfde7d6000 rw-p 00075000 08:02 22297898                   /home/ubuntu/dev/workspace/koarf/.venv/lib/python3.10/site-packages/torch/lib/libc10_cuda.so
7fbfde7d6000-7fbfde7fc000 rw-p 00000000 00:00 0 
7fbfde7fc000-7fbfde800000 rw-p 00097000 08:02 22297898                   /home/ubuntu/dev/workspace/koarf/.venv/lib/python3.10/site-packages/torch/lib/libc10_cuda.so
7fbfde800000-7fbfde8a6000 r-xp 00000000 08:02 22176531                   /home/ubuntu/dev/workspace/koarf/.venv/lib/python3.10/site-packages/nvidia/cu13/lib/libcudart.so.13
7fbfde8a6000-7fbfdeaa6000 ---p 000a6000 08:02 22176531                   /home/ubuntu/dev/workspace/koarf/.venv/lib/python3.10/site-packages/nvidia/cu13/lib/libcudart.so.13
7fbfdeaa6000-7fbfdeaab000 r--p 000a6000 08:02 22176531                   /home/ubuntu/dev/workspace/koarf/.venv/lib/python3.10/site-packages/nvidia/cu13/lib/libcudart.so.13
7fbfdeaab000-7fbfdeaac000 rw-p 000ab000 08:02 22176531                   /home/ubuntu/dev/workspace/koarf/.venv/lib/python3.10/site-packages/nvidia/cu13/lib/libcudart.so.13
7fbfdeaac000-7fbfdeaae000 rw-p 00000000 00:00 0 
7fbfdeab2000-7fbfdeab3000 r--p 00000000 08:02 22181563                   /home/ubuntu/dev/workspace/koarf/.venv/lib/python3.10/site-packages/scipy/optimize/_lsap.cpython-310-x86_64-linux-gnu.so
7fbfdeab3000-7fbfdeab5000 r-xp 00001000 08:02 22181563                   /home/ubuntu/dev/workspace/koarf/.venv/lib/python3.10/site-packages/scipy/optimize/_lsap.cpython-310-x86_64-linux-gnu.so
7fbfdeab5000-7fbfdeab7000 r--p 00003000 08:02 22181563                   /home/ubuntu/dev/workspace/koarf/.venv/lib/python3.10/site-packages/scipy/optimize/_lsap.cpython-310-x86_64-linux-gnu.so
7fbfdeab7000-7fbfdeab8000 r--p 00004000 08:02 22181563                   /home/ubuntu/dev/workspace/koarf/.venv/lib/python3.10/site-packages/scipy/optimize/_lsap.cpython-310-x86_64-linux-gnu.so
7fbfdeab8000-7fbfdeab9000 rw-p 00005000 08:02 22181563                   /home/ubuntu/dev/workspace/koarf/.venv/lib/python3.10/site-packages/scipy/optimize/_lsap.cpython-310-x86_64-linux-gnu.so
7fbfdeab9000-7fbfdeaba000 r--p 00000000 08:02 22181561                   /home/ubuntu/dev/workspace/koarf/.venv/lib/python3.10/site-packages/scipy/optimize/_zeros.cpython-310-x86_64-linux-gnu.so
7fbfdeaba000-7fbfdeabc000 r-xp 00001000 08:02 22181561                   /home/ubuntu/dev/workspace/koarf/.venv/lib/python3.10/site-packages/scipy/optimize/_zeros.cpython-310-x86_64-linux-gnu.so
7fbfdeabc000-7fbfdeabd000 r--p 00003000 08:02 22181561                   /home/ubuntu/dev/workspace/koarf/.venv/lib/python3.10/site-packages/scipy/optimize/_zeros.cpython-310-x86_64-linux-gnu.so
7fbfdeabd000-7fbfdeabe000 r--p 00003000 08:02 22181561                   /home/ubuntu/dev/workspace/koarf/.venv/lib/python3.10/site-packages/scipy/optimize/_zeros.cpython-310-x86_64-linux-gnu.so
7fbfdeabe000-7fbfdeabf000 rw-p 00004000 08:02 22181561                   /home/ubuntu/dev/workspace/koarf/.venv/lib/python3.10/site-packages/scipy/optimize/_zeros.cpython-310-x86_64-linux-gnu.so
7fbfdeabf000-7fbfdebbf000 rw-p 00000000 00:00 0 
7fbfdebbf000-7fbfdee28000 r--p 00000000 08:02 22701925                   /home/ubuntu/dev/workspace/koarf/.venv/lib/python3.10/site-packages/tokenizers/tokenizers.abi3.so
7fbfdee28000-7fbfdf277000 r-xp 00268000 08:02 22701925                   /home/ubuntu/dev/workspace/koarf/.venv/lib/python3.10/site-packages/tokenizers/tokenizers.abi3.so
7fbfdf277000-7fbfdf2f7000 r--p 006b6000 08:02 22701925                   /home/ubuntu/dev/workspace/koarf/.venv/lib/python3.10/site-packages/tokenizers/tokenizers.abi3.so
7fbfdf2f7000-7fbfdf2ff000 rw-p 00735000 08:02 22701925                   /home/ubuntu/dev/workspace/koarf/.venv/lib/python3.10/site-packages/tokenizers/tokenizers.abi3.so
7fbfdf2ff000-7fbfdfa00000 rw-p 00000000 00:00 0 
7fbfdfa00000-7fbfdfa03000 r-xp 00000000 08:02 22806645                   /home/ubuntu/dev/workspace/koarf/.venv/lib/python3.10/site-packages/pillow.libs/libXau-154567c4.so.6.0.0
7fbfdfa03000-7fbfdfc02000 ---p 00003000 08:02 22806645                   /home/ubuntu/dev/workspace/koarf/.venv/lib/python3.10/site-packages/pillow.libs/libXau-154567c4.so.6.0.0
7fbfdfc02000-7fbfdfc03000 r--p 00002000 08:02 22806645                   /home/ubuntu/dev/workspace/koarf/.venv/lib/python3.10/site-packages/pillow.libs/libXau-154567c4.so.6.0.0
7fbfdfc03000-7fbfdfc04000 rw-p 00000000 00:00 0 
7fbfdfc04000-7fbfdfc05000 rw-p 00005000 08:02 22806645                   /home/ubuntu/dev/workspace/koarf/.venv/lib/python3.10/site-packages/pillow.libs/libXau-154567c4.so.6.0.0
7fbfdfc07000-7fbfdfc0b000 r--p 00000000 08:02 22177262                   /home/ubuntu/dev/workspace/koarf/.venv/lib/python3.10/site-packages/numpy/random/_sfc64.cpython-310-x86_64-linux-gnu.so
7fbfdfc0b000-7fbfdfc14000 r-xp 00004000 08:02 22177262                   /home/ubuntu/dev/workspace/koarf/.venv/lib/python3.10/site-packages/numpy/random/_sfc64.cpython-310-x86_64-linux-gnu.so
7fbfdfc14000-7fbfdfc18000 r--p 0000d000 08:02 22177262                   /home/ubuntu/dev/workspace/koarf/.venv/lib/python3.10/site-packages/numpy/random/_sfc64.cpython-310-x86_64-linux-gnu.so
7fbfdfc18000-7fbfdfc19000 r--p 00010000 08:02 22177262                   /home/ubuntu/dev/workspace/koarf/.venv/lib/python3.10/site-packages/numpy/random/_sfc64.cpython-310-x86_64-linux-gnu.so
7fbfdfc19000-7fbfdfc1a000 rw-p 00011000 08:02 22177262                   /home/ubuntu/dev/workspace/koarf/.venv/lib/python3.10/site-packages/numpy/random/_sfc64.cpython-310-x86_64-linux-gnu.so
7fbfdfc1a000-7fbfdfc1e000 r--p 00000000 08:02 22177275                   /home/ubuntu/dev/workspace/koarf/.venv/lib/python3.10/site-packages/numpy/random/_philox.cpython-310-x86_64-linux-gnu.so
7fbfdfc1e000-7fbfdfc2c000 r-xp 00004000 08:02 22177275                   /home/ubuntu/dev/workspace/koarf/.venv/lib/python3.10/site-packages/numpy/random/_philox.cpython-310-x86_64-linux-gnu.so
7fbfdfc2c000-7fbfdfc31000 r--p 00012000 08:02 22177275                   /home/ubuntu/dev/workspace/koarf/.venv/lib/python3.10/site-packages/numpy/random/_philox.cpython-310-x86_64-linux-gnu.so
7fbfdfc31000-7fbfdfc32000 r--p 00016000 08:02 22177275                   /home/ubuntu/dev/workspace/koarf/.venv/lib/python3.10/site-packages/numpy/random/_philox.cpython-310-x86_64-linux-gnu.so
7fbfdfc32000-7fbfdfc33000 rw-p 00017000 08:02 22177275                   /home/ubuntu/dev/workspace/koarf/.venv/lib/python3.10/site-packages/numpy/random/_philox.cpython-310-x86_64-linux-gnu.so
7fbfdfc33000-7fbfdfc34000 rw-p 00000000 00:00 0 
7fbfdfc34000-7fbfdfc3a000 r--p 00000000 08:02 22185560                   /home/ubuntu/dev/workspace/koarf/.venv/lib/python3.10/site-packages/cuda/bindings/cyruntime.cpython-310-x86_64-linux-gnu.so
7fbfdfc3a000-7fbfdfc45000 r-xp 00006000 08:02 22185560                   /home/ubuntu/dev/workspace/koarf/.venv/lib/python3.10/site-packages/cuda/bindings/cyruntime.cpython-310-x86_64-linux-gnu.so
7fbfdfc45000-7fbfdfc50000 r--p 00011000 08:02 22185560                   /home/ubuntu/dev/workspace/koarf/.venv/lib/python3.10/site-packages/cuda/bindings/cyruntime.cpython-310-x86_64-linux-gnu.so
7fbfdfc50000-7fbfdfc51000 r--p 0001b000 08:02 22185560                   /home/ubuntu/dev/workspace/koarf/.venv/lib/python3.10/site-packages/cuda/bindings/cyruntime.cpython-310-x86_64-linux-gnu.so
7fbfdfc51000-7fbfdfc53000 rw-p 0001c000 08:02 22185560                   /home/ubuntu/dev/workspace/koarf/.venv/lib/python3.10/site-packages/cuda/bindings/cyruntime.cpython-310-x86_64-linux-gnu.so
7fbfdfc53000-7fbfdfc54000 rw-p 00000000 00:00 0 
7fbfdfc54000-7fbfdfc5c000 r--p 00000000 08:02 22185548                   /home/ubuntu/dev/workspace/koarf/.venv/lib/python3.10/site-packages/cuda/bindings/cydriver.cpython-310-x86_64-linux-gnu.so
7fbfdfc5c000-7fbfdfc6a000 r-xp 00008000 08:02 22185548                   /home/ubuntu/dev/workspace/koarf/.venv/lib/python3.10/site-packages/cuda/bindings/cydriver.cpython-310-x86_64-linux-gnu.so
7fbfdfc6a000-7fbfdfc7a000 r--p 00016000 08:02 22185548                   /home/ubuntu/dev/workspace/koarf/.venv/lib/python3.10/site-packages/cuda/bindings/cydriver.cpython-310-x86_64-linux-gnu.so
7fbfdfc7a000-7fbfdfc7b000 r--p 00025000 08:02 22185548                   /home/ubuntu/dev/workspace/koarf/.venv/lib/python3.10/site-packages/cuda/bindings/cydriver.cpython-310-x86_64-linux-gnu.so
7fbfdfc7b000-7fbfdfc7e000 rw-p 00026000 08:02 22185548                   /home/ubuntu/dev/workspace/koarf/.venv/lib/python3.10/site-packages/cuda/bindings/cydriver.cpython-310-x86_64-linux-gnu.so
7fbfdfc7e000-7fbfdfc7f000 rw-p 00000000 00:00 0 
7fbfdfc7f000-7fbfdfc83000 r--p 00000000 08:02 22806653                   /home/ubuntu/dev/workspace/koarf/.venv/lib/python3.10/site-packages/pillow.libs/liblzma-2be87c3e.so.5.8.3
7fbfdfc83000-7fbfdfcb0000 r-xp 00004000 08:02 22806653                   /home/ubuntu/dev/workspace/koarf/.venv/lib/python3.10/site-packages/pillow.libs/liblzma-2be87c3e.so.5.8.3
7fbfdfcb0000-7fbfdfcbd000 r--p 00031000 08:02 22806653                   /home/ubuntu/dev/workspace/koarf/.venv/lib/python3.10/site-packages/pillow.libs/liblzma-2be87c3e.so.5.8.3
7fbfdfcbd000-7fbfdfcbe000 r--p 0003e000 08:02 22806653                   /home/ubuntu/dev/workspace/koarf/.venv/lib/python3.10/site-packages/pillow.libs/liblzma-2be87c3e.so.5.8.3
7fbfdfcbe000-7fbfdfcc1000 rw-p 0003f000 08:02 22806653                   /home/ubuntu/dev/workspace/koarf/.venv/lib/python3.10/site-packages/pillow.libs/liblzma-2be87c3e.so.5.8.3
7fbfdfcc1000-7fbfdfcc6000 r--p 00000000 08:02 22806662                   /home/ubuntu/dev/workspace/koarf/.venv/lib/python3.10/site-packages/pillow.libs/libzstd-44be1190.so.1.5.7
7fbfdfcc6000-7fbfdfe56000 r-xp 00005000 08:02 22806662                   /home/ubuntu/dev/workspace/koarf/.venv/lib/python3.10/site-packages/pillow.libs/libzstd-44be1190.so.1.5.7
7fbfdfe56000-7fbfdfe75000 r--p 00195000 08:02 22806662                   /home/ubuntu/dev/workspace/koarf/.venv/lib/python3.10/site-packages/pillow.libs/libzstd-44be1190.so.1.5.7
7fbfdfe75000-7fbfdfe76000 r--p 001b4000 08:02 22806662                   /home/ubuntu/dev/workspace/koarf/.venv/lib/python3.10/site-packages/pillow.libs/libzstd-44be1190.so.1.5.7
7fbfdfe76000-7fbfdfe79000 rw-p 001b5000 08:02 22806662                   /home/ubuntu/dev/workspace/koarf/.venv/lib/python3.10/site-packages/pillow.libs/libzstd-44be1190.so.1.5.7
7fbfdfe79000-7fbfdfe85000 r--p 00000000 08:02 22806661                   /home/ubuntu/dev/workspace/koarf/.venv/lib/python3.10/site-packages/pillow.libs/libxcb-ad31f5a3.so.1.1.0
7fbfdfe85000-7fbfdfea0000 r-xp 0000c000 08:02 22806661                   /home/ubuntu/dev/workspace/koarf/.venv/lib/python3.10/site-packages/pillow.libs/libxcb-ad31f5a3.so.1.1.0
7fbfdfea0000-7fbfdfeaa000 r--p 00027000 08:02 22806661                   /home/ubuntu/dev/workspace/koarf/.venv/lib/python3.10/site-packages/pillow.libs/libxcb-ad31f5a3.so.1.1.0
7fbfdfeaa000-7fbfdfeab000 r--p 00030000 08:02 22806661                   /home/ubuntu/dev/workspace/koarf/.venv/lib/python3.10/site-packages/pillow.libs/libxcb-ad31f5a3.so.1.1.0
7fbfdfeab000-7fbfdfeac000 rw-p 00031000 08:02 22806661                   /home/ubuntu/dev/workspace/koarf/.venv/lib/python3.10/site-packages/pillow.libs/libxcb-ad31f5a3.so.1.1.0
7fbfdfeac000-7fbfdfebc000 rw-p 00033000 08:02 22806661                   /home/ubuntu/dev/workspace/koarf/.venv/lib/python3.10/site-packages/pillow.libs/libxcb-ad31f5a3.so.1.1.0
7fbfdfebc000-7fbfdfec4000 r--p 00000000 08:02 22806654                   /home/ubuntu/dev/workspace/koarf/.venv/lib/python3.10/site-packages/pillow.libs/libopenjp2-b07f72ad.so.2.5.4
7fbfdfec4000-7fbfdff33000 r-xp 00008000 08:02 22806654                   /home/ubuntu/dev/workspace/koarf/.venv/lib/python3.10/site-packages/pillow.libs/libopenjp2-b07f72ad.so.2.5.4
7fbfdff33000-7fbfdff46000 r--p 00077000 08:02 22806654                   /home/ubuntu/dev/workspace/koarf/.venv/lib/python3.10/site-packages/pillow.libs/libopenjp2-b07f72ad.so.2.5.4
7fbfdff46000-7fbfdff47000 r--p 0008a000 08:02 22806654                   /home/ubuntu/dev/workspace/koarf/.venv/lib/python3.10/site-packages/pillow.libs/libopenjp2-b07f72ad.so.2.5.4
7fbfdff47000-7fbfdff48000 rw-p 0008b000 08:02 22806654                   /home/ubuntu/dev/workspace/koarf/.venv/lib/python3.10/site-packages/pillow.libs/libopenjp2-b07f72ad.so.2.5.4
7fbfdff48000-7fbfdff4b000 rw-p 0008d000 08:02 22806654                   /home/ubuntu/dev/workspace/koarf/.venv/lib/python3.10/site-packages/pillow.libs/libopenjp2-b07f72ad.so.2.5.4
7fbfdff4b000-7fbfdff51000 r--p 00000000 08:02 22806651                   /home/ubuntu/dev/workspace/koarf/.venv/lib/python3.10/site-packages/pillow.libs/libjpeg-31e2ca52.so.62.4.0
7fbfdff51000-7fbfdffe9000 r-xp 00006000 08:02 22806651                   /home/ubuntu/dev/workspace/koarf/.venv/lib/python3.10/site-packages/pillow.libs/libjpeg-31e2ca52.so.62.4.0
7fbfdffe9000-7fbfe0012000 r--p 0009e000 08:02 22806651                   /home/ubuntu/dev/workspace/koarf/.venv/lib/python3.10/site-packages/pillow.libs/libjpeg-31e2ca52.so.62.4.0
7fbfe0012000-7fbfe0013000 r--p 000c7000 08:02 22806651                   /home/ubuntu/dev/workspace/koarf/.venv/lib/python3.10/site-packages/pillow.libs/libjpeg-31e2ca52.so.62.4.0
7fbfe0013000-7fbfe0016000 rw-p 000c8000 08:02 22806651                   /home/ubuntu/dev/workspace/koarf/.venv/lib/python3.10/site-packages/pillow.libs/libjpeg-31e2ca52.so.62.4.0
7fbfe0016000-7fbfe001e000 r--p 00000000 08:02 22806657                   /home/ubuntu/dev/workspace/koarf/.venv/lib/python3.10/site-packages/pillow.libs/libtiff-fc87e79d.so.6.2.0
7fbfe001e000-7fbfe0093000 r-xp 00008000 08:02 22806657                   /home/ubuntu/dev/workspace/koarf/.venv/lib/python3.10/site-packages/pillow.libs/libtiff-fc87e79d.so.6.2.0
7fbfe0093000-7fbfe00c5000 r--p 0007d000 08:02 22806657                   /home/ubuntu/dev/workspace/koarf/.venv/lib/python3.10/site-packages/pillow.libs/libtiff-fc87e79d.so.6.2.0
7fbfe00c5000-7fbfe00c9000 r--p 000af000 08:02 22806657                   /home/ubuntu/dev/workspace/koarf/.venv/lib/python3.10/site-packages/pillow.libs/libtiff-fc87e79d.so.6.2.0
7fbfe00c9000-7fbfe00ca000 rw-p 000b3000 08:02 22806657                   /home/ubuntu/dev/workspace/koarf/.venv/lib/python3.10/site-packages/pillow.libs/libtiff-fc87e79d.so.6.2.0
7fbfe00ca000-7fbfe00d0000 rw-p 000b5000 08:02 22806657                   /home/ubuntu/dev/workspace/koarf/.venv/lib/python3.10/site-packages/pillow.libs/libtiff-fc87e79d.so.6.2.0
7fbfe00d0000-7fbfe00e1000 r--p 00000000 08:02 22806623                   /home/ubuntu/dev/workspace/koarf/.venv/lib/python3.10/site-packages/PIL/_imaging.cpython-310-x86_64-linux-gnu.so
7fbfe00e1000-7fbfe0170000 r-xp 00011000 08:02 22806623                   /home/ubuntu/dev/workspace/koarf/.venv/lib/python3.10/site-packages/PIL/_imaging.cpython-310-x86_64-linux-gnu.so
7fbfe0170000-7fbfe0182000 r--p 000a0000 08:02 22806623                   /home/ubuntu/dev/workspace/koarf/.venv/lib/python3.10/site-packages/PIL/_imaging.cpython-310-x86_64-linux-gnu.so
7fbfe0182000-7fbfe0186000 r--p 000b1000 08:02 22806623                   /home/ubuntu/dev/workspace/koarf/.venv/lib/python3.10/site-packages/PIL/_imaging.cpython-310-x86_64-linux-gnu.so
7fbfe0186000-7fbfe018a000 rw-p 000b5000 08:02 22806623                   /home/ubuntu/dev/workspace/koarf/.venv/lib/python3.10/site-packages/PIL/_imaging.cpython-310-x86_64-linux-gnu.so
7fbfe018a000-7fbfe0191000 rw-p 00330000 08:02 22806623                   /home/ubuntu/dev/workspace/koarf/.venv/lib/python3.10/site-packages/PIL/_imaging.cpython-310-x86_64-linux-gnu.so
7fbfe0191000-7fbfe0391000 rw-p 00000000 00:00 0 
7fbfe0392000-7fbfe0395000 r--p 00000000 08:02 22181833                   /home/ubuntu/dev/workspace/koarf/.venv/lib/python3.10/site-packages/scipy/special/_comb.cpython-310-x86_64-linux-gnu.so
7fbfe0395000-7fbfe039c000 r-xp 00003000 08:02 22181833                   /home/ubuntu/dev/workspace/koarf/.venv/lib/python3.10/site-packages/scipy/special/_comb.cpython-310-x86_64-linux-gnu.so
7fbfe039c000-7fbfe039e000 r--p 0000a000 08:02 22181833                   /home/ubuntu/dev/workspace/koarf/.venv/lib/python3.10/site-packages/scipy/special/_comb.cpython-310-x86_64-linux-gnu.so
7fbfe039e000-7fbfe039f000 r--p 0000b000 08:02 22181833                   /home/ubuntu/dev/workspace/koarf/.venv/lib/python3.10/site-packages/scipy/special/_comb.cpython-310-x86_64-linux-gnu.so
7fbfe039f000-7fbfe03a0000 rw-p 0000c000 08:02 22181833                   /home/ubuntu/dev/workspace/koarf/.venv/lib/python3.10/site-packages/scipy/special/_comb.cpython-310-x86_64-linux-gnu.so
7fbfe03a0000-7fbfe03a4000 r--p 00000000 08:02 22177254                   /home/ubuntu/dev/workspace/koarf/.venv/lib/python3.10/site-packages/numpy/random/_mt19937.cpython-310-x86_64-linux-gnu.so
7fbfe03a4000-7fbfe03b4000 r-xp 00004000 08:02 22177254                   /home/ubuntu/dev/workspace/koarf/.venv/lib/python3.10/site-packages/numpy/random/_mt19937.cpython-310-x86_64-linux-gnu.so
7fbfe03b4000-7fbfe03ba000 r--p 00014000 08:02 22177254                   /home/ubuntu/dev/workspace/koarf/.venv/lib/python3.10/site-packages/numpy/random/_mt19937.cpython-310-x86_64-linux-gnu.so
7fbfe03ba000-7fbfe03bb000 r--p 00019000 08:02 22177254                   /home/ubuntu/dev/workspace/koarf/.venv/lib/python3.10/site-packages/numpy/random/_mt19937.cpython-310-x86_64-linux-gnu.so
7fbfe03bb000-7fbfe03bc000 rw-p 0001a000 08:02 22177254                   /home/ubuntu/dev/workspace/koarf/.venv/lib/python3.10/site-packages/numpy/random/_mt19937.cpython-310-x86_64-linux-gnu.so
7fbfe03bc000-7fbfe03bd000 rw-p 00000000 00:00 0 
7fbfe03bd000-7fbfe03c3000 r--p 00000000 08:02 22177255                   /home/ubuntu/dev/workspace/koarf/.venv/lib/python3.10/site-packages/numpy/random/bit_generator.cpython-310-x86_64-linux-gnu.so
7fbfe03c3000-7fbfe03e2000 r-xp 00006000 08:02 22177255                   /home/ubuntu/dev/workspace/koarf/.venv/lib/python3.10/site-packages/numpy/random/bit_generator.cpython-310-x86_64-linux-gnu.so
7fbfe03e2000-7fbfe03ec000 r--p 00025000 08:02 22177255                   /home/ubuntu/dev/workspace/koarf/.venv/lib/python3.10/site-packages/numpy/random/bit_generator.cpython-310-x86_64-linux-gnu.so
7fbfe03ec000-7fbfe03ed000 ---p 0002f000 08:02 22177255                   /home/ubuntu/dev/workspace/koarf/.venv/lib/python3.10/site-packages/numpy/random/bit_generator.cpython-310-x86_64-linux-gnu.so
7fbfe03ed000-7fbfe03ee000 r--p 0002f000 08:02 22177255                   /home/ubuntu/dev/workspace/koarf/.venv/lib/python3.10/site-packages/numpy/random/bit_generator.cpython-310-x86_64-linux-gnu.so
7fbfe03ee000-7fbfe03f0000 rw-p 00030000 08:02 22177255                   /home/ubuntu/dev/workspace/koarf/.venv/lib/python3.10/site-packages/numpy/random/bit_generator.cpython-310-x86_64-linux-gnu.so
7fbfe03f0000-7fbfe03f1000 rw-p 00000000 00:00 0 
7fbfe03f1000-7fbfe03f5000 r--p 00000000 08:02 22182025                   /home/ubuntu/dev/workspace/koarf/.venv/lib/python3.10/site-packages/scipy/_lib/_ccallback_c.cpython-310-x86_64-linux-gnu.so
7fbfe03f5000-7fbfe0403000 r-xp 00004000 08:02 22182025                   /home/ubuntu/dev/workspace/koarf/.venv/lib/python3.10/site-packages/scipy/_lib/_ccallback_c.cpython-310-x86_64-linux-gnu.so
7fbfe0403000-7fbfe0406000 r--p 00012000 08:02 22182025                   /home/ubuntu/dev/workspace/koarf/.venv/lib/python3.10/site-packages/scipy/_lib/_ccallback_c.cpython-310-x86_64-linux-gnu.so
7fbfe0406000-7fbfe0407000 r--p 00014000 08:02 22182025                   /home/ubuntu/dev/workspace/koarf/.venv/lib/python3.10/site-packages/scipy/_lib/_ccallback_c.cpython-310-x86_64-linux-gnu.so
7fbfe0407000-7fbfe0408000 rw-p 00015000 08:02 22182025                   /home/ubuntu/dev/workspace/koarf/.venv/lib/python3.10/site-packages/scipy/_lib/_ccallback_c.cpython-310-x86_64-linux-gnu.so
7fbfe0408000-7fbfe0409000 rw-p 00000000 00:00 0 
7fbfe0409000-7fbfe040b000 r--p 00000000 08:02 22185833                   /home/ubuntu/dev/workspace/koarf/.venv/lib/python3.10/site-packages/sklearn/__check_build/_check_build.cpython-310-x86_64-linux-gnu.so
7fbfe040b000-7fbfe040e000 r-xp 00002000 08:02 22185833                   /home/ubuntu/dev/workspace/koarf/.venv/lib/python3.10/site-packages/sklearn/__check_build/_check_build.cpython-310-x86_64-linux-gnu.so
7fbfe040e000-7fbfe040f000 r--p 00005000 08:02 22185833                   /home/ubuntu/dev/workspace/koarf/.venv/lib/python3.10/site-packages/sklearn/__check_build/_check_build.cpython-310-x86_64-linux-gnu.so
7fbfe040f000-7fbfe0410000 ---p 00006000 08:02 22185833                   /home/ubuntu/dev/workspace/koarf/.venv/lib/python3.10/site-packages/sklearn/__check_build/_check_build.cpython-310-x86_64-linux-gnu.so
7fbfe0410000-7fbfe0411000 r--p 00006000 08:02 22185833                   /home/ubuntu/dev/workspace/koarf/.venv/lib/python3.10/site-packages/sklearn/__check_build/_check_build.cpython-310-x86_64-linux-gnu.so
7fbfe0411000-7fbfe0412000 rw-p 00007000 08:02 22185833                   /home/ubuntu/dev/workspace/koarf/.venv/lib/python3.10/site-packages/sklearn/__check_build/_check_build.cpython-310-x86_64-linux-gnu.so
7fbfe0412000-7fbfe0612000 rw-p 00000000 00:00 0 
7fbfe0612000-7fbfe0630000 r--p 00000000 08:02 8933876                    /usr/lib/x86_64-linux-gnu/libsqlite3.so.0.8.6
7fbfe0630000-7fbfe071c000 r-xp 0001e000 08:02 8933876                    /usr/lib/x86_64-linux-gnu/libsqlite3.so.0.8.6
7fbfe071c000-7fbfe0757000 r--p 0010a000 08:02 8933876                    /usr/lib/x86_64-linux-gnu/libsqlite3.so.0.8.6
7fbfe0757000-7fbfe075b000 r--p 00144000 08:02 8933876                    /usr/lib/x86_64-linux-gnu/libsqlite3.so.0.8.6
7fbfe075b000-7fbfe075f000 rw-p 00148000 08:02 8933876                    /usr/lib/x86_64-linux-gnu/libsqlite3.so.0.8.6
7fbfe075f000-7fbfe0765000 r--p 00000000 08:02 8943153                    /usr/lib/python3.10/lib-dynload/_sqlite3.cpython-310-x86_64-linux-gnu.so
7fbfe0765000-7fbfe0773000 r-xp 00006000 08:02 8943153                    /usr/lib/python3.10/lib-dynload/_sqlite3.cpython-310-x86_64-linux-gnu.so
7fbfe0773000-7fbfe0778000 r--p 00014000 08:02 8943153                    /usr/lib/python3.10/lib-dynload/_sqlite3.cpython-310-x86_64-linux-gnu.so
7fbfe0778000-7fbfe0779000 r--p 00018000 08:02 8943153                    /usr/lib/python3.10/lib-dynload/_sqlite3.cpython-310-x86_64-linux-gnu.so
7fbfe0779000-7fbfe077b000 rw-p 00019000 08:02 8943153                    /usr/lib/python3.10/lib-dynload/_sqlite3.cpython-310-x86_64-linux-gnu.so
7fbfe077b000-7fbfe0782000 r--p 00000000 08:02 22155653                   /home/ubuntu/dev/workspace/koarf/.venv/lib/python3.10/site-packages/yaml/_yaml.cpython-310-x86_64-linux-gnu.so
7fbfe0782000-7fbfe07c8000 r-xp 00007000 08:02 22155653                   /home/ubuntu/dev/workspace/koarf/.venv/lib/python3.10/site-packages/yaml/_yaml.cpython-310-x86_64-linux-gnu.so
7fbfe07c8000-7fbfe07d1000 r--p 0004d000 08:02 22155653                   /home/ubuntu/dev/workspace/koarf/.venv/lib/python3.10/site-packages/yaml/_yaml.cpython-310-x86_64-linux-gnu.so
7fbfe07d1000-7fbfe07d3000 r--p 00055000 08:02 22155653                   /home/ubuntu/dev/workspace/koarf/.venv/lib/python3.10/site-packages/yaml/_yaml.cpython-310-x86_64-linux-gnu.so
7fbfe07d3000-7fbfe07d5000 rw-p 00057000 08:02 22155653                   /home/ubuntu/dev/workspace/koarf/.venv/lib/python3.10/site-packages/yaml/_yaml.cpython-310-x86_64-linux-gnu.so
7fbfe07d5000-7fbfe09d6000 rw-p 00000000 00:00 0 
7fbfe09d6000-7fbfe09e6000 r--p 00000000 08:02 22155631                   /home/ubuntu/dev/workspace/koarf/.venv/lib/python3.10/site-packages/regex/_regex.cpython-310-x86_64-linux-gnu.so
7fbfe09e6000-7fbfe0a20000 r-xp 00010000 08:02 22155631                   /home/ubuntu/dev/workspace/koarf/.venv/lib/python3.10/site-packages/regex/_regex.cpython-310-x86_64-linux-gnu.so
7fbfe0a20000-7fbfe0a9f000 r--p 0004a000 08:02 22155631                   /home/ubuntu/dev/workspace/koarf/.venv/lib/python3.10/site-packages/regex/_regex.cpython-310-x86_64-linux-gnu.so
7fbfe0a9f000-7fbfe0aa0000 r--p 000c8000 08:02 22155631                   /home/ubuntu/dev/workspace/koarf/.venv/lib/python3.10/site-packages/regex/_regex.cpython-310-x86_64-linux-gnu.so
7fbfe0aa0000-7fbfe0aa9000 rw-p 000c9000 08:02 22155631                   /home/ubuntu/dev/workspace/koarf/.venv/lib/python3.10/site-packages/regex/_regex.cpython-310-x86_64-linux-gnu.so
7fbfe0aa9000-7fbfe0ca9000 rw-p 00000000 00:00 0 
7fbfe0ca9000-7fbfe0cb7000 r--p 00000000 08:02 8922857                    /usr/lib/x86_64-linux-gnu/libtinfo.so.6.3
7fbfe0cb7000-7fbfe0cc8000 r-xp 0000e000 08:02 8922857                    /usr/lib/x86_64-linux-gnu/libtinfo.so.6.3
7fbfe0cc8000-7fbfe0cd6000 r--p 0001f000 08:02 8922857                    /usr/lib/x86_64-linux-gnu/libtinfo.so.6.3
7fbfe0cd6000-7fbfe0cda000 r--p 0002c000 08:02 8922857                    /usr/lib/x86_64-linux-gnu/libtinfo.so.6.3
7fbfe0cda000-7fbfe0cdb000 rw-p 00030000 08:02 8922857                    /usr/lib/x86_64-linux-gnu/libtinfo.so.6.3
7fbfe0cdb000-7fbfe0ce3000 r--p 00000000 08:02 8933213                    /usr/lib/x86_64-linux-gnu/libncursesw.so.6.3
7fbfe0ce3000-7fbfe0d0c000 r-xp 00008000 08:02 8933213                    /usr/lib/x86_64-linux-gnu/libncursesw.so.6.3
7fbfe0d0c000-7fbfe0d14000 r--p 00031000 08:02 8933213                    /usr/lib/x86_64-linux-gnu/libncursesw.so.6.3
7fbfe0d14000-7fbfe0d15000 ---p 00039000 08:02 8933213                    /usr/lib/x86_64-linux-gnu/libncursesw.so.6.3
7fbfe0d15000-7fbfe0d16000 r--p 00039000 08:02 8933213                    /usr/lib/x86_64-linux-gnu/libncursesw.so.6.3
7fbfe0d16000-7fbfe0d17000 rw-p 0003a000 08:02 8933213                    /usr/lib/x86_64-linux-gnu/libncursesw.so.6.3
7fbfe0d17000-7fbfe0d18000 r--p 00000000 08:02 22181859                   /home/ubuntu/dev/workspace/koarf/.venv/lib/python3.10/site-packages/scipy/special/libsf_error_state.so
7fbfe0d18000-7fbfe0d19000 r-xp 00001000 08:02 22181859                   /home/ubuntu/dev/workspace/koarf/.venv/lib/python3.10/site-packages/scipy/special/libsf_error_state.so
7fbfe0d19000-7fbfe0d1a000 r--p 00002000 08:02 22181859                   /home/ubuntu/dev/workspace/koarf/.venv/lib/python3.10/site-packages/scipy/special/libsf_error_state.so
7fbfe0d1a000-7fbfe0d1b000 r--p 00002000 08:02 22181859                   /home/ubuntu/dev/workspace/koarf/.venv/lib/python3.10/site-packages/scipy/special/libsf_error_state.so
7fbfe0d1b000-7fbfe0d1c000 rw-p 00003000 08:02 22181859                   /home/ubuntu/dev/workspace/koarf/.venv/lib/python3.10/site-packages/scipy/special/libsf_error_state.so
7fbfe0d1c000-7fbfe0d1f000 r--p 00000000 08:02 22297901                   /home/ubuntu/dev/workspace/koarf/.venv/lib/python3.10/site-packages/torch/lib/libshm.so
7fbfe0d1f000-7fbfe0d23000 r-xp 00003000 08:02 22297901                   /home/ubuntu/dev/workspace/koarf/.venv/lib/python3.10/site-packages/torch/lib/libshm.so
7fbfe0d23000-7fbfe0d24000 r--p 00007000 08:02 22297901                   /home/ubuntu/dev/workspace/koarf/.venv/lib/python3.10/site-packages/torch/lib/libshm.so
7fbfe0d24000-7fbfe0d25000 r--p 00008000 08:02 22297901                   /home/ubuntu/dev/workspace/koarf/.venv/lib/python3.10/site-packages/torch/lib/libshm.so
7fbfe0d25000-7fbfe0d26000 rw-p 00009000 08:02 22297901                   /home/ubuntu/dev/workspace/koarf/.venv/lib/python3.10/site-packages/torch/lib/libshm.so
7fbfe0d26000-7fbfe0d27000 rw-p 0000d000 08:02 22297901                   /home/ubuntu/dev/workspace/koarf/.venv/lib/python3.10/site-packages/torch/lib/libshm.so
7fbfe0d27000-7fbfe0d2e000 r--p 00000000 08:02 8943136                    /usr/lib/python3.10/lib-dynload/_curses.cpython-310-x86_64-linux-gnu.so
7fbfe0d2e000-7fbfe0d39000 r-xp 00007000 08:02 8943136                    /usr/lib/python3.10/lib-dynload/_curses.cpython-310-x86_64-linux-gnu.so
7fbfe0d39000-7fbfe0d44000 r--p 00012000 08:02 8943136                    /usr/lib/python3.10/lib-dynload/_curses.cpython-310-x86_64-linux-gnu.so
7fbfe0d44000-7fbfe0d45000 r--p 0001c000 08:02 8943136                    /usr/lib/python3.10/lib-dynload/_curses.cpython-310-x86_64-linux-gnu.so
7fbfe0d45000-7fbfe0d47000 rw-p 0001d000 08:02 8943136                    /usr/lib/python3.10/lib-dynload/_curses.cpython-310-x86_64-linux-gnu.so
7fbfe0d47000-7fbfe1347000 rw-p 00000000 00:00 0 
7fbfe1347000-7fbfe136c000 r--p 00000000 08:02 22170009                   /home/ubuntu/dev/workspace/koarf/.venv/lib/python3.10/site-packages/uuid_utils/_uuid_utils.cpython-310-x86_64-linux-gnu.so
7fbfe136c000-7fbfe13cc000 r-xp 00024000 08:02 22170009                   /home/ubuntu/dev/workspace/koarf/.venv/lib/python3.10/site-packages/uuid_utils/_uuid_utils.cpython-310-x86_64-linux-gnu.so
7fbfe13cc000-7fbfe13d2000 r--p 00083000 08:02 22170009                   /home/ubuntu/dev/workspace/koarf/.venv/lib/python3.10/site-packages/uuid_utils/_uuid_utils.cpython-310-x86_64-linux-gnu.so
7fbfe13d2000-7fbfe13d4000 rw-p 00088000 08:02 22170009                   /home/ubuntu/dev/workspace/koarf/.venv/lib/python3.10/site-packages/uuid_utils/_uuid_utils.cpython-310-x86_64-linux-gnu.so
7fbfe13d4000-7fbfe13d7000 r--p 00000000 08:02 22169715                   /home/ubuntu/dev/workspace/koarf/.venv/lib/python3.10/site-packages/xxhash/_xxhash.cpython-310-x86_64-linux-gnu.so
7fbfe13d7000-7fbfe13e4000 r-xp 00003000 08:02 22169715                   /home/ubuntu/dev/workspace/koarf/.venv/lib/python3.10/site-packages/xxhash/_xxhash.cpython-310-x86_64-linux-gnu.so
7fbfe13e4000-7fbfe13e7000 r--p 00010000 08:02 22169715                   /home/ubuntu/dev/workspace/koarf/.venv/lib/python3.10/site-packages/xxhash/_xxhash.cpython-310-x86_64-linux-gnu.so
7fbfe13e7000-7fbfe13e8000 r--p 00013000 08:02 22169715                   /home/ubuntu/dev/workspace/koarf/.venv/lib/python3.10/site-packages/xxhash/_xxhash.cpython-310-x86_64-linux-gnu.so
7fbfe13e8000-7fbfe13ea000 rw-p 00014000 08:02 22169715                   /home/ubuntu/dev/workspace/koarf/.venv/lib/python3.10/site-packages/xxhash/_xxhash.cpython-310-x86_64-linux-gnu.so
7fbfe13ea000-7fbfe13f8000 r--p 00000000 08:02 22175977                   /home/ubuntu/dev/workspace/koarf/.venv/lib/python3.10/site-packages/orjson/orjson.cpython-310-x86_64-linux-gnu.so
7fbfe13f8000-7fbfe1427000 r-xp 0000d000 08:02 22175977                   /home/ubuntu/dev/workspace/koarf/.venv/lib/python3.10/site-packages/orjson/orjson.cpython-310-x86_64-linux-gnu.so
7fbfe1427000-7fbfe1428000 r--p 0003b000 08:02 22175977                   /home/ubuntu/dev/workspace/koarf/.venv/lib/python3.10/site-packages/orjson/orjson.cpython-310-x86_64-linux-gnu.so
7fbfe1428000-7fbfe1429000 rw-p 0003b000 08:02 22175977                   /home/ubuntu/dev/workspace/koarf/.venv/lib/python3.10/site-packages/orjson/orjson.cpython-310-x86_64-linux-gnu.so
7fbfe1429000-7fbfe1829000 rw-p 00000000 00:00 0 
7fbfe1829000-7fbfe182b000 r--p 00000000 08:02 8943110                    /usr/lib/python3.10/lib-dynload/_codecs_tw.cpython-310-x86_64-linux-gnu.so
7fbfe182b000-7fbfe182c000 r-xp 00002000 08:02 8943110                    /usr/lib/python3.10/lib-dynload/_codecs_tw.cpython-310-x86_64-linux-gnu.so
7fbfe182c000-7fbfe1840000 r--p 00003000 08:02 8943110                    /usr/lib/python3.10/lib-dynload/_codecs_tw.cpython-310-x86_64-linux-gnu.so
7fbfe1840000-7fbfe1845000 r--p 00016000 08:02 8943110                    /usr/lib/python3.10/lib-dynload/_codecs_tw.cpython-310-x86_64-linux-gnu.so
7fbfe1845000-7fbfe1846000 rw-p 0001b000 08:02 8943110                    /usr/lib/python3.10/lib-dynload/_codecs_tw.cpython-310-x86_64-linux-gnu.so
7fbfe1846000-7fbfe1849000 r--p 00000000 08:02 8943109                    /usr/lib/python3.10/lib-dynload/_codecs_kr.cpython-310-x86_64-linux-gnu.so
7fbfe1849000-7fbfe184b000 r-xp 00003000 08:02 8943109                    /usr/lib/python3.10/lib-dynload/_codecs_kr.cpython-310-x86_64-linux-gnu.so
7fbfe184b000-7fbfe1865000 r--p 00005000 08:02 8943109                    /usr/lib/python3.10/lib-dynload/_codecs_kr.cpython-310-x86_64-linux-gnu.so
7fbfe1865000-7fbfe1869000 r--p 0001e000 08:02 8943109                    /usr/lib/python3.10/lib-dynload/_codecs_kr.cpython-310-x86_64-linux-gnu.so
7fbfe1869000-7fbfe186a000 rw-p 00022000 08:02 8943109                    /usr/lib/python3.10/lib-dynload/_codecs_kr.cpython-310-x86_64-linux-gnu.so
7fbfe186a000-7fbfe1c6a000 rw-p 00000000 00:00 0 
7fbfe1c6a000-7fbfe1c70000 r--p 00000000 08:02 22169698                   /home/ubuntu/dev/workspace/koarf/.venv/lib/python3.10/site-packages/zstandard/backend_c.cpython-310-x86_64-linux-gnu.so
7fbfe1c70000-7fbfe1d3a000 r-xp 00006000 08:02 22169698                   /home/ubuntu/dev/workspace/koarf/.venv/lib/python3.10/site-packages/zstandard/backend_c.cpython-310-x86_64-linux-gnu.so
7fbfe1d3a000-7fbfe1d50000 r--p 000d0000 08:02 22169698                   /home/ubuntu/dev/workspace/koarf/.venv/lib/python3.10/site-packages/zstandard/backend_c.cpython-310-x86_64-linux-gnu.so
7fbfe1d50000-7fbfe1d51000 ---p 000e6000 08:02 22169698                   /home/ubuntu/dev/workspace/koarf/.venv/lib/python3.10/site-packages/zstandard/backend_c.cpython-310-x86_64-linux-gnu.so
7fbfe1d51000-7fbfe1d52000 r--p 000e6000 08:02 22169698                   /home/ubuntu/dev/workspace/koarf/.venv/lib/python3.10/site-packages/zstandard/backend_c.cpython-310-x86_64-linux-gnu.so
7fbfe1d52000-7fbfe1d55000 rw-p 000e7000 08:02 22169698                   /home/ubuntu/dev/workspace/koarf/.venv/lib/python3.10/site-packages/zstandard/backend_c.cpython-310-x86_64-linux-gnu.so
7fbfe1d55000-7fbfe1d57000 r--p 00000000 08:02 22187530                   /home/ubuntu/dev/workspace/koarf/.venv/lib/python3.10/site-packages/_brotli.cpython-310-x86_64-linux-gnu.so
7fbfe1d57000-7fbfe1dbf000 r-xp 00002000 08:02 22187530                   /home/ubuntu/dev/workspace/koarf/.venv/lib/python3.10/site-packages/_brotli.cpython-310-x86_64-linux-gnu.so
7fbfe1dbf000-7fbfe1e34000 r--p 0006a000 08:02 22187530                   /home/ubuntu/dev/workspace/koarf/.venv/lib/python3.10/site-packages/_brotli.cpython-310-x86_64-linux-gnu.so
7fbfe1e34000-7fbfe1e35000 r--p 000de000 08:02 22187530                   /home/ubuntu/dev/workspace/koarf/.venv/lib/python3.10/site-packages/_brotli.cpython-310-x86_64-linux-gnu.so
7fbfe1e35000-7fbfe1e36000 rw-p 000df000 08:02 22187530                   /home/ubuntu/dev/workspace/koarf/.venv/lib/python3.10/site-packages/_brotli.cpython-310-x86_64-linux-gnu.so
7fbfe1e36000-7fbfe2036000 rw-p 00000000 00:00 0 
7fbfe2036000-7fbfe2037000 r--p 00000000 08:02 8943151                    /usr/lib/python3.10/lib-dynload/_posixshmem.cpython-310-x86_64-linux-gnu.so
7fbfe2037000-7fbfe2038000 r-xp 00001000 08:02 8943151                    /usr/lib/python3.10/lib-dynload/_posixshmem.cpython-310-x86_64-linux-gnu.so
7fbfe2038000-7fbfe2039000 r--p 00002000 08:02 8943151                    /usr/lib/python3.10/lib-dynload/_posixshmem.cpython-310-x86_64-linux-gnu.so
7fbfe2039000-7fbfe203a000 r--p 00002000 08:02 8943151                    /usr/lib/python3.10/lib-dynload/_posixshmem.cpython-310-x86_64-linux-gnu.so
7fbfe203a000-7fbfe203b000 rw-p 00003000 08:02 8943151                    /usr/lib/python3.10/lib-dynload/_posixshmem.cpython-310-x86_64-linux-gnu.so
7fbfe203b000-7fbfe2040000 r--p 00000000 08:02 22297902                   /home/ubuntu/dev/workspace/koarf/.venv/lib/python3.10/site-packages/torch/lib/libtorch.so
7fbfe2040000-7fbfe2047000 r-xp 00005000 08:02 22297902                   /home/ubuntu/dev/workspace/koarf/.venv/lib/python3.10/site-packages/torch/lib/libtorch.so
7fbfe2047000-7fbfe2049000 r--p 0000c000 08:02 22297902                   /home/ubuntu/dev/workspace/koarf/.venv/lib/python3.10/site-packages/torch/lib/libtorch.so
7fbfe2049000-7fbfe204a000 r--p 0000d000 08:02 22297902                   /home/ubuntu/dev/workspace/koarf/.venv/lib/python3.10/site-packages/torch/lib/libtorch.so
7fbfe204a000-7fbfe204b000 rw-p 0000e000 08:02 22297902                   /home/ubuntu/dev/workspace/koarf/.venv/lib/python3.10/site-packages/torch/lib/libtorch.so
7fbfe204b000-7fbfe204e000 rw-p 00013000 08:02 22297902                   /home/ubuntu/dev/workspace/koarf/.venv/lib/python3.10/site-packages/torch/lib/libtorch.so
7fbfe204e000-7fbfe204f000 r--p 00000000 08:02 8938660                    /usr/lib/x86_64-linux-gnu/libutil.so.1
7fbfe204f000-7fbfe2050000 r-xp 00001000 08:02 8938660                    /usr/lib/x86_64-linux-gnu/libutil.so.1
7fbfe2050000-7fbfe2051000 r--p 00002000 08:02 8938660                    /usr/lib/x86_64-linux-gnu/libutil.so.1
7fbfe2051000-7fbfe2052000 r--p 00002000 08:02 8938660                    /usr/lib/x86_64-linux-gnu/libutil.so.1
7fbfe2052000-7fbfe2053000 rw-p 00003000 08:02 8938660                    /usr/lib/x86_64-linux-gnu/libutil.so.1
7fbfe2056000-7fbfe2058000 r--p 00000000 08:02 8943150                    /usr/lib/python3.10/lib-dynload/_multiprocessing.cpython-310-x86_64-linux-gnu.so
7fbfe2058000-7fbfe205a000 r-xp 00002000 08:02 8943150                    /usr/lib/python3.10/lib-dynload/_multiprocessing.cpython-310-x86_64-linux-gnu.so
7fbfe205a000-7fbfe205b000 r--p 00004000 08:02 8943150                    /usr/lib/python3.10/lib-dynload/_multiprocessing.cpython-310-x86_64-linux-gnu.so
7fbfe205b000-7fbfe205c000 r--p 00004000 08:02 8943150                    /usr/lib/python3.10/lib-dynload/_multiprocessing.cpython-310-x86_64-linux-gnu.so
7fbfe205c000-7fbfe205d000 rw-p 00005000 08:02 8943150                    /usr/lib/python3.10/lib-dynload/_multiprocessing.cpython-310-x86_64-linux-gnu.so
7fbfe205d000-7fbfe205e000 r--p 00000000 08:02 22286221                   /home/ubuntu/dev/workspace/koarf/.venv/lib/python3.10/site-packages/torch/_C.cpython-310-x86_64-linux-gnu.so
7fbfe205e000-7fbfe205f000 r-xp 00001000 08:02 22286221                   /home/ubuntu/dev/workspace/koarf/.venv/lib/python3.10/site-packages/torch/_C.cpython-310-x86_64-linux-gnu.so
7fbfe205f000-7fbfe2060000 r--p 00002000 08:02 22286221                   /home/ubuntu/dev/workspace/koarf/.venv/lib/python3.10/site-packages/torch/_C.cpython-310-x86_64-linux-gnu.so
7fbfe2060000-7fbfe2061000 r--p 00002000 08:02 22286221                   /home/ubuntu/dev/workspace/koarf/.venv/lib/python3.10/site-packages/torch/_C.cpython-310-x86_64-linux-gnu.so
7fbfe2061000-7fbfe2063000 rw-p 00003000 08:02 22286221                   /home/ubuntu/dev/workspace/koarf/.venv/lib/python3.10/site-packages/torch/_C.cpython-310-x86_64-linux-gnu.so
7fbfe2063000-7fbfe2064000 r--p 00000000 08:02 22297906                   /home/ubuntu/dev/workspace/koarf/.venv/lib/python3.10/site-packages/torch/lib/libtorch_global_deps.so
7fbfe2064000-7fbfe2065000 r-xp 00001000 08:02 22297906                   /home/ubuntu/dev/workspace/koarf/.venv/lib/python3.10/site-packages/torch/lib/libtorch_global_deps.so
7fbfe2065000-7fbfe2066000 r--p 00002000 08:02 22297906                   /home/ubuntu/dev/workspace/koarf/.venv/lib/python3.10/site-packages/torch/lib/libtorch_global_deps.so
7fbfe2066000-7fbfe2067000 r--p 00002000 08:02 22297906                   /home/ubuntu/dev/workspace/koarf/.venv/lib/python3.10/site-packages/torch/lib/libtorch_global_deps.so
7fbfe2067000-7fbfe2069000 rw-p 00003000 08:02 22297906                   /home/ubuntu/dev/workspace/koarf/.venv/lib/python3.10/site-packages/torch/lib/libtorch_global_deps.so
7fbfe2069000-7fbfe206a000 r--p 00000000 08:02 22179548                   /home/ubuntu/dev/workspace/koarf/.venv/lib/python3.10/site-packages/markupsafe/_speedups.cpython-310-x86_64-linux-gnu.so
7fbfe206a000-7fbfe206b000 r-xp 00001000 08:02 22179548                   /home/ubuntu/dev/workspace/koarf/.venv/lib/python3.10/site-packages/markupsafe/_speedups.cpython-310-x86_64-linux-gnu.so
7fbfe206b000-7fbfe206c000 r--p 00002000 08:02 22179548                   /home/ubuntu/dev/workspace/koarf/.venv/lib/python3.10/site-packages/markupsafe/_speedups.cpython-310-x86_64-linux-gnu.so
7fbfe206c000-7fbfe206d000 r--p 00002000 08:02 22179548                   /home/ubuntu/dev/workspace/koarf/.venv/lib/python3.10/site-packages/markupsafe/_speedups.cpython-310-x86_64-linux-gnu.so
7fbfe206d000-7fbfe206e000 rw-p 00003000 08:02 22179548                   /home/ubuntu/dev/workspace/koarf/.venv/lib/python3.10/site-packages/markupsafe/_speedups.cpython-310-x86_64-linux-gnu.so
7fbfe206e000-7fbfe2071000 r--p 00000000 08:02 8943991                    /usr/lib/python3.10/lib-dynload/termios.cpython-310-x86_64-linux-gnu.so
7fbfe2071000-7fbfe2072000 r-xp 00003000 08:02 8943991                    /usr/lib/python3.10/lib-dynload/termios.cpython-310-x86_64-linux-gnu.so
7fbfe2072000-7fbfe2074000 r--p 00004000 08:02 8943991                    /usr/lib/python3.10/lib-dynload/termios.cpython-310-x86_64-linux-gnu.so
7fbfe2074000-7fbfe2075000 r--p 00005000 08:02 8943991                    /usr/lib/python3.10/lib-dynload/termios.cpython-310-x86_64-linux-gnu.so
7fbfe2075000-7fbfe2077000 rw-p 00006000 08:02 8943991                    /usr/lib/python3.10/lib-dynload/termios.cpython-310-x86_64-linux-gnu.so
7fbfe2077000-7fbfe2577000 rw-p 00000000 00:00 0 
7fbfe2577000-7fbfe26ab000 r--p 00000000 08:02 22184340                   /home/ubuntu/dev/workspace/koarf/.venv/lib/python3.10/site-packages/pydantic_core/_pydantic_core.cpython-310-x86_64-linux-gnu.so
7fbfe26ab000-7fbfe29c8000 r-xp 00133000 08:02 22184340                   /home/ubuntu/dev/workspace/koarf/.venv/lib/python3.10/site-packages/pydantic_core/_pydantic_core.cpython-310-x86_64-linux-gnu.so
7fbfe29c8000-7fbfe29f6000 r--p 0044f000 08:02 22184340                   /home/ubuntu/dev/workspace/koarf/.venv/lib/python3.10/site-packages/pydantic_core/_pydantic_core.cpython-310-x86_64-linux-gnu.so
7fbfe29f6000-7fbfe29fc000 rw-p 0047c000 08:02 22184340                   /home/ubuntu/dev/workspace/koarf/.venv/lib/python3.10/site-packages/pydantic_core/_pydantic_core.cpython-310-x86_64-linux-gnu.so
7fbfe29fc000-7fbfe2dfd000 rw-p 00000000 00:00 0 
7fbfe2dfd000-7fbfe2dfe000 ---p 00000000 00:00 0 
7fbfe2dfe000-7fbfe35fe000 rw-p 00000000 00:00 0 
7fbfe35fe000-7fbfe35ff000 ---p 00000000 00:00 0 
7fbfe35ff000-7fbfe3dff000 rw-p 00000000 00:00 0 
7fbfe3dff000-7fbfe3e00000 ---p 00000000 00:00 0 
7fbfe3e00000-7fbfe4600000 rw-p 00000000 00:00 0 
7fbfe4600000-7fbfec600000 rw-p 00000000 00:00 0 
7fbfec600000-7fbfec63b000 r-xp 00000000 08:02 22177707                   /home/ubuntu/dev/workspace/koarf/.venv/lib/python3.10/site-packages/numpy.libs/libquadmath-96973f99-934c22de.so.0.0.0
7fbfec63b000-7fbfec83a000 ---p 0003b000 08:02 22177707                   /home/ubuntu/dev/workspace/koarf/.venv/lib/python3.10/site-packages/numpy.libs/libquadmath-96973f99-934c22de.so.0.0.0
7fbfec83a000-7fbfec83b000 r--p 0003a000 08:02 22177707                   /home/ubuntu/dev/workspace/koarf/.venv/lib/python3.10/site-packages/numpy.libs/libquadmath-96973f99-934c22de.so.0.0.0
7fbfec83b000-7fbfec83e000 rw-p 0003b000 08:02 22177707                   /home/ubuntu/dev/workspace/koarf/.venv/lib/python3.10/site-packages/numpy.libs/libquadmath-96973f99-934c22de.so.0.0.0
7fbfec841000-7fbfec842000 r--p 00000000 08:02 22811566                   /home/ubuntu/dev/workspace/koarf/.venv/lib/python3.10/site-packages/tornado/speedups.abi3.so
7fbfec842000-7fbfec843000 r-xp 00001000 08:02 22811566                   /home/ubuntu/dev/workspace/koarf/.venv/lib/python3.10/site-packages/tornado/speedups.abi3.so
7fbfec843000-7fbfec844000 r--p 00002000 08:02 22811566                   /home/ubuntu/dev/workspace/koarf/.venv/lib/python3.10/site-packages/tornado/speedups.abi3.so
7fbfec844000-7fbfec845000 r--p 00002000 08:02 22811566                   /home/ubuntu/dev/workspace/koarf/.venv/lib/python3.10/site-packages/tornado/speedups.abi3.so
7fbfec845000-7fbfec846000 rw-p 00003000 08:02 22811566                   /home/ubuntu/dev/workspace/koarf/.venv/lib/python3.10/site-packages/tornado/speedups.abi3.so
7fbfec846000-7fbfec849000 r--p 00000000 08:02 22811932                   /home/ubuntu/dev/workspace/koarf/.venv/lib/python3.10/site-packages/psutil/_psutil_linux.abi3.so
7fbfec849000-7fbfec84c000 r-xp 00003000 08:02 22811932                   /home/ubuntu/dev/workspace/koarf/.venv/lib/python3.10/site-packages/psutil/_psutil_linux.abi3.so
7fbfec84c000-7fbfec84d000 r--p 00006000 08:02 22811932                   /home/ubuntu/dev/workspace/koarf/.venv/lib/python3.10/site-packages/psutil/_psutil_linux.abi3.so
7fbfec84d000-7fbfec84e000 r--p 00007000 08:02 22811932                   /home/ubuntu/dev/workspace/koarf/.venv/lib/python3.10/site-packages/psutil/_psutil_linux.abi3.so
7fbfec84e000-7fbfec84f000 rw-p 00008000 08:02 22811932                   /home/ubuntu/dev/workspace/koarf/.venv/lib/python3.10/site-packages/psutil/_psutil_linux.abi3.so
7fbfec84f000-7fbfec854000 r--p 00000000 08:02 8943105                    /usr/lib/python3.10/lib-dynload/_codecs_jp.cpython-310-x86_64-linux-gnu.so
7fbfec854000-7fbfec858000 r-xp 00005000 08:02 8943105                    /usr/lib/python3.10/lib-dynload/_codecs_jp.cpython-310-x86_64-linux-gnu.so
7fbfec858000-7fbfec885000 r--p 00009000 08:02 8943105                    /usr/lib/python3.10/lib-dynload/_codecs_jp.cpython-310-x86_64-linux-gnu.so
7fbfec885000-7fbfec892000 r--p 00035000 08:02 8943105                    /usr/lib/python3.10/lib-dynload/_codecs_jp.cpython-310-x86_64-linux-gnu.so
7fbfec892000-7fbfec893000 rw-p 00042000 08:02 8943105                    /usr/lib/python3.10/lib-dynload/_codecs_jp.cpython-310-x86_64-linux-gnu.so
7fbfec893000-7fbfec896000 r--p 00000000 08:02 8942794                    /usr/lib/python3.10/lib-dynload/_codecs_hk.cpython-310-x86_64-linux-gnu.so
7fbfec896000-7fbfec898000 r-xp 00003000 08:02 8942794                    /usr/lib/python3.10/lib-dynload/_codecs_hk.cpython-310-x86_64-linux-gnu.so
7fbfec898000-7fbfec8b7000 r--p 00005000 08:02 8942794                    /usr/lib/python3.10/lib-dynload/_codecs_hk.cpython-310-x86_64-linux-gnu.so
7fbfec8b7000-7fbfec8bb000 r--p 00023000 08:02 8942794                    /usr/lib/python3.10/lib-dynload/_codecs_hk.cpython-310-x86_64-linux-gnu.so
7fbfec8bb000-7fbfec8bc000 rw-p 00027000 08:02 8942794                    /usr/lib/python3.10/lib-dynload/_codecs_hk.cpython-310-x86_64-linux-gnu.so
7fbfec8bc000-7fbfec8bf000 r--p 00000000 08:02 8942793                    /usr/lib/python3.10/lib-dynload/_codecs_cn.cpython-310-x86_64-linux-gnu.so
7fbfec8bf000-7fbfec8c1000 r-xp 00003000 08:02 8942793                    /usr/lib/python3.10/lib-dynload/_codecs_cn.cpython-310-x86_64-linux-gnu.so
7fbfec8c1000-7fbfec8dc000 r--p 00005000 08:02 8942793                    /usr/lib/python3.10/lib-dynload/_codecs_cn.cpython-310-x86_64-linux-gnu.so
7fbfec8dc000-7fbfec8e2000 r--p 0001f000 08:02 8942793                    /usr/lib/python3.10/lib-dynload/_codecs_cn.cpython-310-x86_64-linux-gnu.so
7fbfec8e2000-7fbfec8e3000 rw-p 00025000 08:02 8942793                    /usr/lib/python3.10/lib-dynload/_codecs_cn.cpython-310-x86_64-linux-gnu.so
7fbfec8e3000-7fbfec8e7000 r--p 00000000 08:02 8942791                    /usr/lib/python3.10/lib-dynload/_asyncio.cpython-310-x86_64-linux-gnu.so
7fbfec8e7000-7fbfec8ef000 r-xp 00004000 08:02 8942791                    /usr/lib/python3.10/lib-dynload/_asyncio.cpython-310-x86_64-linux-gnu.so
7fbfec8ef000-7fbfec8f3000 r--p 0000c000 08:02 8942791                    /usr/lib/python3.10/lib-dynload/_asyncio.cpython-310-x86_64-linux-gnu.so
7fbfec8f3000-7fbfec8f4000 ---p 00010000 08:02 8942791                    /usr/lib/python3.10/lib-dynload/_asyncio.cpython-310-x86_64-linux-gnu.so
7fbfec8f4000-7fbfec8f5000 r--p 00010000 08:02 8942791                    /usr/lib/python3.10/lib-dynload/_asyncio.cpython-310-x86_64-linux-gnu.so
7fbfec8f5000-7fbfec8f7000 rw-p 00011000 08:02 8942791                    /usr/lib/python3.10/lib-dynload/_asyncio.cpython-310-x86_64-linux-gnu.so
7fbfec8f7000-7fbfec8f9000 r--p 00000000 08:02 8922805                    /usr/lib/x86_64-linux-gnu/libuuid.so.1.3.0
7fbfec8f9000-7fbfec8fd000 r-xp 00002000 08:02 8922805                    /usr/lib/x86_64-linux-gnu/libuuid.so.1.3.0
7fbfec8fd000-7fbfec8fe000 r--p 00006000 08:02 8922805                    /usr/lib/x86_64-linux-gnu/libuuid.so.1.3.0
7fbfec8fe000-7fbfec8ff000 r--p 00006000 08:02 8922805                    /usr/lib/x86_64-linux-gnu/libuuid.so.1.3.0
7fbfec8ff000-7fbfec900000 rw-p 00007000 08:02 8922805                    /usr/lib/x86_64-linux-gnu/libuuid.so.1.3.0
7fbfec900000-7fbfeca00000 rw-p 00000000 00:00 0 
7fbfeca00000-7fbfecc76000 r-xp 00000000 08:02 22177705                   /home/ubuntu/dev/workspace/koarf/.venv/lib/python3.10/site-packages/numpy.libs/libgfortran-040039e1-0352e75f.so.5.0.0
7fbfecc76000-7fbfece75000 ---p 00276000 08:02 22177705                   /home/ubuntu/dev/workspace/koarf/.venv/lib/python3.10/site-packages/numpy.libs/libgfortran-040039e1-0352e75f.so.5.0.0
7fbfece75000-7fbfece76000 r--p 00275000 08:02 22177705                   /home/ubuntu/dev/workspace/koarf/.venv/lib/python3.10/site-packages/numpy.libs/libgfortran-040039e1-0352e75f.so.5.0.0
7fbfece76000-7fbfece78000 rw-p 00276000 08:02 22177705                   /home/ubuntu/dev/workspace/koarf/.venv/lib/python3.10/site-packages/numpy.libs/libgfortran-040039e1-0352e75f.so.5.0.0
7fbfece78000-7fbfeceb1000 rw-p 0027b000 08:02 22177705                   /home/ubuntu/dev/workspace/koarf/.venv/lib/python3.10/site-packages/numpy.libs/libgfortran-040039e1-0352e75f.so.5.0.0
7fbfeceb4000-7fbfeceb9000 r--p 00000000 08:02 8924175                    /usr/lib/x86_64-linux-gnu/libmpdec.so.2.5.1
7fbfeceb9000-7fbfeceda000 r-xp 00005000 08:02 8924175                    /usr/lib/x86_64-linux-gnu/libmpdec.so.2.5.1
7fbfeceda000-7fbfecee1000 r--p 00026000 08:02 8924175                    /usr/lib/x86_64-linux-gnu/libmpdec.so.2.5.1
7fbfecee1000-7fbfecee2000 r--p 0002c000 08:02 8924175                    /usr/lib/x86_64-linux-gnu/libmpdec.so.2.5.1
7fbfecee2000-7fbfecee3000 rw-p 0002d000 08:02 8924175                    /usr/lib/x86_64-linux-gnu/libmpdec.so.2.5.1
7fbfecee3000-7fbfeceeb000 r--p 00000000 08:02 8943142                    /usr/lib/python3.10/lib-dynload/_decimal.cpython-310-x86_64-linux-gnu.so
7fbfeceeb000-7fbfecf00000 r-xp 00008000 08:02 8943142                    /usr/lib/python3.10/lib-dynload/_decimal.cpython-310-x86_64-linux-gnu.so
7fbfecf00000-7fbfecf0c000 r--p 0001d000 08:02 8943142                    /usr/lib/python3.10/lib-dynload/_decimal.cpython-310-x86_64-linux-gnu.so
7fbfecf0c000-7fbfecf0d000 r--p 00028000 08:02 8943142                    /usr/lib/python3.10/lib-dynload/_decimal.cpython-310-x86_64-linux-gnu.so
7fbfecf0d000-7fbfecf10000 rw-p 00029000 08:02 8943142                    /usr/lib/python3.10/lib-dynload/_decimal.cpython-310-x86_64-linux-gnu.so
7fbfecf10000-7fbfecf14000 r--p 00000000 08:02 22177123                   /home/ubuntu/dev/workspace/koarf/.venv/lib/python3.10/site-packages/numpy/linalg/_umath_linalg.cpython-310-x86_64-linux-gnu.so
7fbfecf14000-7fbfecf38000 r-xp 00004000 08:02 22177123                   /home/ubuntu/dev/workspace/koarf/.venv/lib/python3.10/site-packages/numpy/linalg/_umath_linalg.cpython-310-x86_64-linux-gnu.so
7fbfecf38000-7fbfecf3d000 r--p 00028000 08:02 22177123                   /home/ubuntu/dev/workspace/koarf/.venv/lib/python3.10/site-packages/numpy/linalg/_umath_linalg.cpython-310-x86_64-linux-gnu.so
7fbfecf3d000-7fbfecf3e000 ---p 0002d000 08:02 22177123                   /home/ubuntu/dev/workspace/koarf/.venv/lib/python3.10/site-packages/numpy/linalg/_umath_linalg.cpython-310-x86_64-linux-gnu.so
7fbfecf3e000-7fbfecf3f000 r--p 0002d000 08:02 22177123                   /home/ubuntu/dev/workspace/koarf/.venv/lib/python3.10/site-packages/numpy/linalg/_umath_linalg.cpython-310-x86_64-linux-gnu.so
7fbfecf3f000-7fbfecf40000 rw-p 0002e000 08:02 22177123                   /home/ubuntu/dev/workspace/koarf/.venv/lib/python3.10/site-packages/numpy/linalg/_umath_linalg.cpython-310-x86_64-linux-gnu.so
7fbfecf40000-7fbfecf43000 rw-p 00035000 08:02 22177123                   /home/ubuntu/dev/workspace/koarf/.venv/lib/python3.10/site-packages/numpy/linalg/_umath_linalg.cpython-310-x86_64-linux-gnu.so
7fbfecf43000-7fbfecf49000 r--p 00000000 08:02 8943132                    /usr/lib/python3.10/lib-dynload/_ctypes.cpython-310-x86_64-linux-gnu.so
7fbfecf49000-7fbfecf59000 r-xp 00006000 08:02 8943132                    /usr/lib/python3.10/lib-dynload/_ctypes.cpython-310-x86_64-linux-gnu.so
7fbfecf59000-7fbfecf5f000 r--p 00016000 08:02 8943132                    /usr/lib/python3.10/lib-dynload/_ctypes.cpython-310-x86_64-linux-gnu.so
7fbfecf5f000-7fbfecf60000 r--p 0001b000 08:02 8943132                    /usr/lib/python3.10/lib-dynload/_ctypes.cpython-310-x86_64-linux-gnu.so
7fbfecf60000-7fbfecf64000 rw-p 0001c000 08:02 8943132                    /usr/lib/python3.10/lib-dynload/_ctypes.cpython-310-x86_64-linux-gnu.so
7fbfecf64000-7fbfed033000 r--p 00000000 08:02 22177706                   /home/ubuntu/dev/workspace/koarf/.venv/lib/python3.10/site-packages/numpy.libs/libscipy_openblas64_-56d6093b.so
7fbfed033000-7fbfee32e000 r-xp 000cf000 08:02 22177706                   /home/ubuntu/dev/workspace/koarf/.venv/lib/python3.10/site-packages/numpy.libs/libscipy_openblas64_-56d6093b.so
7fbfee32e000-7fbfee516000 r--p 013ca000 08:02 22177706                   /home/ubuntu/dev/workspace/koarf/.venv/lib/python3.10/site-packages/numpy.libs/libscipy_openblas64_-56d6093b.so
7fbfee516000-7fbfee517000 ---p 015b2000 08:02 22177706                   /home/ubuntu/dev/workspace/koarf/.venv/lib/python3.10/site-packages/numpy.libs/libscipy_openblas64_-56d6093b.so
7fbfee517000-7fbfee51f000 r--p 015b2000 08:02 22177706                   /home/ubuntu/dev/workspace/koarf/.venv/lib/python3.10/site-packages/numpy.libs/libscipy_openblas64_-56d6093b.so
7fbfee51f000-7fbfee52e000 rw-p 015ba000 08:02 22177706                   /home/ubuntu/dev/workspace/koarf/.venv/lib/python3.10/site-packages/numpy.libs/libscipy_openblas64_-56d6093b.so
7fbfee52e000-7fbfee537000 rw-p 00000000 00:00 0 
7fbfee537000-7fbfee53b000 ---p 015d3000 08:02 22177706                   /home/ubuntu/dev/workspace/koarf/.venv/lib/python3.10/site-packages/numpy.libs/libscipy_openblas64_-56d6093b.so
7fbfee53b000-7fbfee672000 rw-p 016a6000 08:02 22177706                   /home/ubuntu/dev/workspace/koarf/.venv/lib/python3.10/site-packages/numpy.libs/libscipy_openblas64_-56d6093b.so
7fbfee672000-7fbfee69a000 r--p 00000000 08:02 22177328                   /home/ubuntu/dev/workspace/koarf/.venv/lib/python3.10/site-packages/numpy/_core/_multiarray_umath.cpython-310-x86_64-linux-gnu.so
7fbfee69a000-7fbfeee35000 r-xp 00028000 08:02 22177328                   /home/ubuntu/dev/workspace/koarf/.venv/lib/python3.10/site-packages/numpy/_core/_multiarray_umath.cpython-310-x86_64-linux-gnu.so
7fbfeee35000-7fbfeefc6000 r--p 007c3000 08:02 22177328                   /home/ubuntu/dev/workspace/koarf/.venv/lib/python3.10/site-packages/numpy/_core/_multiarray_umath.cpython-310-x86_64-linux-gnu.so
7fbfeefc6000-7fbfeefc7000 ---p 00954000 08:02 22177328                   /home/ubuntu/dev/workspace/koarf/.venv/lib/python3.10/site-packages/numpy/_core/_multiarray_umath.cpython-310-x86_64-linux-gnu.so
7fbfeefc7000-7fbfeefca000 r--p 00954000 08:02 22177328                   /home/ubuntu/dev/workspace/koarf/.venv/lib/python3.10/site-packages/numpy/_core/_multiarray_umath.cpython-310-x86_64-linux-gnu.so
7fbfeefca000-7fbfeefec000 rw-p 00957000 08:02 22177328                   /home/ubuntu/dev/workspace/koarf/.venv/lib/python3.10/site-packages/numpy/_core/_multiarray_umath.cpython-310-x86_64-linux-gnu.so
7fbfeefec000-7fbfef004000 rw-p 00000000 00:00 0 
7fbfef004000-7fbfef00e000 rw-p 009ee000 08:02 22177328                   /home/ubuntu/dev/workspace/koarf/.venv/lib/python3.10/site-packages/numpy/_core/_multiarray_umath.cpython-310-x86_64-linux-gnu.so
7fbfef00e000-7fbfef0a8000 r--p 00000000 08:02 8930487                    /usr/lib/x86_64-linux-gnu/libstdc++.so.6.0.30
7fbfef0a8000-7fbfef1b9000 r-xp 0009a000 08:02 8930487                    /usr/lib/x86_64-linux-gnu/libstdc++.so.6.0.30
7fbfef1b9000-7fbfef228000 r--p 001ab000 08:02 8930487                    /usr/lib/x86_64-linux-gnu/libstdc++.so.6.0.30
7fbfef228000-7fbfef229000 ---p 0021a000 08:02 8930487                    /usr/lib/x86_64-linux-gnu/libstdc++.so.6.0.30
7fbfef229000-7fbfef234000 r--p 0021a000 08:02 8930487                    /usr/lib/x86_64-linux-gnu/libstdc++.so.6.0.30
7fbfef234000-7fbfef237000 rw-p 00225000 08:02 8930487                    /usr/lib/x86_64-linux-gnu/libstdc++.so.6.0.30
7fbfef237000-7fbfef23a000 rw-p 00000000 00:00 0 
7fbfef23a000-7fbfef26e000 r--p 00000000 08:02 22186929                   /home/ubuntu/dev/workspace/koarf/.venv/lib/python3.10/site-packages/_jpype.so
7fbfef26e000-7fbfef2c2000 r-xp 00034000 08:02 22186929                   /home/ubuntu/dev/workspace/koarf/.venv/lib/python3.10/site-packages/_jpype.so
7fbfef2c2000-7fbfef2e7000 r--p 00088000 08:02 22186929                   /home/ubuntu/dev/workspace/koarf/.venv/lib/python3.10/site-packages/_jpype.so
7fbfef2e7000-7fbfef2ec000 r--p 000ac000 08:02 22186929                   /home/ubuntu/dev/workspace/koarf/.venv/lib/python3.10/site-packages/_jpype.so
7fbfef2ec000-7fbfef2f0000 rw-p 000b1000 08:02 22186929                   /home/ubuntu/dev/workspace/koarf/.venv/lib/python3.10/site-packages/_jpype.so
7fbfef2f0000-7fbfef2f2000 r--p 00000000 08:02 8943990                    /usr/lib/python3.10/lib-dynload/resource.cpython-310-x86_64-linux-gnu.so
7fbfef2f2000-7fbfef2f3000 r-xp 00002000 08:02 8943990                    /usr/lib/python3.10/lib-dynload/resource.cpython-310-x86_64-linux-gnu.so
7fbfef2f3000-7fbfef2f4000 r--p 00003000 08:02 8943990                    /usr/lib/python3.10/lib-dynload/resource.cpython-310-x86_64-linux-gnu.so
7fbfef2f4000-7fbfef2f5000 r--p 00003000 08:02 8943990                    /usr/lib/python3.10/lib-dynload/resource.cpython-310-x86_64-linux-gnu.so
7fbfef2f5000-7fbfef2f6000 rw-p 00004000 08:02 8943990                    /usr/lib/python3.10/lib-dynload/resource.cpython-310-x86_64-linux-gnu.so
7fbfef2f6000-7fbfef2f8000 r--p 00000000 08:02 8942795                    /usr/lib/python3.10/lib-dynload/_codecs_iso2022.cpython-310-x86_64-linux-gnu.so
7fbfef2f8000-7fbfef2fb000 r-xp 00002000 08:02 8942795                    /usr/lib/python3.10/lib-dynload/_codecs_iso2022.cpython-310-x86_64-linux-gnu.so
7fbfef2fb000-7fbfef2fc000 r--p 00005000 08:02 8942795                    /usr/lib/python3.10/lib-dynload/_codecs_iso2022.cpython-310-x86_64-linux-gnu.so
7fbfef2fc000-7fbfef2fd000 ---p 00006000 08:02 8942795                    /usr/lib/python3.10/lib-dynload/_codecs_iso2022.cpython-310-x86_64-linux-gnu.so
7fbfef2fd000-7fbfef2fe000 r--p 00006000 08:02 8942795                    /usr/lib/python3.10/lib-dynload/_codecs_iso2022.cpython-310-x86_64-linux-gnu.so
7fbfef2fe000-7fbfef2ff000 rw-p 00007000 08:02 8942795                    /usr/lib/python3.10/lib-dynload/_codecs_iso2022.cpython-310-x86_64-linux-gnu.so
7fbfef2ff000-7fbfef302000 r--p 00000000 08:02 8943149                    /usr/lib/python3.10/lib-dynload/_multibytecodec.cpython-310-x86_64-linux-gnu.so
7fbfef302000-7fbfef308000 r-xp 00003000 08:02 8943149                    /usr/lib/python3.10/lib-dynload/_multibytecodec.cpython-310-x86_64-linux-gnu.so
7fbfef308000-7fbfef30a000 r--p 00009000 08:02 8943149                    /usr/lib/python3.10/lib-dynload/_multibytecodec.cpython-310-x86_64-linux-gnu.so
7fbfef30a000-7fbfef30b000 r--p 0000a000 08:02 8943149                    /usr/lib/python3.10/lib-dynload/_multibytecodec.cpython-310-x86_64-linux-gnu.so
7fbfef30b000-7fbfef30c000 rw-p 0000b000 08:02 8943149                    /usr/lib/python3.10/lib-dynload/_multibytecodec.cpython-310-x86_64-linux-gnu.so
7fbfef30c000-7fbfef31f000 r--p 00000000 08:02 22180540                   /home/ubuntu/dev/workspace/koarf/.venv/lib/python3.10/site-packages/ada92cb5d92a588d1b93__mypyc.cpython-310-x86_64-linux-gnu.so
7fbfef31f000-7fbfef355000 r-xp 00013000 08:02 22180540                   /home/ubuntu/dev/workspace/koarf/.venv/lib/python3.10/site-packages/ada92cb5d92a588d1b93__mypyc.cpython-310-x86_64-linux-gnu.so
7fbfef355000-7fbfef363000 r--p 00049000 08:02 22180540                   /home/ubuntu/dev/workspace/koarf/.venv/lib/python3.10/site-packages/ada92cb5d92a588d1b93__mypyc.cpython-310-x86_64-linux-gnu.so
7fbfef363000-7fbfef364000 r--p 00057000 08:02 22180540                   /home/ubuntu/dev/workspace/koarf/.venv/lib/python3.10/site-packages/ada92cb5d92a588d1b93__mypyc.cpython-310-x86_64-linux-gnu.so
7fbfef364000-7fbfef36b000 rw-p 00058000 08:02 22180540                   /home/ubuntu/dev/workspace/koarf/.venv/lib/python3.10/site-packages/ada92cb5d92a588d1b93__mypyc.cpython-310-x86_64-linux-gnu.so
7fbfef36b000-7fbfef36c000 rw-p 00000000 00:00 0 
7fbfef36c000-7fbfef36d000 r--p 00000000 08:02 22180565                   /home/ubuntu/dev/workspace/koarf/.venv/lib/python3.10/site-packages/charset_normalizer/cd.cpython-310-x86_64-linux-gnu.so
7fbfef36d000-7fbfef36e000 r-xp 00001000 08:02 22180565                   /home/ubuntu/dev/workspace/koarf/.venv/lib/python3.10/site-packages/charset_normalizer/cd.cpython-310-x86_64-linux-gnu.so
7fbfef36e000-7fbfef36f000 r--p 00002000 08:02 22180565                   /home/ubuntu/dev/workspace/koarf/.venv/lib/python3.10/site-packages/charset_normalizer/cd.cpython-310-x86_64-linux-gnu.so
7fbfef36f000-7fbfef370000 r--p 00002000 08:02 22180565                   /home/ubuntu/dev/workspace/koarf/.venv/lib/python3.10/site-packages/charset_normalizer/cd.cpython-310-x86_64-linux-gnu.so
7fbfef370000-7fbfef371000 rw-p 00003000 08:02 22180565                   /home/ubuntu/dev/workspace/koarf/.venv/lib/python3.10/site-packages/charset_normalizer/cd.cpython-310-x86_64-linux-gnu.so
7fbfef371000-7fbfef373000 r--p 00000000 08:02 8943986                    /usr/lib/python3.10/lib-dynload/mmap.cpython-310-x86_64-linux-gnu.so
7fbfef373000-7fbfef376000 r-xp 00002000 08:02 8943986                    /usr/lib/python3.10/lib-dynload/mmap.cpython-310-x86_64-linux-gnu.so
7fbfef376000-7fbfef378000 r--p 00005000 08:02 8943986                    /usr/lib/python3.10/lib-dynload/mmap.cpython-310-x86_64-linux-gnu.so
7fbfef378000-7fbfef379000 r--p 00006000 08:02 8943986                    /usr/lib/python3.10/lib-dynload/mmap.cpython-310-x86_64-linux-gnu.so
7fbfef379000-7fbfef37a000 rw-p 00007000 08:02 8943986                    /usr/lib/python3.10/lib-dynload/mmap.cpython-310-x86_64-linux-gnu.so
7fbfef37a000-7fbfef37c000 r--p 00000000 08:02 8943152                    /usr/lib/python3.10/lib-dynload/_queue.cpython-310-x86_64-linux-gnu.so
7fbfef37c000-7fbfef37e000 r-xp 00002000 08:02 8943152                    /usr/lib/python3.10/lib-dynload/_queue.cpython-310-x86_64-linux-gnu.so
7fbfef37e000-7fbfef37f000 r--p 00004000 08:02 8943152                    /usr/lib/python3.10/lib-dynload/_queue.cpython-310-x86_64-linux-gnu.so
7fbfef37f000-7fbfef380000 r--p 00004000 08:02 8943152                    /usr/lib/python3.10/lib-dynload/_queue.cpython-310-x86_64-linux-gnu.so
7fbfef380000-7fbfef381000 rw-p 00005000 08:02 8943152                    /usr/lib/python3.10/lib-dynload/_queue.cpython-310-x86_64-linux-gnu.so
7fbfef381000-7fbfef481000 rw-p 00000000 00:00 0 
7fbfef481000-7fbfef49f000 r--p 00000000 08:02 8915892                    /usr/lib/x86_64-linux-gnu/libssl.so.3
7fbfef49f000-7fbfef4fa000 r-xp 0001e000 08:02 8915892                    /usr/lib/x86_64-linux-gnu/libssl.so.3
7fbfef4fa000-7fbfef517000 r--p 00079000 08:02 8915892                    /usr/lib/x86_64-linux-gnu/libssl.so.3
7fbfef517000-7fbfef521000 r--p 00095000 08:02 8915892                    /usr/lib/x86_64-linux-gnu/libssl.so.3
7fbfef521000-7fbfef525000 rw-p 0009f000 08:02 8915892                    /usr/lib/x86_64-linux-gnu/libssl.so.3
7fbfef525000-7fbfef537000 r--p 00000000 08:02 8915751                    /usr/lib/python3.10/lib-dynload/_ssl.cpython-310-x86_64-linux-gnu.so
7fbfef537000-7fbfef544000 r-xp 00012000 08:02 8915751                    /usr/lib/python3.10/lib-dynload/_ssl.cpython-310-x86_64-linux-gnu.so
7fbfef544000-7fbfef552000 r--p 0001f000 08:02 8915751                    /usr/lib/python3.10/lib-dynload/_ssl.cpython-310-x86_64-linux-gnu.so
7fbfef552000-7fbfef553000 ---p 0002d000 08:02 8915751                    /usr/lib/python3.10/lib-dynload/_ssl.cpython-310-x86_64-linux-gnu.so
7fbfef553000-7fbfef554000 r--p 0002d000 08:02 8915751                    /usr/lib/python3.10/lib-dynload/_ssl.cpython-310-x86_64-linux-gnu.so
7fbfef554000-7fbfef55d000 rw-p 0002e000 08:02 8915751                    /usr/lib/python3.10/lib-dynload/_ssl.cpython-310-x86_64-linux-gnu.so
7fbfef55d000-7fbfef75d000 rw-p 00000000 00:00 0 
7fbfef75d000-7fbfef760000 r--p 00000000 08:02 8924240                    /usr/lib/x86_64-linux-gnu/liblzma.so.5.2.5
7fbfef760000-7fbfef77b000 r-xp 00003000 08:02 8924240                    /usr/lib/x86_64-linux-gnu/liblzma.so.5.2.5
7fbfef77b000-7fbfef786000 r--p 0001e000 08:02 8924240                    /usr/lib/x86_64-linux-gnu/liblzma.so.5.2.5
7fbfef786000-7fbfef787000 r--p 00028000 08:02 8924240                    /usr/lib/x86_64-linux-gnu/liblzma.so.5.2.5
7fbfef787000-7fbfef788000 rw-p 00029000 08:02 8924240                    /usr/lib/x86_64-linux-gnu/liblzma.so.5.2.5
7fbfef78c000-7fbfef78e000 r--p 00000000 08:02 8943983                    /usr/lib/python3.10/lib-dynload/_zoneinfo.cpython-310-x86_64-linux-gnu.so
7fbfef78e000-7fbfef794000 r-xp 00002000 08:02 8943983                    /usr/lib/python3.10/lib-dynload/_zoneinfo.cpython-310-x86_64-linux-gnu.so
7fbfef794000-7fbfef796000 r--p 00008000 08:02 8943983                    /usr/lib/python3.10/lib-dynload/_zoneinfo.cpython-310-x86_64-linux-gnu.so
7fbfef796000-7fbfef797000 r--p 00009000 08:02 8943983                    /usr/lib/python3.10/lib-dynload/_zoneinfo.cpython-310-x86_64-linux-gnu.so
7fbfef797000-7fbfef798000 rw-p 0000a000 08:02 8943983                    /usr/lib/python3.10/lib-dynload/_zoneinfo.cpython-310-x86_64-linux-gnu.so
7fbfef798000-7fbfef79a000 r--p 00000000 08:02 8924052                    /usr/lib/x86_64-linux-gnu/libbz2.so.1.0.4
7fbfef79a000-7fbfef7a7000 r-xp 00002000 08:02 8924052                    /usr/lib/x86_64-linux-gnu/libbz2.so.1.0.4
7fbfef7a7000-7fbfef7a9000 r--p 0000f000 08:02 8924052                    /usr/lib/x86_64-linux-gnu/libbz2.so.1.0.4
7fbfef7a9000-7fbfef7aa000 r--p 00010000 08:02 8924052                    /usr/lib/x86_64-linux-gnu/libbz2.so.1.0.4
7fbfef7aa000-7fbfef7ab000 rw-p 00011000 08:02 8924052                    /usr/lib/x86_64-linux-gnu/libbz2.so.1.0.4
7fbfef7ab000-7fbfef85d000 r--p 00000000 08:02 8915883                    /usr/lib/x86_64-linux-gnu/libcrypto.so.3
7fbfef85d000-7fbfefabc000 r-xp 000b2000 08:02 8915883                    /usr/lib/x86_64-linux-gnu/libcrypto.so.3
7fbfefabc000-7fbfefb8e000 r--p 00311000 08:02 8915883                    /usr/lib/x86_64-linux-gnu/libcrypto.so.3
7fbfefb8e000-7fbfefbe9000 r--p 003e2000 08:02 8915883                    /usr/lib/x86_64-linux-gnu/libcrypto.so.3
7fbfefbe9000-7fbfefbec000 rw-p 0043d000 08:02 8915883                    /usr/lib/x86_64-linux-gnu/libcrypto.so.3
7fbfefbec000-7fbfefbef000 rw-p 00000000 00:00 0 
7fbfefbf1000-7fbfefbf3000 r--p 00000000 08:02 8924091                    /usr/lib/x86_64-linux-gnu/libffi.so.8.1.0
7fbfefbf3000-7fbfefbfa000 r-xp 00002000 08:02 8924091                    /usr/lib/x86_64-linux-gnu/libffi.so.8.1.0
7fbfefbfa000-7fbfefbfb000 r--p 00009000 08:02 8924091                    /usr/lib/x86_64-linux-gnu/libffi.so.8.1.0
7fbfefbfb000-7fbfefbfc000 ---p 0000a000 08:02 8924091                    /usr/lib/x86_64-linux-gnu/libffi.so.8.1.0
7fbfefbfc000-7fbfefbfd000 r--p 0000a000 08:02 8924091                    /usr/lib/x86_64-linux-gnu/libffi.so.8.1.0
7fbfefbfd000-7fbfefbfe000 rw-p 0000b000 08:02 8924091                    /usr/lib/x86_64-linux-gnu/libffi.so.8.1.0
7fbfefbfe000-7fbfefbff000 r--p 00000000 08:02 8938650                    /usr/lib/x86_64-linux-gnu/libpthread.so.0
7fbfefbff000-7fbfefc00000 r-xp 00001000 08:02 8938650                    /usr/lib/x86_64-linux-gnu/libpthread.so.0
7fbfefc00000-7fbfefc01000 r--p 00002000 08:02 8938650                    /usr/lib/x86_64-linux-gnu/libpthread.so.0
7fbfefc01000-7fbfefc02000 r--p 00002000 08:02 8938650                    /usr/lib/x86_64-linux-gnu/libpthread.so.0
7fbfefc02000-7fbfefc03000 rw-p 00003000 08:02 8938650                    /usr/lib/x86_64-linux-gnu/libpthread.so.0
7fbfefc03000-7fbfefc06000 r--p 00000000 08:02 8930485                    /usr/lib/x86_64-linux-gnu/libgcc_s.so.1
7fbfefc06000-7fbfefc1d000 r-xp 00003000 08:02 8930485                    /usr/lib/x86_64-linux-gnu/libgcc_s.so.1
7fbfefc1d000-7fbfefc21000 r--p 0001a000 08:02 8930485                    /usr/lib/x86_64-linux-gnu/libgcc_s.so.1
7fbfefc21000-7fbfefc22000 r--p 0001d000 08:02 8930485                    /usr/lib/x86_64-linux-gnu/libgcc_s.so.1
7fbfefc22000-7fbfefc23000 rw-p 0001e000 08:02 8930485                    /usr/lib/x86_64-linux-gnu/libgcc_s.so.1
7fbfefc23000-7fbfefc24000 r--p 00000000 08:02 8938594                    /usr/lib/x86_64-linux-gnu/libdl.so.2
7fbfefc24000-7fbfefc25000 r-xp 00001000 08:02 8938594                    /usr/lib/x86_64-linux-gnu/libdl.so.2
7fbfefc25000-7fbfefc26000 r--p 00002000 08:02 8938594                    /usr/lib/x86_64-linux-gnu/libdl.so.2
7fbfefc26000-7fbfefc27000 r--p 00002000 08:02 8938594                    /usr/lib/x86_64-linux-gnu/libdl.so.2
7fbfefc27000-7fbfefc28000 rw-p 00003000 08:02 8938594                    /usr/lib/x86_64-linux-gnu/libdl.so.2
7fbfefc29000-7fbfefc2a000 r--p 00000000 08:02 8938657                    /usr/lib/x86_64-linux-gnu/librt.so.1
7fbfefc2a000-7fbfefc2b000 r-xp 00001000 08:02 8938657                    /usr/lib/x86_64-linux-gnu/librt.so.1
7fbfefc2b000-7fbfefc2c000 r--p 00002000 08:02 8938657                    /usr/lib/x86_64-linux-gnu/librt.so.1
7fbfefc2c000-7fbfefc2d000 r--p 00002000 08:02 8938657                    /usr/lib/x86_64-linux-gnu/librt.so.1
7fbfefc2d000-7fbfefc2e000 rw-p 00003000 08:02 8938657                    /usr/lib/x86_64-linux-gnu/librt.so.1
7fbfefc2e000-7fbfefc2f000 r--p 00000000 08:02 8943181                    /usr/lib/python3.10/lib-dynload/_uuid.cpython-310-x86_64-linux-gnu.so
7fbfefc2f000-7fbfefc30000 r-xp 00001000 08:02 8943181                    /usr/lib/python3.10/lib-dynload/_uuid.cpython-310-x86_64-linux-gnu.so
7fbfefc30000-7fbfefc31000 r--p 00002000 08:02 8943181                    /usr/lib/python3.10/lib-dynload/_uuid.cpython-310-x86_64-linux-gnu.so
7fbfefc31000-7fbfefc32000 r--p 00002000 08:02 8943181                    /usr/lib/python3.10/lib-dynload/_uuid.cpython-310-x86_64-linux-gnu.so
7fbfefc32000-7fbfefc33000 rw-p 00003000 08:02 8943181                    /usr/lib/python3.10/lib-dynload/_uuid.cpython-310-x86_64-linux-gnu.so
7fbfefc33000-7fbfefc34000 r--p 00000000 08:02 8943130                    /usr/lib/python3.10/lib-dynload/_contextvars.cpython-310-x86_64-linux-gnu.so
7fbfefc34000-7fbfefc35000 r-xp 00001000 08:02 8943130                    /usr/lib/python3.10/lib-dynload/_contextvars.cpython-310-x86_64-linux-gnu.so
7fbfefc35000-7fbfefc36000 r--p 00002000 08:02 8943130                    /usr/lib/python3.10/lib-dynload/_contextvars.cpython-310-x86_64-linux-gnu.so
7fbfefc36000-7fbfefc37000 r--p 00002000 08:02 8943130                    /usr/lib/python3.10/lib-dynload/_contextvars.cpython-310-x86_64-linux-gnu.so
7fbfefc37000-7fbfefc38000 rw-p 00003000 08:02 8943130                    /usr/lib/python3.10/lib-dynload/_contextvars.cpython-310-x86_64-linux-gnu.so
7fbfefc38000-7fbfefd38000 rw-p 00000000 00:00 0 
7fbfefd38000-7fbfefd3a000 r--p 00000000 08:02 8943146                    /usr/lib/python3.10/lib-dynload/_json.cpython-310-x86_64-linux-gnu.so
7fbfefd3a000-7fbfefd41000 r-xp 00002000 08:02 8943146                    /usr/lib/python3.10/lib-dynload/_json.cpython-310-x86_64-linux-gnu.so
7fbfefd41000-7fbfefd43000 r--p 00009000 08:02 8943146                    /usr/lib/python3.10/lib-dynload/_json.cpython-310-x86_64-linux-gnu.so
7fbfefd43000-7fbfefd44000 r--p 0000a000 08:02 8943146                    /usr/lib/python3.10/lib-dynload/_json.cpython-310-x86_64-linux-gnu.so
7fbfefd44000-7fbfefd45000 rw-p 0000b000 08:02 8943146                    /usr/lib/python3.10/lib-dynload/_json.cpython-310-x86_64-linux-gnu.so
7fbfefd45000-7fbfefe45000 rw-p 00000000 00:00 0 
7fbfefe45000-7fbfefe46000 rw-s 00000000 00:1c 28                         /dev/shm/sem.i4BvDD (deleted)
7fbfefe46000-7fbfefe47000 ---p 00000000 00:00 0 
7fbfefe47000-7fbfefe48000 r--p 00000000 00:00 0 
7fbfefe48000-7fbfefe49000 r--p 00000000 08:02 8915750                    /usr/lib/python3.10/lib-dynload/_opcode.cpython-310-x86_64-linux-gnu.so
7fbfefe49000-7fbfefe4a000 r-xp 00001000 08:02 8915750                    /usr/lib/python3.10/lib-dynload/_opcode.cpython-310-x86_64-linux-gnu.so
7fbfefe4a000-7fbfefe4b000 r--p 00002000 08:02 8915750                    /usr/lib/python3.10/lib-dynload/_opcode.cpython-310-x86_64-linux-gnu.so
7fbfefe4b000-7fbfefe4c000 r--p 00002000 08:02 8915750                    /usr/lib/python3.10/lib-dynload/_opcode.cpython-310-x86_64-linux-gnu.so
7fbfefe4c000-7fbfefe4d000 rw-p 00003000 08:02 8915750                    /usr/lib/python3.10/lib-dynload/_opcode.cpython-310-x86_64-linux-gnu.so
7fbfefe4d000-7fbfefe50000 r--p 00000000 08:02 8943148                    /usr/lib/python3.10/lib-dynload/_lzma.cpython-310-x86_64-linux-gnu.so
7fbfefe50000-7fbfefe54000 r-xp 00003000 08:02 8943148                    /usr/lib/python3.10/lib-dynload/_lzma.cpython-310-x86_64-linux-gnu.so
7fbfefe54000-7fbfefe57000 r--p 00007000 08:02 8943148                    /usr/lib/python3.10/lib-dynload/_lzma.cpython-310-x86_64-linux-gnu.so
7fbfefe57000-7fbfefe58000 r--p 00009000 08:02 8943148                    /usr/lib/python3.10/lib-dynload/_lzma.cpython-310-x86_64-linux-gnu.so
7fbfefe58000-7fbfefe59000 rw-p 0000a000 08:02 8943148                    /usr/lib/python3.10/lib-dynload/_lzma.cpython-310-x86_64-linux-gnu.so
7fbfefe59000-7fbfefe5d000 r--p 00000000 08:02 8915742                    /usr/lib/python3.10/lib-dynload/_hashlib.cpython-310-x86_64-linux-gnu.so
7fbfefe5d000-7fbfefe63000 r-xp 00004000 08:02 8915742                    /usr/lib/python3.10/lib-dynload/_hashlib.cpython-310-x86_64-linux-gnu.so
7fbfefe63000-7fbfefe67000 r--p 0000a000 08:02 8915742                    /usr/lib/python3.10/lib-dynload/_hashlib.cpython-310-x86_64-linux-gnu.so
7fbfefe67000-7fbfefe68000 r--p 0000d000 08:02 8915742                    /usr/lib/python3.10/lib-dynload/_hashlib.cpython-310-x86_64-linux-gnu.so
7fbfefe68000-7fbfefe6a000 rw-p 0000e000 08:02 8915742                    /usr/lib/python3.10/lib-dynload/_hashlib.cpython-310-x86_64-linux-gnu.so
7fbfefe6a000-7fbff00cc000 rw-p 00000000 00:00 0 
7fbff00cc000-7fbff03b5000 r--p 00000000 08:02 8912997                    /usr/lib/locale/locale-archive
7fbff03b5000-7fbff03b7000 rw-p 00000000 00:00 0 
7fbff03b7000-7fbff03df000 r--p 00000000 08:02 8938556                    /usr/lib/x86_64-linux-gnu/libc.so.6
7fbff03df000-7fbff0574000 r-xp 00028000 08:02 8938556                    /usr/lib/x86_64-linux-gnu/libc.so.6
7fbff0574000-7fbff05cc000 r--p 001bd000 08:02 8938556                    /usr/lib/x86_64-linux-gnu/libc.so.6
7fbff05cc000-7fbff05cd000 ---p 00215000 08:02 8938556                    /usr/lib/x86_64-linux-gnu/libc.so.6
7fbff05cd000-7fbff05d1000 r--p 00215000 08:02 8938556                    /usr/lib/x86_64-linux-gnu/libc.so.6
7fbff05d1000-7fbff05d3000 rw-p 00219000 08:02 8938556                    /usr/lib/x86_64-linux-gnu/libc.so.6
7fbff05d3000-7fbff05e0000 rw-p 00000000 00:00 0 
7fbff05e0000-7fbff05e2000 r--p 00000000 08:02 8924309                    /usr/lib/x86_64-linux-gnu/libz.so.1.2.11
7fbff05e2000-7fbff05f3000 r-xp 00002000 08:02 8924309                    /usr/lib/x86_64-linux-gnu/libz.so.1.2.11
7fbff05f3000-7fbff05f9000 r--p 00013000 08:02 8924309                    /usr/lib/x86_64-linux-gnu/libz.so.1.2.11
7fbff05f9000-7fbff05fa000 ---p 00019000 08:02 8924309                    /usr/lib/x86_64-linux-gnu/libz.so.1.2.11
7fbff05fa000-7fbff05fb000 r--p 00019000 08:02 8924309                    /usr/lib/x86_64-linux-gnu/libz.so.1.2.11
7fbff05fb000-7fbff05fc000 rw-p 0001a000 08:02 8924309                    /usr/lib/x86_64-linux-gnu/libz.so.1.2.11
7fbff05fc000-7fbff0600000 r--p 00000000 08:02 8913567                    /usr/lib/x86_64-linux-gnu/libexpat.so.1.8.7
7fbff0600000-7fbff061f000 r-xp 00004000 08:02 8913567                    /usr/lib/x86_64-linux-gnu/libexpat.so.1.8.7
7fbff061f000-7fbff0629000 r--p 00023000 08:02 8913567                    /usr/lib/x86_64-linux-gnu/libexpat.so.1.8.7
7fbff0629000-7fbff062a000 ---p 0002d000 08:02 8913567                    /usr/lib/x86_64-linux-gnu/libexpat.so.1.8.7
7fbff062a000-7fbff062c000 r--p 0002d000 08:02 8913567                    /usr/lib/x86_64-linux-gnu/libexpat.so.1.8.7
7fbff062c000-7fbff062d000 rw-p 0002f000 08:02 8913567                    /usr/lib/x86_64-linux-gnu/libexpat.so.1.8.7
7fbff062d000-7fbff063b000 r--p 00000000 08:02 8938602                    /usr/lib/x86_64-linux-gnu/libm.so.6
7fbff063b000-7fbff06b7000 r-xp 0000e000 08:02 8938602                    /usr/lib/x86_64-linux-gnu/libm.so.6
7fbff06b7000-7fbff0712000 r--p 0008a000 08:02 8938602                    /usr/lib/x86_64-linux-gnu/libm.so.6
7fbff0712000-7fbff0713000 r--p 000e4000 08:02 8938602                    /usr/lib/x86_64-linux-gnu/libm.so.6
7fbff0713000-7fbff0714000 rw-p 000e5000 08:02 8938602                    /usr/lib/x86_64-linux-gnu/libm.so.6
7fbff0714000-7fbff0716000 r--p 00000000 08:02 8942792                    /usr/lib/python3.10/lib-dynload/_bz2.cpython-310-x86_64-linux-gnu.so
7fbff0716000-7fbff0719000 r-xp 00002000 08:02 8942792                    /usr/lib/python3.10/lib-dynload/_bz2.cpython-310-x86_64-linux-gnu.so
7fbff0719000-7fbff071b000 r--p 00005000 08:02 8942792                    /usr/lib/python3.10/lib-dynload/_bz2.cpython-310-x86_64-linux-gnu.so
7fbff071b000-7fbff071c000 r--p 00006000 08:02 8942792                    /usr/lib/python3.10/lib-dynload/_bz2.cpython-310-x86_64-linux-gnu.so
7fbff071c000-7fbff071d000 rw-p 00007000 08:02 8942792                    /usr/lib/python3.10/lib-dynload/_bz2.cpython-310-x86_64-linux-gnu.so
7fbff071d000-7fbff0724000 r--s 00000000 08:02 8939703                    /usr/lib/x86_64-linux-gnu/gconv/gconv-modules.cache
7fbff0724000-7fbff0726000 rw-p 00000000 00:00 0 
7fbff0726000-7fbff0728000 r--p 00000000 08:02 8913749                    /usr/lib/x86_64-linux-gnu/ld-linux-x86-64.so.2
7fbff0728000-7fbff0752000 r-xp 00002000 08:02 8913749                    /usr/lib/x86_64-linux-gnu/ld-linux-x86-64.so.2
7fbff0752000-7fbff075d000 r--p 0002c000 08:02 8913749                    /usr/lib/x86_64-linux-gnu/ld-linux-x86-64.so.2
7fbff075d000-7fbff075e000 r--p 00000000 00:00 0 
7fbff075e000-7fbff0760000 r--p 00037000 08:02 8913749                    /usr/lib/x86_64-linux-gnu/ld-linux-x86-64.so.2
7fbff0760000-7fbff0762000 rw-p 00039000 08:02 8913749                    /usr/lib/x86_64-linux-gnu/ld-linux-x86-64.so.2
7fffc370d000-7fffc3711000 ---p 00000000 00:00 0 
7fffc3711000-7fffc380d000 rw-p 00000000 00:00 0                          [stack]
7fffc3934000-7fffc3938000 r--p 00000000 00:00 0                          [vvar]
7fffc3938000-7fffc393a000 r-xp 00000000 00:00 0                          [vdso]
ffffffffff600000-ffffffffff601000 --xp 00000000 00:00 0                  [vsyscall]


VM Arguments:
jvm_args: -Dfile.encoding=UTF8 -ea -Xmx2048m 
java_command: <unknown>
java_class_path (initial): /home/ubuntu/dev/workspace/koarf/.venv/lib/python3.10/site-packages/konlpy/java:/home/ubuntu/dev/workspace/koarf/.venv/lib/python3.10/site-packages/konlpy/java/bin:/home/ubuntu/dev/workspace/koarf/.venv/lib/python3.10/site-packages/konlpy/java/snakeyaml-1.12.jar:/home/ubuntu/dev/workspace/koarf/.venv/lib/python3.10/site-packages/konlpy/java/shineware-common-1.0.jar:/home/ubuntu/dev/workspace/koarf/.venv/lib/python3.10/site-packages/konlpy/java/komoran-3.0.jar:/home/ubuntu/dev/workspace/koarf/.venv/lib/python3.10/site-packages/konlpy/java/scala-library-2.12.3.jar:/home/ubuntu/dev/workspace/koarf/.venv/lib/python3.10/site-packages/konlpy/java/open-korean-text-2.1.0.jar:/home/ubuntu/dev/workspace/koarf/.venv/lib/python3.10/site-packages/konlpy/java/shineware-ds-1.0.jar:/home/ubuntu/dev/workspace/koarf/.venv/lib/python3.10/site-packages/konlpy/java/jhannanum-0.8.4.jar:/home/ubuntu/dev/workspace/koarf/.venv/lib/python3.10/site-packages/konlpy/java/twitter-text-1.14.7.jar:/home/ubuntu/dev/workspace/koarf/.venv/lib/python3.10/site-packages/konlpy/java/kkma-2.0.jar:/home/ubuntu/dev/workspace/koarf/.venv/lib/python3.10/site-packages/konlpy/java/aho-corasick.jar:/home/ubuntu/dev/workspace/koarf/.venv/lib/python3.10/site-packages/konlpy/java/jhannanum-0.8.4.jar:/home/ubuntu/dev/workspace/koarf/.venv/lib/python3.10/site-packages/konlpy/java/kkma-2.0.jar:/home/ubuntu/dev/workspace/koarf/.venv/lib/python3.10/site-packages/konlpy/java/aho-corasick.jar:/home/ubuntu/dev/workspace/koarf/.venv/lib/python3.10/site-packages/konlpy/java/shineware-common-1.0.jar:/home/ubuntu/dev/workspace/koarf/.venv/lib/python3.10/site-packages/konlpy/java/shineware-ds-1.0.jar:/home/ubuntu/dev/workspace/koarf/.venv/lib/python3.10/site-packages/konlpy/java/komoran-3.0.jar:/home/ubuntu/dev/workspace/koarf/.venv/lib/python3.10/site-packages/konlpy/java/snakeyaml-1.12.jar:/home/ubuntu/dev/workspace/koarf/.venv/lib/python3.10/site-packages/konlpy/java/scala-library-2.12.3.jar:/hom
Launcher Type: generic

[Global flags]
     intx CICompilerCount                          = 3                                         {product} {ergonomic}
     uint ConcGCThreads                            = 1                                         {product} {ergonomic}
     uint G1ConcRefinementThreads                  = 4                                         {product} {ergonomic}
   size_t G1HeapRegionSize                         = 1048576                                   {product} {ergonomic}
    uintx GCDrainStackTargetSize                   = 64                                        {product} {ergonomic}
   size_t InitialHeapSize                          = 127926272                                 {product} {ergonomic}
   size_t MarkStackSize                            = 4194304                                   {product} {ergonomic}
   size_t MaxHeapSize                              = 2147483648                                {product} {command line}
   size_t MaxNewSize                               = 1287651328                                {product} {ergonomic}
   size_t MinHeapDeltaBytes                        = 1048576                                   {product} {ergonomic}
    uintx NonNMethodCodeHeapSize                   = 5830732                                {pd product} {ergonomic}
    uintx NonProfiledCodeHeapSize                  = 122913754                              {pd product} {ergonomic}
    uintx ProfiledCodeHeapSize                     = 122913754                              {pd product} {ergonomic}
    uintx ReservedCodeCacheSize                    = 251658240                              {pd product} {ergonomic}
     bool SegmentedCodeCache                       = true                                      {product} {ergonomic}
     bool UseCompressedClassPointers               = true                                 {lp64_product} {ergonomic}
     bool UseCompressedOops                        = true                                 {lp64_product} {ergonomic}
     bool UseG1GC                                  = true                                      {product} {ergonomic}

Logging:
Log output configuration:
 #0: stdout all=warning uptime,level,tags
 #1: stderr all=off uptime,level,tags

Environment Variables:
JAVA_HOME=/usr/lib/jvm/java-11-openjdk-amd64/bin/java
PATH=/home/ubuntu/dev/workspace/koarf/.venv/bin:/home/ubuntu/.local/bin:/home/ubuntu/.vscode-server/cli/servers/Stable-1b6a188127eeaf9194f945eb6eb89a657e93c54c/server/bin/remote-cli:/home/ubuntu/.local/bin:/home/ubuntu/.nvm/versions/node/v22.23.1/bin:/usr/local/sbin:/usr/local/bin:/usr/sbin:/usr/bin:/sbin:/bin:/usr/games:/usr/local/games:/snap/bin
SHELL=/bin/bash
LANG=en_US.UTF-8

Signal Handlers:
SIGSEGV: [libjvm.so+0xebb6e0], sa_mask[0]=11111111011111111101111111111110, sa_flags=SA_RESTART|SA_SIGINFO
SIGBUS: [libjvm.so+0xebb6e0], sa_mask[0]=11111111011111111101111111111110, sa_flags=SA_RESTART|SA_SIGINFO
SIGFPE: [libjvm.so+0xebb6e0], sa_mask[0]=11111111011111111101111111111110, sa_flags=SA_RESTART|SA_SIGINFO
SIGPIPE: [libjvm.so+0xbfe660], sa_mask[0]=11111111011111111101111111111110, sa_flags=SA_RESTART|SA_SIGINFO
SIGXFSZ: [libjvm.so+0xbfe660], sa_mask[0]=11111111011111111101111111111110, sa_flags=SA_RESTART|SA_SIGINFO
SIGILL: [libjvm.so+0xebb6e0], sa_mask[0]=11111111011111111101111111111110, sa_flags=SA_RESTART|SA_SIGINFO
SIGUSR2: [libjvm.so+0xbfe500], sa_mask[0]=00000000000000000000000000000000, sa_flags=SA_RESTART|SA_SIGINFO
SIGHUP: [libjvm.so+0xbfecf0], sa_mask[0]=11111111011111111101111111111110, sa_flags=SA_RESTART|SA_SIGINFO
SIGINT: [libjvm.so+0xbfecf0], sa_mask[0]=11111111011111111101111111111110, sa_flags=SA_RESTART|SA_SIGINFO
SIGTERM: [libjvm.so+0xbfecf0], sa_mask[0]=11111111011111111101111111111110, sa_flags=SA_RESTART|SA_SIGINFO
SIGQUIT: [libjvm.so+0xbfecf0], sa_mask[0]=11111111011111111101111111111110, sa_flags=SA_RESTART|SA_SIGINFO


---------------  S Y S T E M  ---------------

OS:DISTRIB_ID=Ubuntu
DISTRIB_RELEASE=22.04
DISTRIB_CODENAME=jammy
DISTRIB_DESCRIPTION="Ubuntu 22.04.5 LTS"
uname:Linux 5.15.0-186-generic #196-Ubuntu SMP Sat Jun 20 16:09:34 UTC 2026 x86_64
OS uptime: 0 days 13:35 hours
libc:glibc 2.35 NPTL 2.35 
rlimit (soft/hard): STACK 8192k/infinity , CORE 0k/infinity , NPROC 30467/30467 , NOFILE 1048576/1048576 , AS infinity/infinity , CPU infinity/infinity , DATA infinity/infinity , FSIZE infinity/infinity , MEMLOCK 998544k/998544k
load average:2.82 2.41 2.87

/proc/meminfo:
MemTotal:        7988380 kB
MemFree:          178360 kB
MemAvailable:     487824 kB
Buffers:            4800 kB
Cached:           478240 kB
SwapCached:       345068 kB
Active:          2118212 kB
Inactive:        5165420 kB
Active(anon):    1918436 kB
Inactive(anon):  4919840 kB
Active(file):     199776 kB
Inactive(file):   245580 kB
Unevictable:       27916 kB
Mlocked:           27792 kB
SwapTotal:      37748728 kB
SwapFree:       33500988 kB
Dirty:               432 kB
Writeback:             0 kB
AnonPages:       6756400 kB
Mapped:           351920 kB
Shmem:             28352 kB
KReclaimable:     170296 kB
Slab:             287340 kB
SReclaimable:     170296 kB
SUnreclaim:       117044 kB
KernelStack:       12320 kB
PageTables:       106140 kB
NFS_Unstable:          0 kB
Bounce:                0 kB
WritebackTmp:          0 kB
CommitLimit:    41742916 kB
Committed_AS:   22354704 kB
VmallocTotal:   34359738367 kB
VmallocUsed:       51416 kB
VmallocChunk:          0 kB
Percpu:             3568 kB
HardwareCorrupted:     0 kB
AnonHugePages:         0 kB
ShmemHugePages:        0 kB
ShmemPmdMapped:        0 kB
FileHugePages:         0 kB
FilePmdMapped:         0 kB
HugePages_Total:       0
HugePages_Free:        0
HugePages_Rsvd:        0
HugePages_Surp:        0
Hugepagesize:       2048 kB
Hugetlb:               0 kB
DirectMap4k:      512060 kB
DirectMap2M:     6688768 kB
DirectMap1G:     1048576 kB

/sys/kernel/mm/transparent_hugepage/enabled:
always [madvise] never
/sys/kernel/mm/transparent_hugepage/defrag (defrag/compaction efforts parameter):
always defer defer+madvise [madvise] never

Process Memory:
Virtual Size: 14158852K (peak: 18715028K)
Resident Set Size: 2191376K (peak: 2191376K) (anon: 2059096K, file: 132276K, shmem: 4K)
Swapped out: 2160K
C-Heap outstanding allocations: 794685K, retained: 136670K
glibc malloc tunables: (default)

/proc/sys/kernel/threads-max (system-wide limit on the number of threads):
60935
/proc/sys/vm/max_map_count (maximum number of memory map areas a process may have):
65530
/proc/sys/kernel/pid_max (system-wide limit on number of process identifiers):
4194304

container (cgroup) information:
container_type: cgroupv2
cpu_cpuset_cpus: not supported
cpu_memory_nodes: not supported
active_processor_count: 4
cpu_quota: not supported
cpu_period: not supported
cpu_shares: not supported
memory_limit_in_bytes: unlimited
memory_and_swap_limit_in_bytes: unlimited
memory_soft_limit_in_bytes: unlimited
memory_usage_in_bytes: 6324008 k
memory_max_usage_in_bytes: not supported
rss_usage_in_bytes: not supported
cache_usage_in_bytes: not supported
memory_swap_current_in_bytes: 2378196 k
memory_swap_max_limit_in_bytes: unlimited
maximum number of tasks: unlimited
current number of tasks: 160

Steal ticks since vm start: 0
Steal ticks percentage since vm start:  0.000

CPU:total 4 (initial active 4) (2 cores per cpu, 2 threads per core) family 6 model 78 stepping 3 microcode 0xf0, cmov, cx8, fxsr, mmx, sse, sse2, sse3, ssse3, sse4.1, sse4.2, popcnt, avx, avx2, aes, clmul, erms, 3dnowpref, lzcnt, ht, tsc, tscinvbit, bmi1, bmi2, adx, fma
CPU Model and flags from /proc/cpuinfo:
model name	: Intel(R) Core(TM) i7-6500U CPU @ 2.50GHz
flags		: fpu vme de pse tsc msr pae mce cx8 apic sep mtrr pge mca cmov pat pse36 clflush dts acpi mmx fxsr sse sse2 ss ht tm pbe syscall nx pdpe1gb rdtscp lm constant_tsc art arch_perfmon pebs bts rep_good nopl xtopology nonstop_tsc cpuid aperfmperf pni pclmulqdq dtes64 monitor ds_cpl vmx est tm2 ssse3 sdbg fma cx16 xtpr pdcm pcid sse4_1 sse4_2 x2apic movbe popcnt tsc_deadline_timer aes xsave avx f16c rdrand lahf_lm abm 3dnowprefetch cpuid_fault epb invpcid_single pti ssbd ibrs ibpb stibp tpr_shadow vnmi flexpriority ept vpid ept_ad fsgsbase tsc_adjust bmi1 avx2 smep bmi2 erms invpcid mpx rdseed adx smap clflushopt intel_pt xsaveopt xsavec xgetbv1 xsaves dtherm ida arat pln pts hwp hwp_notify hwp_act_window hwp_epp md_clear flush_l1d arch_capabilities ibpb_exit_to_user
Online cpus:
0-3
Offline cpus:

BIOS frequency limitation:
<Not Available>
Frequency switch latency (ns):
0
Available cpu frequencies:
<Not Available>
Current governor:
powersave
Core performance/turbo boost:
<Not Available>

Memory: 4k page, physical 7988380k(172564k free), swap 37748728k(33500988k free)

vm_info: OpenJDK 64-Bit Server VM (11.0.31+11-post-1ubuntu1-22.04.2-Ubuntu) for linux-amd64 JRE (11.0.31+11-post-1ubuntu1-22.04.2-Ubuntu), built on Apr 26 2026 12:08:09 by "unknown" with gcc 11.4.0

END.
